medio,fecha,titulo,autor,url,resumen,tags
La República,2026-06-20 22:27:09,"Keiko Fujimori celebra virtual triunfo en evento por el Día del Padre: “Sí se pudo, se vienen cinco años de grandes retos”",Silvana Quiñonez,https://larepublica.pe/politica/2026/06/20/keiko-fujimori-celebra-virtual-triunfo-en-evento-por-el-dia-del-padre-si-se-pudo-se-vienen-cinco-anos-de-grandes-retos-hnews-472400,"Durante una actividad por el Día del Padre realizada en Villa El Salvador, la lideresa de Fuerza Popular agradeció el respaldo de sus simpatizantes y aseguró que, en un eventual gobierno, derrotaría a la delincuencia. Sus declaraciones se producen cuando el conteo oficial de votos de la segunda vuelta electoral aún no concluye al 100%.","Keiko Fujimori, Elecciones 2026"
La República,2026-06-20 22:14:19,"ERM 2026: conoce a los candidatos a los gobiernos regionales de Callao, Cusco, Arequipa y La Libertad",Ariadna Yaya,https://larepublica.pe/politica/2026/06/20/erm-2026-conoce-a-los-candidatos-a-los-gobiernos-regionales-de-callao-cusco-arequipa-y-la-libertad-hnews-1344200,"Figuras conocidas de la política nacional y regional, como Verónika Mendoza, Pedro Spadaro, Elmer Cáceres Llica y Daniel Salaverry, participarán en la contienda electoral para gobernar cuatro de las regiones más importantes del país.","Elecciones 2026, Callao, Cusco, Arequipa, La Libertad"
La República,2026-06-20 20:01:47,Elecciones Regionales y Municipales 2026: conoce los perfiles de los candidatos a la alcaldía de Lima,Ariadna Yaya,https://larepublica.pe/politica/2026/06/20/elecciones-regionales-y-municipales-2026-conoce-los-perfiles-de-los-candidatos-a-la-alcaldia-de-lima-hnews-1652020,"Políticos como Daniel Urresti, Carlos Bruce y Susel Paredes buscarán posicionarse en la contienda, mientras nuevos postulantes de partidos emergentes también querrán captar el voto limeño.","Elecciones 2026, Municipalidad de Lima"
La República,2026-06-10 02:12:51,Michael Shifter: “Richard Nixon es Ghandi comparado con Donald Trump”,Gabriel Ruiz Ortega,https://larepublica.pe/mundo/2026/06/10/michael-shifter-richard-nixon-es-ghandi-comparado-con-donald-trump-hnews-209300,"América Latina está cada vez más fragmentada y polarizada, con poca colaboración entre países. La política de Trump hacia la región podría reforzarse, lo que complicaría aún más la relación con China y su influencia económica en Perú.","Impresa, Donald Trump, Xi Jinping, China, Estados Unidos, Segunda Guerra Mundial, Irán, Venezuela, Ecuador, Colombia, Gustavo Petro, Congreso del Perú, América latina"
La República,2026-06-20 17:14:41,Municipalidad de Lima: 22 candidatos a la alcaldía se inscribieron para estas ERM 2026,Ariadna Yaya,https://larepublica.pe/politica/2026/06/20/municipalidad-de-lima-22-candidatos-a-la-alcaldia-se-inscribieron-para-estas-erm-2026-hnews-758060,"Un total de 22 postulantes buscan convertirse en el próximo alcalde de Lima Metropolitana para el periodo 2027-2030. Entre los aspirantes figuran Carlos Burce, Susel Paredes, Francis Allison, Ricardo Belmont, entre otros dirigentes políticos y representantes de diversas agrupaciones que competirán en las Elecciones Regionales y Municipales de 2026.","Elecciones 2026, Municipalidad de Lima"
La República,2026-06-15 20:07:39,Jafar Panahi condenado a prisión y el Colegio de Artistas del Perú,Gabriel Ruiz Ortega,https://larepublica.pe/cultural/2026/06/15/jafar-panahi-condenado-a-prision-y-el-colegio-de-artistas-del-peru-hnews-457485,"Los extremos buscan regular el espíritu crítico del arte. Lo sucedido con el genial cineasta iraní guarda relación con la creación del Colegio de Artistas del Perú por cuenta del actual Congreso. Como van las cosas en el mundo, a esos niveles se podría llegar. Se vienen tiempos oscuros.&nbsp;","Impresa, Cine, Irán, Festival de Cannes, Ley de Cine, Congreso del Perú, Fuerza Popular, Alianza para el Progreso, Renovación Popular"
La República,2026-06-20 14:30:03,Daniel Urresti postula a la alcaldía de Lima por Podemos Perú,Ariadna Yaya,https://larepublica.pe/politica/2026/06/20/daniel-urresti-postula-a-la-alcaldia-de-lima-por-podemos-peru-hnews-1806880,"El exministro del Interior confirmó su participación en las elecciones municipales del próximo 4 de octubre y aseguró que buscará convertir a Lima en una ciudad con mayor seguridad, orden y mejores condiciones para sus ciudadanos.","Elecciones 2026, Daniel Urresti, Municipalidad de Lima"
La República,2026-06-20 11:39:23,Colcabamba: 12 meses de prisión para 8 militares que mataron a 5 jóvenes,Rosmery Tapara,https://larepublica.pe/politica/2026/06/20/colcabamba-12-meses-de-prision-para-8-militares-que-mataron-a-5-jovenes-ejercito-peruano-fiscalia-hnews-393500,"Fiscalía acreditó ante el juzgado que los acusados se excedieron en el uso de la fuerza, no tuvieron el propósito de detener a las víctimas e intentaron modificar la escena del crimen para presentar a las víctimas como supuestos narcotraficantes.","Ejército peruano, Poder Judicial, Ministerio Público"
La República,2026-06-20 11:23:29,"Claudia Cisneros rechaza denuncia de la Procuraduría en su contra: ""No aceptaré que se criminalice mi actividad""",Ariadna Yaya,https://larepublica.pe/politica/2026/06/20/claudia-cisneros-rechaza-denuncia-de-la-procuraduria-en-su-contra-no-aceptare-que-se-criminalice-mi-actividad-hnews-470060,"La periodista calificó como un acto de persecución política la denuncia de la Procuraduría presentada en su contra por respaldar movilizaciones ciudadanas. Además, sostuvo que expresar opiniones políticas y cuestionar a las autoridades son derechos protegidos por la Constitución.","Claudia Cisneros, Juntos Por el Perú, Marchas en Lima"
La República,2026-06-20 10:30:36,"López Aliaga deja entrever que Luis Rubio no cumpliría los 4 años de alcaldía si gana: ""Ya es voluntad de él""",Ariadna Yaya,https://larepublica.pe/politica/2026/06/20/lopez-aliaga-deja-entrever-que-luis-rubio-no-cumpliria-los-4-anos-de-alcaldia-si-gana-ya-es-voluntad-de-el-hnews-1629580,"Rafael López Aliaga afirmó que solicitó a Luis Rubio mantenerse durante los cuatro años de gestión si gana la alcaldía de Lima, pero admitió que la decisión dependerá de él. Si Rubio deja el cargo antes de concluir el mandato, el líder de Renovación Popular podría asumir la alcaldía como teniente alcalde.","Rafael López Aliaga, Elecciones 2026, Municipalidad de Lima"
La República,2026-06-19 14:46:14,Confirmado: Mininter comprará sin licitación 31.045 pistolas israelíes que tendrían sobreprecio,Ángel Páez,https://larepublica.pe/politica/2026/06/19/confirmado-mininter-comprara-sin-licitacion-31045-pistolas-israelies-que-tendrian-sobreprecio-ministerio-del-interior-hnews-387087,"Grisura. En noviembre de 2025, la compañía IWI pidió US$949 por cada arma, y en abril de este año la empresa estatal FAME solicitó US$1,049: Según el ministro del Interior, José Zapata, su despacho hará la adquisición por intermedio de FAME.","Ministerio del Interior, José María Balcázar"
La República,2026-06-19 16:11:06,"Capitán del Ejército extorsionaba a empresario de Pataz: “Tengo todos los medios para joderte, tengo hasta un dron”",Doris Aguirre,https://larepublica.pe/politica/2026/06/19/capitan-ep-extorsionaba-a-empresario-de-pataz-tengo-todos-los-medios-para-joderte-hasta-un-dron-hnews-888136,"Detenido. El capitán EP Gary Chiroque Barreno estaba asignado como jefe de inteligencia del Comando Unificado Pataz (CUPAZ) para combatir a los extorsionadores que pululan en la zona, pero el oficial terminó convirtiéndose en uno de ellos.","Policía Nacional del Perú, Ministerio de Defensa, Ejército peruano"
La República,2026-06-19 21:39:03,JNE declara improcedente apelaciones de Juntos por el Perú para anular mesas en Lima y EE.UU.,Ariadna Yaya,https://larepublica.pe/politica/2026/06/19/jne-declara-improcedente-apelaciones-de-juntos-por-el-peru-para-anular-mesas-en-lima-y-eeuu-hnews-945706,"La resolución del Jurado Nacional de Elecciones ratifica la validez de los resultados en 1.751 mesas de Lima Metropolitana y 647 instaladas en Estados Unidos, cuyos votos habían sido cuestionados por la agrupación de Roberto Sánchez.","JNE, Juntos Por el Perú"
La República,2026-06-19 05:00:00,Marchas en Lima: simpatizantes de Juntos por el Perú protestan por resultados de la segunda vuelta,Mauricio Muñoz,https://larepublica.pe/politica/2026/06/19/marchas-en-lima-en-vivo-simpatizantes-de-juntos-por-el-peru-protestan-por-resultados-de-la-segunda-vuelta-entre-roberto-sanchez-y-keiko-fujimori-hnews-526014,Cientos de ciudadanos se movilizan en el Centro Histórico con el fin de concentrarse en el Campo de Marte. Sánchez sostuvo que la movilización será pacífica y ordenada.,"Marchas en Lima, Roberto Sánchez"
La República,2026-06-19 19:58:31,Marcha por el voto en Lima: Sánchez lideró movilización marcada por presencia policial,Ariadna Yaya,https://larepublica.pe/politica/2026/06/19/marcha-por-el-voto-en-lima-sanchez-lidero-movilizacion-marcada-por-presencia-policial-hnews-652517,La protesta convocada por Juntos por el Perú reunió a simpatizantes en distintos puntos de la capital. La Policía desplegó más de 7.000 efectivos y coordinó previamente con los organizadores para garantizar el desarrollo de la jornada y prevenir hechos de violencia.,"Marchas en Lima, Roberto Sánchez, PNP"
La República,2026-06-19 18:37:52,Roberto Sánchez rechaza denuncia de la Procuraduría contra dirigentes de JP y otros ciudadanos por convocar a marcha,Mauricio Muñoz,https://larepublica.pe/politica/2026/06/19/roberto-sanchez-rechaza-denuncia-de-la-procuraduria-contra-dirigentes-de-jp-y-otros-ciudadanos-por-convocar-a-marcha-hnews-542070,"El candidato de Juntos por el Perú señaló que se encuentra amparado por el derecho a la protesta pacífica. Además, el Ministerio del Interior rechazó la solicitud del partido para acceder a garantías de protección del orden público durante la protesta.","Roberto Sánchez, Juntos Por el Perú"
La República,2026-06-18 19:01:40,"Juliana Oxenford sobre Juntos por el Perú: ""No gritan fraude, pero lo dicen entre líneas""",La República,https://larepublica.pe/politica/2026/06/18/juliana-oxenford-eleccion-definida-y-rechazo-al-fraude-322344,Juliana Oxenford sostiene que la tendencia favorece a Keiko Fujimori y rechaza denuncias de fraude electoral que buscan desconocer el voto del extranjero.,
La República,2026-06-18 19:29:52,"Juliana Oxenford cuestiona al Congreso por cambiar reglas electorales: ""Lo que les interesa es no perder el financiamiento público""",La República,https://larepublica.pe/politica/2026/06/18/juliana-oxenford-congreso-manipula-reglas-para-proteger-partidos-968886,Juliana Oxenford critica las modificaciones del Congreso que reducen exigencias para la inscripción de partidos y las vincula a la protección del financiamiento público de Fuerza Popular.,
La República,2026-06-18 21:40:16,Familiares de víctimas de militares exigen justicia por 22 mil desaparecidos entre 1980 y 2000,La República,https://larepublica.pe/politica/2026/06/18/doris-exige-politica-publica-y-presupuesto-para-buscar-desaparecidos-1783152,"Doris Caqui, esposa de Teófilo Rimac, cuestiona más de 40 años de impunidad para altos mandos militares.",Desaparecidos Perú
La República,2026-06-19 16:46:07,Jurado Nacional de Elecciones proclamó a Rafael López Aliaga como senador electo,Mauricio Muñoz,https://larepublica.pe/politica/2026/06/19/jurado-nacional-de-elecciones-proclamo-a-rafael-lopez-aliaga-como-senador-electo-hnews-1078535,"A pesar de su elección, López Aliaga anunció que no jurará como congresista. El líder de Renovación Popular busca volver a la municipalidad.","JNE, Rafael López Aliaga"
La República,2026-06-19 16:45:14,Congreso bicameral: JNE proclamó resultados de senadores y diputados para el periodo 2026-2031,Diego Alva,https://larepublica.pe/politica/2026/06/19/congreso-bicameral-jne-proclamo-resultados-de-senadores-y-diputados-para-el-periodo-20262031-hnews-1849650,PLENO. Rafael López Aliaga fue proclamado como senador electo por Renovación Popular. JNE aclaró que solo cinco partidos pasaron la valla electoral y la entrega de credenciales será entre el 25 y 26 de junio próximo.,
La República,2026-06-19 15:23:58,"Salvador Heresi: ""Aspiración de López Aliaga a ser regidor de Lima es ilegal e inconstitucional""",Narda Saavedra,https://larepublica.pe/politica/2026/06/19/salvador-heresi-aspiracion-de-lopez-aliaga-a-ser-regidor-de-lima-es-ilegal-e-inconstitucional-hnews-1012510,"El exministro de Justicia explicó que el JNE debe hacer respetar la voluntad popular de quienes eligieron como senador a López Aliaga. “El cargo de Senador no le pertenece a RLA sino a la representación política otorgada por el electorado conforme a la Constitución”, mencionó.",Rafael López Aliaga
La República,2026-02-14 22:37:41,"Jaime Bayly: “Los políticos peruanos, sean de izquierda o de derecha, siempre encuentran la manera de decepcionarte”",Gabriel Ruiz Ortega,https://larepublica.pe/politica/2026/02/14/jaime-bayly-los-politicos-peruanos-sean-de-izquierda-o-de-derecha-siempre-encuentran-la-manera-de-decepcionarte-hnews-1110858,"En esta entrevista exclusiva, Jaime Bayly reflexiona sobre su trayectoria literaria, su relación con Vargas Llosa y la situación política en Perú, al tiempo que destaca el poder como un narcótico adictivo. ""Los golpistas"", su nueva novela, se enmarca en un contexto cambiante en Venezuela y Cuba, presentando a Chávez y Fidel Castro como figuras seductoras y despiadadas del ejercicio del poder.","Impresa, Jaime Bayly, Mario Vargas Llosa, Fidel Castro, Hugo Chávez, Gabriel García Márquez, Venezuela, Cuba, José Jerí, Rafael López Aliaga, Donald Trump"
La República,2026-06-19 14:59:49,ANC del Ministerio Público inicia investigación contra el fiscal Germán Juárez Atoche,Ariadna Yaya,https://larepublica.pe/politica/2026/06/19/anc-del-ministerio-publico-inicia-investigacion-contra-el-fiscal-german-juarez-atoche-hnews-1364390,La entidad informó que la pesquisa busca determinar si corresponde abrir un procedimiento disciplinario formal contra Germán Juárez Atoche por presuntos hechos vinculados a la manipulación de un expediente de colaboración eficaz difundido recientemente.,"Ministerio Público, Fiscalía, Germán Juárez Atoche"
La República,2026-06-19 13:09:30,"JNE proclamará hoy resultados de senadores, diputados y parlamentarios andinos",Narda Saavedra,https://larepublica.pe/politica/2026/06/19/jne-proclamara-hoy-resultados-de-senadores-diputados-y-parlamentarios-andinos-hnews-808830,"El evento se desarrollará en la sede del JNE, ubicada en Jesús María, a las 3 de la tarde.",JNE
La República,2026-06-19 09:56:34,Rafael López Aliaga envía carta notarial al JNE para que no le entreguen credenciales de senador,Narda Saavedra,https://larepublica.pe/politica/2026/06/19/rafael-lopez-aliaga-asegura-que-envio-carta-notarial-al-jne-para-que-no-le-entreguen-credenciales-de-senador-hnews-1689214,"En el documento solicitó que le entreguen las credenciales a su accesitario, el ingeniero Absalón Vásquez.","Rafael López Aliaga, JNE"
La República,2026-06-19 11:12:32,Homicidios en Perú: Más de 959 crímenes en el primer semestre el año,Óscar Chumpitaz,https://larepublica.pe/politica/2026/06/19/homicidios-en-peru-mas-de-959-crimenes-en-el-primer-semestre-el-ano-inseguridad-hnews-1820105,"Para el analista de datos Juan Carbajal, tal cantidad es aún mayor ya que hay alrededor de 130 registros de muertes violentas por bala que han sido clasificadas como ‘ignoradas’. También sostiene que no hay reducción de las extorsiones, como afirman la PNP y el Ministerio del Interior.","Crímenes, Extorsión, Sicariato, Crimen organizado"
La República,2026-06-18 19:03:50,JNE evalúa si acepta pedido de nulidad de mesas en Lima: más de 43 mil votos en juego,Ariadna Yaya,https://larepublica.pe/politica/2026/06/18/jne-decidira-manana-si-acepta-pedido-de-nulidad-de-mesas-en-lima-mas-de-43-mil-votos-en-juego-hnews-1139454,"El Jurado Nacional de Elecciones analizará una solicitud que busca anular decenas de mesas de sufragio en Lima. De ser declarada fundada, Fuerza Popular perdería más votos que Juntos por el Perú, lo que podría alterar el resultado preliminar de la elección presidencial.","JNE, Elecciones 2026, Fuerza Popular, Juntos Por el Perú"
La República,2026-06-18 21:18:16,Colcabamba: Juez resolverá hoy si 8 militares irán a prisión por 18 meses,Rosmery Tapara,https://larepublica.pe/politica/2026/06/18/colcabamba-juez-resolvera-hoy-si-8-militares-iran-a-prision-por-18-meses-ejercito-peruano-poder-judicial-ministerio-publico-hnews-617256,"El fiscal Jhoel Chamorro los acusa de presunto homicidio calificado, ya que no tuvieron la intención de detener a los jóvenes que se encontraban en la camioneta en la que viajaban. Los numerosos disparos que hicieron los efectivos del Ejército evidenciarían que no planificaron capturar a nadie.","Ejército peruano, Ministerio Público, Fiscalía, Poder Judicial"
La República,2026-06-18 21:05:20,"Roberto Sánchez sobre los 'yapeos' a Juntos por el Perú: ""Nosotros no hicimos cócteles""",Mauricio Muñoz,https://larepublica.pe/politica/2026/06/18/roberto-sanchez-sobre-los-yapeos-a-juntos-por-el-peru-nosotros-no-hicimos-cocteles-hnews-278748,"En su conferencia de prensa, el candidato de Juntos por el Perú valoró los aportes de simpatizantes para cubrir gastos de nulidad en mesas de sufragio en Lima y el extranjero.",
La República,2026-06-18 17:08:15,Rosa María Palacios sostiene que el Congreso modificó ley electoral para favorecer a Fuerza Popular y Obras,La República,https://larepublica.pe/politica/2026/06/18/rosa-maria-palacios-cambio-legal-favorece-a-fuerza-popular-319248,"Rosa María Palacios advirtió que la reducción de exigencias al 30% en la presentación de listas busca salvar el registro de agrupaciones como Obras. Además, expertos señalan que el cambio de la norma es inconstitucional.",
La República,2026-06-18 17:42:26,"Carlos Bruce sobre Rafael López Aliaga: ""Su postulación es un fraude a la ley""",La República,https://larepublica.pe/politica/2026/06/18/carlos-bruce-inscripcion-de-lopez-aliaga-es-fraude-a-la-ley-hnews-1632654,Carlos Bruce afirmó que la inscripción de Rafael López Aliaga como teniente alcalde constituye un fraude a la ley y una maniobra para burlar la prohibición de reelección.,"Rafael López Aliaga, Rosa María Palacios, Municipalidad de Lima"
La República,2026-06-18 20:26:44,Carlos Rivera advierte riesgo de impunidad en protestas si militares son  juzgados ante fuero castrense,Jazmín Bianchi,https://larepublica.pe/politica/2026/06/18/rivera-advierte-riesgo-de-impunidad-en-protestas-si-militares-son-juzgados-ante-fuero-castrense-hnews-1575756,"Carlos Rivera, abogado de IDL, advierte que la norma que traslada juicios a fueros castrenses puede obstaculizar la justicia por muertes en las protestas contra Dina Boluarte.","Carlos Rivera, Protestas"
La República,2026-06-18 19:13:18,Ex presidente Toledo afirma que la coima de Odebrecht por la Interoceánica es de más de US$ 45 millones,César Romero Calle,https://larepublica.pe/politica/2026/06/18/ex-presidente-toledo-afirma-coima-de-odebrecht-por-interoceanica-us-45-millones-hnews-355374,"Pide a los jueces activar la cooperación judicial internacional para conocer la ruta y el beneficiario final del dinero que permanecería en una cuenta en Zúrich. Además, afirma que le queda poco tiempo de vida.",
La República,2026-06-18 18:39:10,La Cámara de Diputados toma forma: alianzas definirán el próximo quinquenio,Mauricio Muñoz,https://larepublica.pe/politica/2026/06/18/la-camara-de-diputados-toma-forma-alianzas-definiran-el-proximo-quinquenio-hnews-801180,"JUEGO DE ALIANZAS. Aunque Fuerza Popular será la primera fuerza en la Cámara de Diputados con 41 curules, no contará con los votos suficientes para imponer su agenda sin apoyo de otras bancadas. Entre figuras experimentadas y nuevos rostros, la construcción de mayorías marcará el rumbo del Parlamento durante el periodo 2026-2031. En la Cámara de Diputados se disputarán los primeros debates de los próximos proyectos legislativos.",Congreso del Perú
La República,2026-06-18 07:02:48,Papa León XIV visitará Perú en noviembre: presidente José María Balcázar confirma fecha de llegada,Ivett Meza,https://larepublica.pe/politica/2026/06/18/papa-leon-xiv-visitara-peru-en-noviembre-presidente-jose-maria-balcazar-confirma-fecha-de-llegada-mdga-573048,"Tras una audiencia en el Vaticano, el presidente Balcázar confirmó que el papa León XIV llegará al Perú la primera quincena de noviembre de 2026. Su visita será de entre 8 y 10 días y planea visitar Lima, Chiclayo, Piura, Cusco y Pucallpa.","Papa León XIV, José María Balcázar"
La República,2026-06-18 18:12:40,Rafael López Aliaga no puede renunciar al Senado y Renovación Popular quedaría sin escaño,Narda Saavedra,https://larepublica.pe/politica/2026/06/18/curul-de-lopez-aliaga-en-el-senado-quedaria-desierto-tras-su-decision-de-no-asumir-el-cargo-hnews-1028970,"Sin embargo, no es el único escenario. El abogado constitucionalista Heber Joel Campos considera que el Jurado Nacional de Elecciones sí convocará a un accesitario, en caso de que López Aliaga no acepte las credenciales de senador.","Rafael López Aliaga, Renovación Popular"
La República,2026-06-18 18:09:42,Rosa María Palacios advierte sobre el retiro del fiscal Juárez Atoche y sus riesgos para el caso Lava Jato,Jazmín Bianchi,https://larepublica.pe/politica/2026/06/18/rosa-maria-palacios-sobre-juarez-atoche-y-riesgo-en-lava-jato-1775682,El fiscal Germán Juárez Atoche fue retirado de la coordinación del caso Lava Jato por una denuncia de cohecho.,
La República,2026-06-18 16:38:45,Susel Paredes propone derogar ley que crea el Colegio Profesional de Artistas del Perú,Narda Saavedra,https://larepublica.pe/politica/2026/06/18/susel-paredes-propone-derogar-ley-que-crea-el-colegio-profesional-de-artistas-del-peru-hnews-1737396,"La norma también impide que inhabilitados para la función pública asuman cargos en colegios profesionales. Esto, en la práctica, apartaría a Delia Espinoza de su cargo como decana del Colegio de Abogados de Lima.","Susel Paredes, Delia Espinoza"
La República,2026-06-18 13:19:48,ONU exhorta al Perú no aprobar ley que favorecería la impunidad de policías y militares,Ariadna Yaya,https://larepublica.pe/politica/2026/06/18/onu-exhorta-al-peru-no-aprobar-ley-que-favoreceria-la-impunidad-de-policias-y-militares-hnews-889488,"El Alto Comisionado de las Naciones Unidas para los Derechos Humanos, Volker Türk, pidió al Estado peruano no aprobar la norma impulsada por el Congreso que amplía las competencias de la jurisdicción militar-policial. El organismo advirtió que los casos de presuntas violaciones de derechos humanos deben ser investigados y juzgados por tribunales ordinarios, independientes e imparciales.","ONU, PNP, Congreso del Perú"
La República,2026-06-18 14:08:54,"Roberto Sánchez confirma que participará en marcha nacional: ""Nuestro pueblo viene mañana""",Ariadna Yaya,https://larepublica.pe/politica/2026/06/18/roberto-sanchez-confirma-que-participara-en-marcha-nacional-nuestro-pueblo-viene-manana-hnews-374112,"El candidato presidencial de Juntos por el Perú anunció que acudirá a la movilización convocada para este 19 de junio y aseguró que su organización coordina medidas para evitar infiltrados, actos de violencia o cualquier incidente durante la protesta.","Roberto Sánchez, Juntos Por el Perú, Elecciones 2026"
La República,2026-06-18 12:06:55,Tres ministros de Estado acompañaron al presidente Balcázar en su visita al Vaticano,Narda Saavedra,https://larepublica.pe/politica/2026/06/18/tres-ministros-de-estado-acompanaron-al-presidente-balcazar-en-su-visita-al-vaticano-hnews-900342,"La delegación también estuvo conformada por el secretario general de Palacio de Gobierno, el general de brigada EP y el secretario de Seguridad.","José María Balcázar, Vaticano, Papa León XIV"
La República,2026-06-18 09:36:33,Presidente José Balcázar se reunió con el Papa León XIV en el Vaticano,Narda Saavedra,https://larepublica.pe/politica/2026/06/18/presidente-jose-balcazar-se-reunio-con-el-papa-leon-xiv-en-el-vaticano-hnews-1700604,El mandatario aseguró que el encuentro se prolongó por casi dos horas en lugar de los 30 minutos programados inicialmente.,"José María Balcázar, Papa León XIV, Vaticano"
La República,2026-06-18 10:22:44,Trabajadores del Congreso reciben bono de S/11 mil por decisión de la Mesa Directiva,Ariadna Yaya,https://larepublica.pe/politica/2026/06/18/congreso-trabajadores-reciben-bono-de-s11-mil-por-decision-de-la-mesa-directiva-hnews-1707516,Los más de 3.600 servidores del Parlamento accedieron a un beneficio extraordinario equivalente a dos UIT. El desembolso se suma a otros pagos aprobados este año.,Congreso del Perú
La República,2026-06-18 07:38:26,Fuerza Popular aún no inscribe a ningún candidato para las Elecciones Regionales y Municipales,Diego Alva,https://larepublica.pe/politica/2026/06/18/fuerza-popular-aun-no-inscribe-a-ningun-candidato-para-las-elecciones-regionales-y-municipales-hnews-843498,Contienda. Partido que lleva la delantera en la segunda vuelta no ha presentado ninguna de las 358 listas de candidatos esperadas para estas elecciones regionales y municipales. Solo quedan 48 horas para que venza el plazo de inscripción.,Fuerza Popular
La República,2026-06-18 09:04:04,Renzo Reggiardo descarta candidatura en las Elecciones Regionales y Municipales,Narda Saavedra,https://larepublica.pe/politica/2026/06/18/renzo-reggiardo-descarta-candidatura-en-las-elecciones-regionales-y-municipales-hnews-1356714,"En su lugar, indicó que se enfocará en culminar adecuadamente su periodo en la alcaldía de Lima.",Renzo Reggiardo
La República,2026-06-18 08:54:31,Josefina Miró Quesada denuncia el proyecto que busca convertir el mes del orgullo en el mes de la familia como un ataque homófobo,César Romero Calle,https://larepublica.pe/politica/2026/06/18/josefina-miro-quesada-critica-al-proyecto-que-reduce-el-mes-del-orgullo-324882,Josefina Miró Quesada calificó como homófobo y retrógrado el proyecto que pretende sustituir el mes del orgullo por el mes de la familia y advirtió su impacto en derechos y educación,Elecciones 2026
La República,2026-06-18 08:44:40,Ernesto Zunini: Juntos por el Perú exige transparencia por cambios en reglas para el voto en el exterior,César Romero Calle,https://larepublica.pe/politica/2026/06/18/ernesto-zunini-exige-transparencia-por-voto-en-el-exterior-elecciones-2026-968472,Ernesto Zunini afirmó que Juntos por el Perú agotará recursos legales para aclarar cambios en normas sobre el voto en el exterior y pidió transparencia sin llamar a la violencia.,
La República,2026-06-18 08:44:40,Ernesto Zunini: Juntos por el Perú exige transparencia por cambios en reglas para el voto en el exterior,César Romero Calle,https://larepublica.pe/politica/2026/06/18/ernesto-zunini-exige-transparencia-por-voto-en-el-exterior-elecciones-2026-968472,Ernesto Zunini afirmó que Juntos por el Perú agotará recursos legales para aclarar cambios en normas sobre el voto en el exterior y pidió transparencia sin llamar a la violencia.,
La República,2026-06-18 08:33:34,José Domingo Pérez advierte que las instituciones judiciales fueron 'capturadas' y alerta por un retroceso en la independencia,César Romero Calle,https://larepublica.pe/politica/2026/06/18/fiscal-jose-domingo-perez-alerta-sobre-captura-de-la-justicia-531198,"José Domingo Pérez afirmó que las instituciones judiciales han sido capturadas por intereses políticos, advirtió sobre la pérdida de independencia y alertó sobre el riesgo para jueces y expedientes.","José Domingo Pérez, Equipo Especial Lava Jato, Odebrecht"
La República,2026-06-18 08:21:50,Rosa María Palacios critica la inconsistencia judicial tras archivar el caso Cócteles mientras otros siguen presos,César Romero Calle,https://larepublica.pe/politica/2026/06/18/rosa-maria-palacios-critica-desigualdad-caso-cocteles-ollanta-humala-1370394,"Rosa María Palacios criticó la desigual aplicación de la justicia tras el archivo del caso Cócteles y el mantenimiento de prisión de otras personas en causas relacionadas, y pidió coherencia judicial.",
La República,2026-06-18 08:08:14,Rafael Vela denuncia politización de la justicia y dice que su salida del Ministerio Público es una represalia,César Romero Calle,https://larepublica.pe/politica/2026/06/18/rafael-vela-denuncia-politizacion-justicia-fiscalia-lava-jato-hnews-1416438,Rafael Vela afirma que las medidas en su contra responden a una campaña de politización de la justicia y anuncia que apelará y agotará recursos para defender su independencia,
La República,2026-06-18 07:59:03,Manuela Camacho denuncia bono de 2 UIT al personal del Congreso y lo vincula a un patrón de saqueo,César Romero Calle,https://larepublica.pe/politica/2026/06/18/manuela-camacho-critica-bono-del-congreso-526878,"Manuela Camacho criticó la entrega de un bono de dos UIT a todo el personal del Congreso y denunció que la medida se aprobó sin transparencia, en medio de prioridades públicas postergadas.",
La República,2026-06-13 16:02:33,Resultados ONPE EN VIVO: cifras actualizadas y quién va ganando las elecciones,Jazmín Bianchi,https://larepublica.pe/politica/2026/06/13/resultados-onpe-actualizados-en-vivo-como-va-el-conteo-y-quien-va-ganando-la-segunda-vuelta-de-las-elecciones-2026-hnews-200200,"Sigue el conteo oficial de la ONPE minuto a minuto. Conoce cómo avanza el conteo de actas a nivel nacional y el voto en el extranjero, en una definición voto a voto entre Roberto Sánchez y Keiko Fujimori por la presidencia del Perú.","ONPE, Elecciones 2026"
La República,2026-06-17 23:18:13,"Roberto Sánchez anuncia conferencia de prensa para este jueves 18: ""Juntos por el Perú tiene anuncios""",Mauricio Muñoz,https://larepublica.pe/politica/2026/06/17/roberto-sanchez-anuncia-conferencia-de-prensa-para-este-jueves-18-juntos-por-el-peru-tiene-anuncios-hnews-1504381,"Aún se desconoce el lugar del evento y los temas a discutir. Recientemente, el partido logró que su apelación en el pedido de nulidad de mesas de sufragio en Lima fuera admitida.","Juntos Por el Perú, Roberto Sánchez"
La República,2026-06-17 21:19:27,Senado queda listo al 100% y a la espera de entrega de credenciales,Mauricio Muñoz,https://larepublica.pe/politica/2026/06/17/senado-queda-listo-al-100-y-a-la-espera-de-entrega-de-credenciales-hnews-1108077,"MAYORÍAS Y CONTRAPESOS. Fuerza Popular podría articular un bloque de 30 senadores junto a Renovación Popular. Frente a ese bloque conservador, Juntos por el Perú, Ahora Nación y eventuales aliados buscarán ejercer oposición en una Cámara Alta donde las alianzas serán clave para definir el rumbo legislativo entre 2026 y 2031. El Senado tendrá la última palabra sobre las normas aprobadas por la Cámara de Diputados y se encargará de fiscalizar al nuevo presidente.","Congreso del Perú, Elecciones 2026"
La República,2026-06-17 18:53:53,Congreso cambia reglas electorales para las ERM 2026 y beneficia a partidos que no alcanzaron mínimo de candidatos,Ariadna Yaya,https://larepublica.pe/politica/2026/06/17/congreso-cambia-reglas-electorales-para-las-erm-2026-y-beneficia-a-partidos-que-no-alcanzaron-minimo-de-candidatos-hnews-1374178,Una modificación incorporada en la Ley de Organizaciones Políticas redujo de 50% a 30% el requisito de participación regional para conservar la inscripción partidaria. La nueva norma beneficia directamente a agrupaciones que no alcanzaban el mínimo exigido por la legislación anterior.,"Elecciones 2026, Congreso del Perú, Fuerza Popular"
La República,2026-06-07 06:00:00,"“Tío Luigi”, el jefe de la mafia que se apropiaba de las casas de los muertos",Doris Aguirre,https://larepublica.pe/politica/2026/06/07/tio-luigi-el-jefe-de-la-mafia-que-se-apropiaba-de-las-casas-de-los-muertos-hnews-479682,"Cabecilla. Luis Alberto Pérez contaba con un infiltrado en Sedapal que le pasaba información sobre viviendas abandonadas por propietarios recién fallecidos que habían dejado de pagar el servicio de agua potable. Pero desconfió de un socio y de un cómplice, a quienes ordenó asesinar, lo que puso en evidencia a su organización criminal.","Ministerio Público, Policía Nacional del Perú, Sunarp, Sedapal"
La República,2026-06-17 17:46:02,Fiscal Germán Juárez es investigado por cohecho y lo retiran de la Coordinación de Lavado de Activos,César Romero Calle,https://larepublica.pe/politica/2026/06/17/german-juarez-investigado-cohecho-coordinador-lavado-de-activos-lava-jato-hnews-964359,La fiscalía anticorrupción encontró graves indicios de un presunto delito de soborno en el trámite de la colaboración eficaz del empresario y corredor de seguros Gustavo Salazar Delgado en el caso Lava Jato.,"Equipo Especial Lava Jato, Odebrecht, Lavado de activos, Germán Juárez Atoche"
La República,2026-06-17 12:13:36,"Eliane Karp pide indulto humanitario para Alejandro Toledo: ""Tengan clemencia con mi esposo""",Jazmín Bianchi,https://larepublica.pe/politica/2026/06/17/alejandro-toledo-elian-karp-pide-indulto-humanitario-para-su-esposo-tengan-clemencia-1670913,"Desde Israel, la exprimera dama solicitó a quien gane la segunda vuelta presidencial que permita al exmandatario cumplir su condena bajo arresto domiciliario debido a su grave estado de salud.","Eliane Karp, Alejandro Toledo, Indulto"
La República,2026-06-17 11:49:37,"Carlos Bruce critica candidatura de Rafael López Aliaga: ""Restaura la reelección de forma fraudulenta""",Ariadna Yaya,https://larepublica.pe/politica/2026/06/17/carlos-bruce-critica-candidatura-de-rafael-lopez-aliaga-restaura-la-reeleccion-de-forma-fraudulenta-hnews-1299990,"El candidato a la Alcaldía de Lima cuestionó la posibilidad de que Rafael López Aliaga participe en las elecciones municipales como teniente alcalde. Según afirmó, dicho mecanismo buscaría mantenerlo en el cargo pese a la prohibición de reelección vigente en el país.","Carlos Bruce, Rafael López Aliaga"
La República,2026-06-17 17:13:50,JEE admite apelación de Juntos por el Perú que busca anular 647 mesas en Estados Unidos,Jazmín Bianchi,https://larepublica.pe/politica/2026/06/17/jee-admite-apelacion-de-juntos-por-el-peru-para-anular-647-mesas-en-estados-unidos-hnews-850034,"El pedido de nulidad de Juntos por el Perú busca invalidar votos de 647 mesas en Nueva York, Carolina del Norte y Salt Lake City.",JNE
La República,2026-06-16 17:13:43,JEE rechaza pedidos de Juntos por el Perú para anular mesas en el extranjero,Jazmín Bianchi,https://larepublica.pe/politica/2026/06/16/jee-rechaza-pedidos-de-juntos-por-el-peru-para-anular-mesas-en-el-extranjero-hnews-839792,"De acuerdo con el JEE de Lima Centro 2, los recursos fueron rechazados por presentarse fuera del plazo legal y no cumplir con el pago de la tasa electoral obligatoria.","Juntos Por el Perú, JNE"
La República,2026-06-17 16:39:54,"Francis Allison critica candidatura de López Aliaga a teniente alcalde: ""Es altamente irrespetuoso con los electores""",Mauricio Muñoz,https://larepublica.pe/politica/2026/06/17/francis-allison-critica-candidatura-de-lopez-aliaga-a-teniente-alcalde-es-altamente-irrespetuoso-con-los-electores-hnews-1055989,Allison cuestionó a López Aliaga por no asumir su cargo como senador y puso en duda la transparencia de las obras realizadas durante su gestión en la Municipalidad de Lima.,"Francis Allison, Rafael López Aliaga, Elecciones 2026"
La República,2026-06-17 12:15:33,Alcalde de Juliaca es investigado por presunta organización criminal vinculada a papeletas de tránsito,Ariadna Yaya,https://larepublica.pe/politica/2026/06/17/alcalde-de-juliaca-es-investigado-por-presunta-organizacion-criminal-vinculada-a-papeletas-de-transito-hnews-1571089,La Fiscalía Anticorrupción y la Policía Nacional allanaron oficinas de la Municipalidad Provincial de San Román y viviendas de investigados. Las pesquisas apuntan a una presunta red que habría favorecido a conductores mediante la alteración o eliminación de sanciones de tránsito.,"Fiscalía, Ministerio Público, Puno, Juliaca"
La República,2026-06-17 10:44:29,"Luis Dyer tras rechazo de pedidos de nulidad en Puno: ""Fuerza Popular no va a apelar""",Jazmín Bianchi,https://larepublica.pe/politica/2026/06/17/luis-dyer-tras-rechazo-de-pedidos-de-nulidad-en-puno-fuerza-popular-no-va-a-apelar-hnews-503642,"El jefe de personeros de Fuerza Popular, Luis Dyer, anunció que el grupo político no apelará los fallos del JEE. Además, criticó la demanda que busca anular los votos de los peruanos en el extranjero.","Fuerza Popular, Puno, Keiko Fujimori"
La República,2026-06-17 09:08:51,Inseguridad: El 45% de peruanos sabe de negocios que han cerrado o restringido sus actividades,Óscar Chumpitaz,https://larepublica.pe/politica/2026/06/17/inseguridad-el-45-de-peruanos-sabe-de-negocios-que-han-cerrado-o-restringido-sus-actividades-extorsion-hnews-544340,"Comerciantes pequeños, bodegueros, dueños de negocios y transportistas operan bajo una lógica de pago obligatorio, en la que negarse puede significar amenazas, ataques o el cierre definitivo. “Durante los últimos cinco años, el 99% de nuestros socios han pasado por problemas de extorsión”, señala Andrés Choy, presidente de la Asociación de Bodegueros del Perú.","Extorsión, Sicariato, Transporte en Lima, Dirincri"
La República,2026-06-17 08:35:28,Ministerio de Justicia completa la Comisión de Gracias Presidenciales,Jazmín Bianchi,https://larepublica.pe/politica/2026/06/17/ministerio-de-justicia-completa-la-comision-de-gracias-presidenciales-hnews-1442569,El órgano encargado de analizar y proponer la concesión de gracias presidenciales ya cuenta con cinco miembros y es presidido por el abogado Magno García.,Ministerio de Justicia
La República,2026-06-17 08:10:07,Capitán PNP que estafó prometiendo el ingreso a esa institución es condenado a 16 años de prisión,Óscar Chumpitaz,https://larepublica.pe/politica/2026/06/17/capitan-pnp-que-estafo-prometiendo-el-ingreso-a-esa-institucion-es-condenado-a-16-anos-de-prision-corrupcion-hnews-610147,"La historia de Vladimir Ramírez Moore, quien además es abogado y fue internado en la cárcel de Ayacucho. Es acusado de estafar a varios jóvenes al prometerles recurrir a sus contactos para ingresar a esa institución del Estado, dependiente del Ministerio del Interior. Cobraba entre S/12.000 y S/30.000 por cada postulante.","Corrupción, Policía Nacional del Perú, Ministerio Público, Poder Judicial"
La República,2026-05-31 10:21:33,El Congreso y el sector cultural: ¿Una agenda sobre o contra el arte?,Estefany Barrientos,https://larepublica.pe/cine-series/2026/05/31/el-congreso-y-el-sector-cultural-una-agenda-sobre-o-contra-el-arte-2238386,"En estos últimos años, la llamada ley anticine ha sido uno de los cambios que más movilizó a los artistas peruanos. Por su lado, los actores hicieron un plantón frente al Congreso por un dictamen que afectaba el derecho de recibir regalías. Ahora, el sector protesta por la creación de un Colegio de Artistas.","Impresa, Domingo, Cine Peruano, Actores y actrices, Congreso del Perú"
La República,2026-06-16 22:59:00,"López Aliaga ataca al sistema electoral: ""Esta ONPE y este JNE deberían desaparecer""",Narda Saavedra,https://larepublica.pe/politica/2026/06/16/rafael-lopez-aliaga-ataca-al-sistema-electoral-esta-onpe-y-este-jne-deberian-desaparecer-hnews-347168,"Su descontento contra el sistema electoral, explicó, lo llevó a decidir no postular al Senado porque significaría ""avalar"" lo sucedido.","Rafael López Aliaga, ONPE, JNE"
La República,2026-06-16 19:47:24,Rafael López Aliaga confirma que no asumirá como senador,Narda Saavedra,https://larepublica.pe/politica/2026/06/16/rafael-lopez-aliaga-confirma-que-no-asumira-como-senador-hnews-605856,"El excandidato presidencial considera que asumir el cargo de senador significaría ""avalar"" al sistema electoral, el cual considera equivocado.","Rafael López Aliaga, Renovación Popular, Congreso del Perú"
La República,2026-06-16 19:54:09,"Rafael López Aliaga busca sacarle la vuelta a la ley: irá como ""teniente alcalde"" junto a Luis Rubio",Narda Saavedra,https://larepublica.pe/politica/2026/06/16/rafael-lopez-aliaga-busca-sacarle-la-vuelta-a-la-ley-ira-como-teniente-alcalde-junto-a-luis-rubio-hnews-1413216,El excandidato presidencial confirmó que Luis Rubio postulará como alcalde de Lima y él como teniente alcalde.,Rafael López Aliaga
La República,2026-06-16 20:15:43,"Rosa María Palacios: ""Todo parece indicar que Keiko Fujimori es la próxima presidenta del Perú""",César Romero Calle,https://larepublica.pe/politica/2026/06/16/rosa-maria-palacios-keiko-fujimori-proxima-presidenta-onpe-jne-hnews-705312,"Rosa María Palacios afirmó que, según los conteos oficiales y la distribución de actas, Keiko Fujimori se perfila como la próxima presidenta del Perú y que la remontada es improbable",
La República,2026-06-16 19:39:26,Poder Judicial archiva definitivamente el caso Cócteles contra Keiko Fujimori,César Romero Calle,https://larepublica.pe/politica/2026/06/16/poder-judicial-archiva-definitivamente-el-caso-cocteles-contra-keiko-fujimori-hnews-194928,"Sala de Apelaciones Nacional rechaza el pedido de la fiscalía para reabrir el caso. La decisión de archivo también alcanza a Fuerza Popular, sus dirigentes y el exesposo de la lideresa política, Mark Vito Villanela. El tribunal tomó la decisión en cumplimiento de la sentencia del Tribunal Constitucional.","Keiko Fujimori, Caso cócteles"
La República,2026-06-16 10:20:45,Fiscalía pide 8 años de cárcel para el general PNP Víctor Zanabria por civiles heridos en las protestas de 2022,Jazmín Bianchi,https://larepublica.pe/politica/2026/06/16/fiscalia-pide-8-anos-de-carcel-para-el-general-pnp-victor-zanabria-por-civiles-heridos-en-las-protestas-de-2022-hnews-447168,"La Fiscalía acusa al exjefe policial y a otros mandos por el delito de 'omisión', al no controlar el uso de la fuerza de sus subordinados durante la represión en las marchas de diciembre del 2022. Zanabria también afronta otro pedido de 35 años de cárcel por homicidio.","PNP, Fiscalía, Ministerio Público, Dina Boluarte"
La República,2026-06-16 18:34:44,"Vocero de Ahora Nación asegura que reconocerán eventual victoria de Keiko Fujimori: ""Habrá que aceptarlo""",Narda Saavedra,https://larepublica.pe/politica/2026/06/16/vocero-de-ahora-nacion-asegura-que-reconoceran-eventual-victoria-de-keiko-fujimori-habra-que-aceptarlo-hnews-452464,"Carlo Magno Salcedo, vocero de Ahora Nación, dejó claro que el partido es demócrata y reconocerá el resultado.","Keiko Fujimori, Elecciones 2026"
La República,2026-06-16 12:05:51,PJ reprograma juicio contra José Balcázar por su viaje al Vaticano para reunirse con el papa León XIV,Jazmín Bianchi,https://larepublica.pe/politica/2026/06/16/jose-maria-balcazar-reprograman-juicio-oral-en-su-contra-para-el-30-de-junio-por-su-viaje-al-vaticano-hnews-653744,El Poder Judicial suspendió el inicio del juicio oral contra José María Balcázar debido a que se encuentra en el Vaticano para reunirse con el papa León XIV. La audiencia fue postergada para el 30 de junio.,"José María Balcázar, Vaticano, Papa León XIV"
La República,2026-06-15 18:08:44,Periodista Pável Yábar denuncia asalto y secuestro con presunto amedrentamiento político,Ariadna Yaya,https://larepublica.pe/politica/2026/06/15/periodista-pavel-yabar-denuncia-asalto-y-secuestro-con-presunto-amedrentamiento-politico-hnews-369345,"El comunicador aseguró que fue interceptado por sujetos armados tras tomar un taxi en Los Olivos. Durante varias horas habría sido retenido, amenazado y obligado a desbloquear su celular. Denuncia quedó registrada en la comisaria Sol de Oro.",Periodista
La República,2026-06-16 16:55:58,"Elecciones Regionales y Municipales: Manuel Merino, Pedro Spadaro y Aldo Carlos Mariños presentan sus candidaturas oficiales",Mauricio Muñoz,https://larepublica.pe/politica/2026/06/16/elecciones-regionales-y-municipales-manuel-merino-pedro-spadaro-y-aldo-carlos-marinos-presentan-sus-candidaturas-oficiales-hnews-1289552,Las tres figuras tienen la mira puesta en gobiernos regionales. El expresidente competirá por la gobernación de Tumbes; Spadaro buscará dejar la alcaldía del Callao para asumir el liderazgo de la región chalaca; y Aldo Mariños intentará suceder a César Acuña en el Gobierno Regional de La Libertad.,"Elecciones 2026, Manuel Merino, Pedro Spadaro Philipps"
La República,2026-06-16 14:57:02,"Vocero de Juntos por el Perú presenta demanda de amparo ante el PJ para anular votos del extranjero: ""Hay una norma que no debió existir""",Narda Saavedra,https://larepublica.pe/politica/2026/06/16/juntos-por-el-peru-presenta-demanda-de-amparo-ante-el-pj-para-anular-votos-del-extranjero-hay-una-norma-que-no-debio-existir-hnews-174096,"Walter Ayala, vocero de Juntos por el Perú, fue quien presentó la denuncia. Negó que estuvieran señalando un fraude en su contra.","Juntos Por el Perú, Roberto Sánchez"
La República,2026-06-16 15:55:04,JEE rechaza pedido de Fuerza Popular que buscaba anular más de 7 mil votos en Puno,Jazmín Bianchi,https://larepublica.pe/politica/2026/06/16/jee-rechaza-pedido-de-fuerza-popular-que-buscaba-anular-mas-de-7-mil-votos-en-puno-hnews-1460720,"El Jurado Electoral Especial (JEE) de San Román rechazó los pedidos de Fuerza Popular al concluir que el partido no presentó ninguna evidencia válida de ""fraude"".","Fuerza Popular, Juntos Por el Perú, Puno, Elecciones 2026"
La República,2026-06-16 13:31:29,"José Domingo Pérez se distancia de Juntos por el Perú y no descarta postular más adelante: ""Es un aspecto en evaluación”",Mauricio Muñoz,https://larepublica.pe/politica/2026/06/16/jose-domingo-perez-se-distancia-de-juntos-por-el-peru-y-no-descarta-postular-mas-adelante-es-un-aspecto-en-evaluacion-hnews-1442816,El exfiscal señaló que su prioridad en estos momentos es la excarcelación de Pedro Castillo. Pérez forma parte del equipo legal del exmandatario.,"José Domingo Pérez, Juntos Por el Perú"
La República,2026-06-16 11:42:50,"Jorge Nieto señala que Keiko Fujimori debería considerar indulto de Pedro Castillo: ""El Perú necesita descomprimirse""",Mauricio Muñoz,https://larepublica.pe/politica/2026/06/16/jorge-nieto-senala-que-keiko-fujimori-deberia-considerar-indulto-de-pedro-castillo-el-peru-necesita-descomprimirse-hnews-1520736,"Además, el excandidato presidencial del Partido del Buen Gobierno descarta su postulación como gobernador de Arequipa.","Jorge Nieto, Keiko Fujimori, Pedro Castillo"
La República,2026-06-15 18:20:59,"Juntos por el Perú pide que ya no les donen para tasas electorales: ""No hemos llegado a la meta""",Narda Saavedra,https://larepublica.pe/politica/2026/06/15/juntos-por-el-peru-pide-que-ya-no-les-donen-para-tasas-electorales-no-hemos-llegado-a-la-meta-hnews-1409685,"“No hemos llegado a esa meta. Ya no esperamos recaudar, vamos a parar. Stop, que ya no yapeen”, declaró la tesorera del partido.","Juntos Por el Perú, Roberto Sánchez"
La República,2026-06-16 09:24:36,"Juntos por el Perú convoca a marcha nacional ""en defensa del voto"" para este 19 de junio",Mauricio Muñoz,https://larepublica.pe/politica/2026/06/16/juntos-por-el-peru-convoca-a-marcha-nacional-en-defensa-del-voto-para-este-19-de-junio-hnews-1501216,"Además, el partido de Roberto Sánchez invocó a vigilias y plantones en diversas partes del país para este miércoles 17 de junio.","Juntos Por el Perú, Roberto Sánchez"
La República,2026-06-16 06:49:00,"Santiago Guardamino: “Mi cabeza está pedida, soy el único que estorba a la empresa Industrias Argüelles”",Rosmery Tapara,https://larepublica.pe/politica/2026/06/16/santiago-guardamino-mi-cabeza-esta-pedida-soy-el-unico-que-estorba-a-la-empresa-industrias-arguelles-quipan-hnews-795525,"En la víspera. En su intervención en la junta de su comunidad, un día antes de que lo mataran, el dirigente declaró que dos sujetos se le acercaron para advertirle que “no se metiera” con la compañía que compró ilícitamente un predio del pueblo de Quipán.","Tráfico de terrenos, Tráfico"
La República,2026-06-16 01:27:57,Rosa Chávez Yacila: “Hay estudios de cómo las personas en pobreza tienen más probabilidad de presentar síntomas depresivos”,Emilio Camacho,https://larepublica.pe/politica/2026/06/16/rosa-chavez-yacila-hay-estudios-de-como-las-personas-en-pobreza-tienen-mas-probabilidad-de-presentar-sintomas-depresivos-hnews-572544,"La maestra, reportera y narradora Rosa Chávez Yacila presenta su primera novela: Las nerviosas (Random House, 2026), un relato autobiográfico que reflexiona sobre un tema que sigue siendo tabú en nuestro país: la relación entre pobreza y la fragilidad emocional. La suma de sus propias memorias y datos duros construye un cuadro que habla de memoria y herencia familiar. Sobre este nuevo trabajo, habla en esta entrevista.","Salud mental, Literatura, Pobreza en Perú, depresión"
La República,2026-06-15 18:21:52,"Rafael López Aliaga busca eludir la prohibición de reelección en Lima, postulando como teniente alcalde",Jazmín Bianchi,https://larepublica.pe/politica/2026/06/15/rafael-lopez-aliaga-busca-eludir-la-prohibicion-de-reeleccion-en-lima-hnews-1303650,"Expertos electorales señalan que la estrategia de Renovación Popular es legalmente viable, pero advierten sobre dos escenarios que podrían otorgarle la alcaldía de facto. A pocos días de que venza el plazo, la lista del partido continúa en fase de borrador ante el JNE.",Rafael López Aliaga
La República,2026-06-09 20:20:28,Resultados ONPE EN VIVO HOY: sigue el conteo oficial y conoce quién gana la segunda vuelta de las Elecciones Perú 2026,Jazmín Bianchi,https://larepublica.pe/politica/2026/06/09/resultados-onpe-en-vivo-hoy-sigue-el-conteo-oficial-y-conoce-quien-gana-la-segunda-vuelta-de-las-elecciones-peru-2026-hnews-568701,La brecha entre Roberto Sánchez y Keiko Fujimori se acorta a medida que avanza el escrutinio de las actas a nivel nacional y del extranjero. Conoce los últimos reportes oficiales de la ONPE de los candidatos que se disputan el sillón presidencial.,"ONPE, Elecciones 2026, Keiko Fujimori, Roberto Sánchez"
La República,2026-06-07 15:37:37,Resultados oficiales ONPE EN VIVO: conteo de votos de la segunda vuelta de Elecciones Perú 2026,Mauricio Muñoz,https://larepublica.pe/politica/2026/06/07/resultados-oficiales-onpe-en-vivo-conteo-de-votos-de-la-segunda-vuelta-de-elecciones-peru-2026-hnews-622951,"Sigue EN VIVO los resultados oficiales de la ONPE de las Elecciones Perú 2026. Revisa el avance del conteo de votos minuto a minuto, actas procesadas y quién lidera la segunda vuelta entre Keiko Fujimori y Roberto Sánchez.","ONPE, Elecciones 2026"
La República,2026-06-15 18:53:27,"ERM 2026: solo se han presentado el 8,8% de las 14.435 candidaturas para las regionales y municipales",Diego Alva,https://larepublica.pe/politica/2026/06/15/erm-2026-solo-se-han-presentado-el-88-de-las-14435-candidaturas-para-las-eleciones-regionales-y-municipales-hnews-327225,"Debido al bajo nivel en la inscripción de candidaturas para las elecciones regionales y municipales, el Jurado Nacional de Elecciones decidió excepcionalmente ampliar el plazo hasta el viernes. En Cusco solo el 2% se ha inscrito y en Piura, el 5%.",
La República,2026-06-15 17:23:05,ONPE al 100% en peruanos en el exterior: quiénes son los senadores y diputados electos en las Elecciones 2026,Ariadna Yaya,https://larepublica.pe/politica/2026/06/15/onpe-al-100-en-peruanos-en-el-exterior-quienes-son-los-senadores-y-diputados-electos-en-las-elecciones-2026-hnews-601245,"Con el 100% de actas contabilizadas por la ONPE, ya se conoce quiénes son los senadores y diputados que representarán a los peruanos en el exterior en el nuevo Congreso de la República para el periodo 2026-2031.","Elecciones 2026, Congreso del Perú"
La República,2026-06-15 17:20:34,ONPE al 100% en Ucayali: quiénes son los senadores y diputados electos en las Elecciones 2026,Ariadna Yaya,https://larepublica.pe/politica/2026/06/15/onpe-al-100-en-ucayali-quienes-son-los-senadores-y-diputados-electos-en-las-elecciones-2026-hnews-845085,"Con el 100% de actas contabilizadas por la ONPE, ya se conoce quiénes son los senadores y diputados que representarán a Ucayali en el nuevo Congreso de la República para el periodo 2026-2031.","Elecciones 2026, Congreso del Perú"
La República,2026-06-15 17:18:18,ONPE al 100% en Tumbes: quiénes son los senadores y diputados electos en las Elecciones 2026,Ariadna Yaya,https://larepublica.pe/politica/2026/06/15/onpe-al-100-en-tumbes-quienes-son-los-senadores-y-diputados-electos-en-las-elecciones-2026-hnews-752715,"Con el 100% de actas contabilizadas por la ONPE, ya se conoce quiénes son los senadores y diputados que representarán a Tumbes en el nuevo Congreso de la República para el periodo 2026-2031.","Elecciones 2026, Congreso del Perú"
La República,2026-06-15 17:16:42,ONPE al 100% en Tacna: quiénes son los senadores y diputados electos en las Elecciones 2026,Ariadna Yaya,https://larepublica.pe/politica/2026/06/15/onpe-al-100-en-tacna-quienes-son-los-senadores-y-diputados-electos-en-las-elecciones-2026-hnews-1136985,"Con el 100% de actas contabilizadas por la ONPE, ya se conoce quiénes son los senadores y diputados que representarán a Tacna en el nuevo Congreso de la República para el periodo 2026-2031.","Elecciones 2026, Congreso del Perú"
La República,2026-06-15 17:14:43,ONPE al 100% en San Martín: quiénes son los senadores y diputados electos en las Elecciones 2026,Ariadna Yaya,https://larepublica.pe/politica/2026/06/15/onpe-al-100-en-san-martin-quienes-son-los-senadores-y-diputados-electos-en-las-elecciones-2026-hnews-737490,"Con el 100% de actas contabilizadas por la ONPE, ya se conoce quiénes son los senadores y diputados que representarán a San Martín en el nuevo Congreso de la República para el periodo 2026-2031.","Elecciones 2026, Congreso del Perú"
La República,2026-06-15 17:12:30,ONPE al 100% en Puno: quiénes son los senadores y diputados electos en las Elecciones 2026,Ariadna Yaya,https://larepublica.pe/politica/2026/06/15/onpe-al-100-en-puno-quienes-son-los-senadores-y-diputados-electos-en-las-elecciones-2026-hnews-1319550,"Con el 100% de actas contabilizadas por la ONPE, ya se conoce quiénes son los senadores y diputados que representarán a Puno en el nuevo Congreso de la República para el periodo 2026-2031.","Elecciones 2026, Congreso del Perú"
La República,2026-06-15 17:10:02,ONPE al 100% en Piura: quiénes son los senadores y diputados electos en las Elecciones 2026,Ariadna Yaya,https://larepublica.pe/politica/2026/06/15/onpe-al-100-en-piura-quienes-son-los-senadores-y-diputados-electos-en-las-elecciones-2026-hnews-1122360,"Con el 100% de actas contabilizadas por la ONPE, ya se conoce quiénes son los senadores y diputados que representarán a Piura en el nuevo Congreso de la República para el periodo 2026-2031.","Elecciones 2026, Congreso del Perú"
La República,2026-06-15 17:07:36,ONPE al 100% en Pasco: quiénes son los senadores y diputados electos en las Elecciones 2026,Ariadna Yaya,https://larepublica.pe/politica/2026/06/15/onpe-al-100-en-pasco-quienes-son-los-senadores-y-diputados-electos-en-las-elecciones-2026-hnews-964320,"Con el 100% de actas contabilizadas por la ONPE, ya se conoce quiénes son los senadores y diputados que representarán a Pasco en el nuevo Congreso de la República para el periodo 2026-2031.","Elecciones 2026, Congreso del Perú"
La República,2026-06-15 17:05:43,ONPE al 100% en Moquegua: quiénes son los senadores y diputados electos en las Elecciones 2026,Ariadna Yaya,https://larepublica.pe/politica/2026/06/15/onpe-al-100-en-moquegua-quienes-son-los-senadores-y-diputados-electos-en-las-elecciones-2026-hnews-853440,"Con el 100% de actas contabilizadas por la ONPE, ya se conoce quiénes son los senadores y diputados que representarán a Moquegua en el nuevo Congreso de la República para el periodo 2026-2031.","Elecciones 2026, Congreso del Perú"
La República,2026-06-15 17:04:05,ONPE al 100% en Madre de Dios: quiénes son los senadores y diputados electos en las Elecciones 2026,Ariadna Yaya,https://larepublica.pe/politica/2026/06/15/onpe-al-100-en-madre-de-dios-quienes-son-los-senadores-y-diputados-electos-en-las-elecciones-2026-hnews-1268835,"Con el 100% de actas contabilizadas por la ONPE, ya se conoce quiénes son los senadores y diputados que representarán a Madre de Dios en el nuevo Congreso de la República para el periodo 2026-2031.","Elecciones 2026, Congreso del Perú"
La República,2026-06-15 17:01:35,ONPE al 100% en Loreto: quiénes son los senadores y diputados electos en las Elecciones 2026,Ariadna Yaya,https://larepublica.pe/politica/2026/06/15/onpe-al-100-en-loreto-quienes-son-los-senadores-y-diputados-electos-en-las-elecciones-2026-hnews-1042455,"Con el 100% de actas contabilizadas por la ONPE, ya se conoce quiénes son los senadores y diputados que representarán a Loreto en el nuevo Congreso de la República para el periodo 2026-2031.","Elecciones 2026, Congreso del Perú"
La República,2026-06-15 16:59:38,ONPE al 100% en Lambayeque: quiénes son los senadores y diputados electos en las Elecciones 2026,Ariadna Yaya,https://larepublica.pe/politica/2026/06/15/onpe-al-100-en-lambayeque-quienes-son-los-senadores-y-diputados-electos-en-las-elecciones-2026-hnews-1092585,"Con el 100% de actas contabilizadas por la ONPE, ya se conoce quiénes son los senadores y diputados que representarán a Lambayeque en el nuevo Congreso de la República para el periodo 2026-2031.","Elecciones 2026, Congreso del Perú"
La República,2026-06-15 16:57:46,ONPE al 100% en La Libertad: quiénes son los senadores y diputados electos en las Elecciones 2026,Ariadna Yaya,https://larepublica.pe/politica/2026/06/15/onpe-al-100-en-la-libertad-quienes-son-los-senadores-y-diputados-electos-en-las-elecciones-2026-hnews-220695,"Con el 100% de actas contabilizadas por la ONPE, ya se conoce quiénes son los senadores y diputados que representarán a La Libertad en el nuevo Congreso de la República para el periodo 2026-2031.","Elecciones 2026, Congreso del Perú"
La República,2026-06-15 16:56:41,ONPE al 100% en Junín: quiénes son los senadores y diputados electos en las Elecciones 2026,Ariadna Yaya,https://larepublica.pe/politica/2026/06/15/onpe-al-100-en-junin-quienes-son-los-senadores-y-diputados-electos-en-las-elecciones-2026-hnews-1433310,"Con el 100% de actas contabilizadas por la ONPE, ya se conoce quiénes son los senadores y diputados que representarán a Cajamarca en el nuevo Congreso de la República para el periodo 2026-2031.","Elecciones 2026, Congreso del Perú"
La República,2026-06-15 16:53:01,ONPE al 100% en Ica: quiénes son los senadores y diputados electos en las Elecciones 2026,Ariadna Yaya,https://larepublica.pe/politica/2026/06/15/onpe-al-100-en-ica-quienes-son-los-senadores-y-diputados-electos-en-las-elecciones-2026-hnews-941505,"Con el 100% de actas contabilizadas por la ONPE, ya se conoce quiénes son los senadores y diputados que representarán a Ica en el nuevo Congreso de la República para el periodo 2026-2031.","Elecciones 2026, Congreso del Perú"
La República,2026-06-15 16:51:04,ONPE al 100% en Huánuco: quiénes son los senadores y diputados electos en las Elecciones 2026,Ariadna Yaya,https://larepublica.pe/politica/2026/06/15/onpe-al-100-en-huanuco-quienes-son-los-senadores-y-diputados-electos-en-las-elecciones-2026-hnews-540540,"Con el 100% de actas contabilizadas por la ONPE, ya se conoce quiénes son los senadores y diputados que representarán a Huánuco en el nuevo Congreso de la República para el periodo 2026-2031.","Elecciones 2026, Congreso del Perú"
La República,2026-06-15 16:49:01,ONPE al 100% en Huancavelica: quiénes son los senadores y diputados electos en las Elecciones 2026,Ariadna Yaya,https://larepublica.pe/politica/2026/06/15/onpe-al-100-en-huancavelica-quienes-son-los-senadores-y-diputados-electos-en-las-elecciones-2026-hnews-1440735,"Con el 100% de actas contabilizadas por la ONPE, ya se conoce quiénes son los senadores y diputados que representarán a Huancavelica en el nuevo Congreso de la República para el periodo 2026-2031.","Elecciones 2026, Congreso del Perú"
La República,2026-06-15 16:46:11,ONPE al 100% en Cusco: quiénes son los senadores y diputados electos en las Elecciones 2026,Ariadna Yaya,https://larepublica.pe/politica/2026/06/15/onpe-al-100-en-cusco-quienes-son-los-senadores-y-diputados-electos-en-las-elecciones-2026-hnews-277500,"Con el 100% de actas contabilizadas por la ONPE, ya se conoce quiénes son los senadores y diputados que representarán a Cusco en el nuevo Congreso de la República para el periodo 2026-2031.","Elecciones 2026, Congreso del Perú"
La República,2026-06-15 16:36:44,ERM 2026: JNE amplía hasta el viernes 19 de junio plazo para inscribir candidatos,Jazmín Bianchi,https://larepublica.pe/politica/2026/06/15/erm-2026-jne-amplia-hasta-el-viernes-19-de-junio-plazo-para-inscribir-candidatos-hnews-996525,Las agrupaciones políticas tendrán un plazo excepcional de 72 horas para registrar sus listas de forma virtual o presencial.,"Elecciones Regionales y Municipales 2026, JNE"
La República,2026-06-15 15:32:40,ONPE al 100% en Cajamarca: quiénes son los senadores y diputados electos en las Elecciones 2026,Ariadna Yaya,https://larepublica.pe/politica/2026/06/15/onpe-al-100-en-cajamarca-quienes-son-los-senadores-y-diputados-electos-en-las-elecciones-2026-hnews-285150,"Con el 100% de actas contabilizadas por la ONPE, ya se conoce quiénes son los senadores y diputados que representarán a Cajamarca en el nuevo Congreso de la República para el periodo 2026-2031.","Elecciones 2026, Congreso del Perú"
La República,2026-06-15 15:23:48,ONPE al 100% en Ayacucho: quiénes son los senadores y diputados electos en las Elecciones 2026,Ariadna Yaya,https://larepublica.pe/politica/2026/06/15/onpe-al-100-en-ayacucho-quienes-son-los-senadores-y-diputados-electos-en-las-elecciones-2026-hnews-1476660,"Con el 100% de actas contabilizadas por la ONPE, ya se conoce quiénes son los senadores y diputados que representarán a Ayacucho en el nuevo Congreso de la República para el periodo 2026-2031.","Elecciones 2026, Congreso del Perú"
La República,2026-06-15 15:13:33,"Juntos por el Perú destaca respeto por el voto de los peruanos en el exterior: ""Es un derecho intangible""",Narda Saavedra,https://larepublica.pe/politica/2026/06/15/juntos-por-el-peru-destaca-respeto-por-el-voto-de-los-peruanos-en-el-exterior-es-un-derecho-intangible-hnews-1205640,"Por medio de una publicación en X, Sánchez sostuvo que los cuestionamientos realizados por el partido están dirigidos exclusivamente a las autoridades electorales competentes.",Juntos Por el Perú
La República,2026-06-15 14:31:45,ONPE al 100% en Arequipa: quiénes son los senadores y diputados electos en las Elecciones 2026,Ariadna Yaya,https://larepublica.pe/politica/2026/06/15/onpe-al-100-en-arequipa-quienes-son-los-senadores-y-diputados-electos-en-las-elecciones-2026-hnews-473265,"Con el 100% de actas contabilizadas por la ONPE, ya se conoce quiénes son los senadores y diputados que representarán a Arequipa en el nuevo Congreso de la República para el periodo 2026-2031.","Elecciones 2026, Congreso del Perú"
La República,2026-06-15 14:24:05,ONPE al 100% en Apurímac: quiénes son los senadores y diputados electos en las Elecciones 2026,Ariadna Yaya,https://larepublica.pe/politica/2026/06/15/onpe-al-100-en-apurimac-quienes-son-los-senadores-y-diputados-electos-en-las-elecciones-2026-hnews-1091190,"Con el 100% de actas contabilizadas por la ONPE, ya se conoce quiénes son los senadores y diputados que representarán a Apurímac en el nuevo Congreso de la República para el periodo 2026-2031.","Elecciones 2026, Congreso del Perú"
La República,2026-06-15 14:13:51,ONPE al 100% en Áncash: quiénes son los senadores y diputados electos en las Elecciones 2026,Ariadna Yaya,https://larepublica.pe/politica/2026/06/15/onpe-al-100-en-ancash-quienes-son-los-senadores-y-diputados-electos-en-las-elecciones-2026-hnews-769455,"Con el 100% de actas contabilizadas por la ONPE, ya se conoce quiénes son los senadores y diputados que representarán a Áncash en el nuevo Congreso de la República para el periodo 2026-2031.","Elecciones 2026, Congreso del Perú"
La República,2026-06-15 14:01:09,ONPE al 100% en Amazonas: quiénes son los senadores y diputados electos en las Elecciones 2026,Ariadna Yaya,https://larepublica.pe/politica/2026/06/15/onpe-al-100-en-amazonas-quienes-son-los-senadores-y-diputados-electos-en-las-elecciones-2026-hnews-871800,"Con el 100% de actas contabilizadas por la ONPE, ya se conoce quiénes serán los senadores y diputados que representarán a Amazonas en el nuevo Congreso de la República para el periodo 2026-2031.","Elecciones 2026, Congreso del Perú"
La República,2026-06-15 13:52:32,ONPE al 100% en Callao: quiénes son los senadores y diputados electos en las Elecciones 2026,Ariadna Yaya,https://larepublica.pe/politica/2026/06/15/onpe-al-100-en-callao-quienes-son-los-senadores-y-diputados-electos-en-las-elecciones-2026-hnews-889530,"Con el 100% de actas contabilizadas por la ONPE, ya se conoce quiénes serán los senadores y diputados que representarán a Lima Provincias en el nuevo Congreso de la República para el periodo 2026-2031.","Elecciones 2026, Congreso del Perú"
La República,2026-06-15 13:38:50,ONPE al 100% en Lima Provincias: quiénes son los senadores y diputados electos en las Elecciones 2026,Ariadna Yaya,https://larepublica.pe/politica/2026/06/15/onpe-al-100-en-lima-provincias-quienes-son-los-senadores-y-diputados-electos-en-las-elecciones-2026-hnews-1246740,"Con el 100% de actas contabilizadas por la ONPE, ya se conoce quiénes serán los senadores y diputados que representarán a Lima Provincias en el nuevo Congreso de la República para el periodo 2026-2031.","Elecciones 2026, Congreso del Perú"
La República,2026-06-15 13:38:40,"Mesías Guevara a Vladimir Cerrón: ""Jamás tendré tu capacidad de compartir las sábanas con el fujimorismo""",Jazmín Bianchi,https://larepublica.pe/politica/2026/06/15/mesias-guevara-a-vladimir-cerron-jamas-tendre-tu-capacidad-de-compartir-las-sabanas-con-el-fujimorismo-hnews-1324710,El excandidato presidencial por el Partido Morado respondió a los ataques del líder de Perú Libre y lo acusó de aliarse con el fujimorismo a cambio de poder en el Congreso.,"Mesías Guevara, Vladimir Cerrón, Fujimorismo"
La República,2026-06-15 13:28:19,ONPE al 100% en Lima Metropolitana: quiénes son los senadores y diputados electos en las Elecciones 2026,Ariadna Yaya,https://larepublica.pe/politica/2026/06/15/onpe-al-100-en-lima-metropolitana-quienes-son-los-senadores-y-diputados-electos-en-las-elecciones-2026-hnews-1000515,"Con el 100% de actas contabilizadas por la ONPE, ya se conoce quiénes serán los senadores y diputados que representarán a Lima Metropolitana en el nuevo Congreso de la República para el periodo 2026-2031.","Elecciones 2026, ONPE, Congreso del Perú"
La República,2026-06-15 12:37:41,Roberto Sánchez exige transparencia electoral tras recorrido en provincias altas del Cusco,Luis Álvarez,https://larepublica.pe/politica/2026/06/15/roberto-sanchez-exige-transparencia-electoral-tras-recorrido-en-provincias-altas-del-cusco-hnews-720465,El candidato de Juntos por el Perú anunció que presentará recursos ante la justicia electoral para esclarecer presuntas irregularidades en los votos emitidos en el extranjero y cuestionó la cadena de custodia aplicada durante ese proceso.,"Roberto Sánchez, JNE, ONPE, Elecciones 2026"
La República,2026-06-15 11:39:58,Juntos por el Perú descarta obstruir a Keiko Fujimori y busca alianza con Buen Gobierno,Ariadna Yaya,https://larepublica.pe/politica/2026/06/15/juntos-por-el-peru-descarta-obstruir-a-keiko-fujimori-y-busca-alianza-con-buen-gobierno-hnews-706545,"El secretario general de Juntos por el Perú, Ernesto Zunini, aseguró que su agrupación ejercerá una labor de oposición ante un eventual gobierno de Keiko Fujimori, pero sin repetir prácticas de bloqueo político. Además, anunció acercamientos con Buen Gobierno para impulsar una agenda legislativa común en el próximo Congreso.","Juntos Por el Perú, Keiko Fujimori, Elecciones 2026"
La República,2026-06-15 09:48:34,Ricardo Belmont anuncia que postulará a la alcaldía de Lima Metropolitana,Ariadna Yaya,https://larepublica.pe/politica/2026/06/15/ricardo-belmont-anuncia-que-postulara-a-la-alcaldia-de-lima-metropolitana-hnews-1306830,El excandidato presidencial confirmó su intención de volver a competir por el sillón municipal en las elecciones de 2026. Su eventual candidatura marcaría un nuevo intento por retornar a la gestión de la ciudad después de más de tres décadas de su primer mandato.,"Ricardo Belmont, Elecciones 2026, Municipalidad de Lima"
La República,2026-06-15 10:10:19,Congreso y JNJ persiguen a los jueces que rechazan las leyes pro crimen,César Romero Calle,https://larepublica.pe/politica/2026/06/15/congreso-y-jnj-persiguen-a-los-jueces-que-rechazan-las-leyes-pro-crimen-impunidad-hnews-209655,Los jueces de la Corte Penal Nacional se encuentran en la mira del poder político. A la suspensión por seis meses del juez Richard Concepción Carhuancho se suma un proceso disciplinario contra el juez Jorge Chávez Tamariz. Al magistrado se le acusa de cometer una falta grave por utilizar los antecedentes de los juicios contra criminales nazis al argumentar sus resoluciones.,
La República,2026-06-10 22:14:49,Hay 336 mil 60 votos en actas observadas en Perú y el exterior que se reparten entre Sánchez y Fujimori,Carlos Villacorta,https://larepublica.pe/politica/2026/06/10/hay-336-mil-60-votos-en-actas-observadas-en-peru-y-el-exterior-que-se-reparten-entre-roberto-sanchez-y-keiko-fujimori-hnews-671460,"Elecciones 2026. Según un reporte de la ONPE, de las actas observadas 144.058 votos corresponden a Roberto Sánchez, de Juntos por el Perú, mientras que 192.000 votos van para Keiko Fujimori. El JNE será la entidad encargada de resolver los casos que la ONPE le envíe para que se sumen al cómputo general.","Elecciones 2026, Roberto Sánchez, Keiko Fujimori"
La República,2026-06-14 08:00:00,Registradora cobraba US$5 mil por despojar de sus casas a fallecidos,Doris Aguirre,https://larepublica.pe/politica/2026/06/14/registradora-cobraba-us5-mil-por-despojar-de-sus-casas-a-fallecidos-822120,"“TOPO” en la Sunarp. En el celular de Daniel Castillo Díaz, brazo derecho del cabecilla de la mafia de usurpadores de inmuebles, Luis Pérez Delgado, “Tío Luigi”, la Fiscalía halló mensajes incriminatorios con la funcionaria Carmen Martínez Galván. Ella validaba los documentos fraudulentos para consumar la apropiación ilícita de decenas de edificios y viviendas.","Ministerio Público, Policía Nacional del Perú, Sunarp"
La República,2026-06-15 08:44:40,ONPE culmina conteo al 100% del nuevo Congreso: así quedó conformada la Cámara de Diputados,Ariadna Yaya,https://larepublica.pe/politica/2026/06/15/onpe-culmina-conteo-al-100-del-nuevo-congreso-asi-quedo-conformada-la-camara-de-diputados-hnews-574155,"Tras terminar el conteo de actas de la ONPE correspondientes al nuevo Congreso bicameral, se definió la composición de la nueva Cámara de Diputados. Fuerza Popular se convirtió en la bancada más numerosa con 41 escaños, seguida por Juntos por el Perú con 32 representantes.","Elecciones 2026, Congreso del Perú"
La República,2026-06-15 07:57:34,Ministerio de Justicia adjudicó obra de S/192 millones a consorcio que no tenía RUC activo,Ariadna Yaya,https://larepublica.pe/politica/2026/06/15/ministerio-de-justicia-adjudico-obra-de-s192-millones-a-consorcio-que-no-tenia-ruc-activo-hnews-786735,"Un reportaje de Cuarto Poder reveló que el consorcio ganador de la ampliación del penal de Arequipa formalizó su inscripción ante la Sunat el mismo día en que obtuvo la buena pro. Además, las empresas que lo integran registran antecedentes de sanciones e inhabilitaciones en contrataciones con el Estado.",Ministerio de Justicia
La República,2026-06-15 06:03:55,Mataron a líder comunero para que no recupere terreno robado de S/10 millones,Rosmery Tapara,https://larepublica.pe/politica/2026/06/15/mataron-a-lider-comunero-para-que-no-recupere-terreno-robado-de-s10-millones-quipan-industrias-arguelles-hnews-339864,"Conspiración. Un día antes de que Santiago Guardamino Gonzáles firmara un acuerdo para la devolución de un predio de su pueblo, usurpado por una empresa dedicada al recojo de basura, un sicario lo asesinó cuando llegaba a su vivienda.","Tráfico de terrenos, Tráfico"
La República,2026-06-14 23:03:58,"Alfredo Torres responde a JEE por orden de fiscalización a Ipsos: ""Si se abre una investigación sería un atentado contra la libertad de expresión""",Narda Saavedra,https://larepublica.pe/politica/2026/06/14/alfredo-torres-responde-a-jee-por-orden-de-fiscalizacion-a-ipsos-si-se-abre-una-investigacion-seria-un-atentado-contra-la-libertad-de-expresion-hnews-555618,"El JEE ordenó la fiscalización por el comentario de Torres en un medio de comunicación, donde explicó que Keiko Fujimori tenía mayores probabilidades de ganar.","Alfredo Torres, Ipsos Perú"
La República,2026-06-14 17:00:00,"De las 69 cárceles en el país, 52 están sobrepobladas",Óscar Chumpitaz,https://larepublica.pe/politica/2026/06/14/de-las-69-carceles-en-el-pais-52-estan-sobrepobladas-crisis-carcelaria-hnews-1377460,"RADIOGRAFÍA DE LA RECLUSIÓN. La diferencia entre la capacidad de albergue y la población penitenciaria es de 63.392 personas (152%). Esa es la cantidad de internos que este miércoles no tendrían espacio. Solo 17 de las prisiones del país no presentan problemas de hacinamiento. Las cárceles de Sarita Colonia (Callao), Miguel Castro Castro (San Juan de Lurigancho), Abancay, Tacna y Camaná (Arequipa) superan el 400% de sobrepoblación.","INPE, Cárcel, delincuencia, Crimen organizado"
La República,2026-06-14 20:11:32,Deudos de protestas no reconocerán a Keiko Fujimori como presidenta del Perú si gana las elecciones,Liubomir Fernández,https://larepublica.pe/politica/2026/06/14/deudos-de-protestas-no-reconoceran-a-keiko-fujimori-como-presidenta-del-peru-si-gana-las-elecciones-hnews-1251768,Raúl Samillan dijo que pretender procesar a militares y policías en el fuero policial militar por asesinatos en protestas revela que el Perú está regresando a los 90.,"Keiko Fujimori, Elecciones 2026"
La República,2026-06-14 19:01:58,"Anahí Durand sobre la segunda vuelta: ""Tener dudas razonables no implica que no reconozcamos los resultados""",Narda Saavedra,https://larepublica.pe/politica/2026/06/14/anahi-durand-sobre-la-segunda-vuelta-tener-dudas-razonables-no-implica-que-no-reconozcamos-los-resultados-hnews-889294,La vocera de Juntos por el Perú aseguró que su agrupación política no sostiene que exista un fraude electoral.,"Juntos Por el Perú, Roberto Sánchez"
La República,2026-06-14 12:18:12,"""Estamos regresando a los 90"": rechazan ley que pretende apartar a Delia Espinoza del Colegio de Abogados de Lima",Mauricio Muñoz,https://larepublica.pe/politica/2026/06/14/estamos-regresando-a-los-90-rechazan-ley-que-pretende-apartar-a-delia-espinoza-del-colegio-de-abogados-de-lima-hnews-1364342,"El Congreso aprobó la Ley 32645, que crea el Colegio Profesional de Artistas del Perú y limita la participación de personas inhabilitadas en colegios profesionales.","Delia Espinoza, Congreso del Perú"
La República,2026-06-14 15:10:22,Presidente Balcázar posterga su reunión en Roma con el Papa León XIV ante posibles manifestaciones,Narda Saavedra,https://larepublica.pe/politica/2026/06/14/presidente-balcazar-posterga-su-reunion-en-roma-con-el-papa-leon-xiv-ante-posibles-manifestaciones-hnews-1105496,"Su viaje a Roma y al Vaticano estaba programado para el lunes 15; sin embargo, fue aplazado para el miércoles 17.","José María Balcázar, Papa León XIV"
La República,2026-06-14 14:16:11,‘Pochola’ da pistas sobre planificación y ejecución del crimen del alcalde Víctor Hugo Febre,Óscar Chumpitaz,https://larepublica.pe/politica/2026/06/14/pochola-da-pistas-sobre-planificacion-y-ejecucion-del-crimen-del-alcalde-victor-hugo-febre-investigacion-hnews-781074,Identifica al principal coordinador de las acciones criminales y dice que este recibió diversas llamadas telefónicas provenientes de una persona conocida como ‘La Seño’. El abogado de la regidora implicada asegura que ella niega los hechos y afirma no tener ningún vínculo con ‘Pochola’.&nbsp;,"Crímenes, Piura, Investigación, Crimen organizado"
La República,2026-06-14 13:37:24,"Roberto Sánchez llega a Cusco, recorre provincias altas y exige reconteo total de votos",Luis Álvarez,https://larepublica.pe/politica/2026/06/14/roberto-sanchez-llega-a-cusco-recorre-provincias-altas-y-exige-reconteo-total-de-votos-hnews-1214136,"El candidato de Juntos por el Perú inició actividades en Quispicanchi y Canchis y cerrará su gira en Surimana, donde reforzó su discurso de defensa del voto.","Roberto Sánchez, Juntos Por el Perú"
La República,2026-06-14 07:18:40,Ausentismo en el Congreso se intensifica a poco del cierre del periodo: 9 comisiones trabajan casi vacías,Mauricio Muñoz,https://larepublica.pe/politica/2026/06/14/ausentismo-en-el-congreso-se-intensifica-a-poco-del-cierre-del-periodo-8-comisiones-trabajan-casi-vacias-hnews-297726,"Aunque el nuevo Reglamento del Congreso obligará a los legisladores a asistir presencialmente, la medida recién regirá para el próximo Parlamento. Mientras tanto, las sesiones virtuales siguen siendo la regla.",Congreso del Perú
La República,2026-06-14 02:00:00,Zuliana Lainez: “Quienes mandan matar periodistas saben que no les va  a pasar nada”,Emilio Camacho,https://larepublica.pe/politica/2026/06/14/zuliana-lainez-quienes-mandan-matar-periodistas-saben-que-no-les-va-a-pasar-nada-hnews-1039714,"Zuliana Lainez asumió en mayo la presidencia de la Federación Internacional de Periodistas, un encargo de alcance global por el que debe velar por el cumplimiento de los derechos de los reporteros en todo el orbe. Sumado a ello, es presidenta de la Asociación Nacional de Periodistas, desde la que ha seguido con atención la última campaña electoral. En esta esta entrevista habla de sus dos funciones.&nbsp;","Crímenes, Periodista, Elecciones 2026, Mundial 2026, Franja de Gaza"
La República,2026-06-13 22:29:34,Keiko Fujimori anuncia viaje fuera del país en plena segunda vuelta presidencial,Jazmín Bianchi,https://larepublica.pe/politica/2026/06/13/keiko-fujimori-anuncia-viaje-fuera-del-pais-en-medio-de-la-jornada-electoral-hnews-931359,"A pocos días de la segunda vuelta electoral, Keiko Fujimori anunció que realizará un viaje familiar al extranjero para acompañar a su hija Kyara. La lideresa de Fuerza Popular señaló que seguirá coordinando con el comando nacional de personeros mientras permanezca fuera del país.",
La República,2026-06-13 19:47:36,"Simpatizantes de Juntos por el Perú marchan en el Centro de Lima pidiendo la ""defensa del voto popular""",Jazmín Bianchi,https://larepublica.pe/politica/2026/06/13/simpatizantes-de-juntos-por-el-peru-marchan-en-el-centro-de-lima-pidiendo-la-defensa-del-voto-popular-hnews-157261,"Ciudadanos salen a las calles en respaldo a Roberto Sánchez, candidato de Juntos por el Perú, mientras avanza el conteo de votos de la segunda vuelta presidencial.",
La República,2026-06-13 21:15:12,ONPE terminó de procesar el 100% de las actas para el Senado: estos son los congresistas,Jazmín Bianchi,https://larepublica.pe/politica/2026/06/13/onpe-termino-de-procesar-el-100-de-las-actas-para-el-senado-estos-son-los-congresistas-hnews-1199653,"La Oficina Nacional de Procesos Electorales (ONPE) concluyó el procesamiento de la totalidad de los votos, dejando definidos los resultados para la Cámara Alta.",
La República,2026-06-13 12:06:26,Congreso promulga ley con la que pretenderían apartar a Delia Espinoza del decanato del CAL,Ariadna Yaya,https://larepublica.pe/politica/2026/06/13/congreso-promulga-ley-que-busca-apartar-a-delia-espinoza-del-decanato-del-cal-hnews-849251,"Norma impide que personas inhabilitadas ejercer cargos públicos presidan los colegios profesionales. Disposición fue incorporada de contrabando en la ley que crea el Colegio Profesional de Artistas del Perú, pero su intención sería perseguir a la actual decana del Colegio de Abogados de Lima, Delia Espinoza.","Congreso del Perú, Delia Espinoza, Colegio de Abogados"
La República,2026-06-13 18:25:52,Juntos por el Perú rechaza cierre del Centro Histórico de Lima y defiende el derecho a la protesta,Jazmín Bianchi,https://larepublica.pe/politica/2026/06/13/juntos-por-el-peru-rechaza-cierre-del-centro-historico-de-lima-y-defiende-el-derecho-a-la-protesta-hnews-445211,"A través de un comunicado, la organización política calificó de ""inconstitucional e ilegal"" la restricción vehicular impuesta por la MML ante las movilizaciones anunciadas en la capital.",Juntos Por el Perú
La República,2026-06-13 16:39:37,"Víctimas de las protestas contra Boluarte advierten: ""Si nos pasa algo, responsabilizamos a Keiko Fujimori y Fuerza Popular""",Ariadna Yaya,https://larepublica.pe/politica/2026/06/13/victimas-de-las-protestas-contra-dina-boluarte-advierten-si-nos-pasa-algo-responsabilizamos-a-keiko-fujimori-y-fuerza-popular-hnews-261846,"La representante de la Asociación de Mártires y Víctimas de las protestas de 2022 y 2023, Milagros Samillán, confirmó que los familiares participarán en las movilizaciones convocadas tras los resultados electorales que deja el conteo de la ONPE. Además, denunció que las investigaciones por las muertes durante las manifestaciones permanecen estancadas y alertó sobre un posible escenario de impunidad.","Keiko Fujimori, Fuerza Popular, Dina Boluarte"
La República,2026-06-13 15:21:12,"Keiko Fujimori rechaza propuesta de reconteo de Juntos Por el Perú: ""Les falta leer la ley""",Ariadna Yaya,https://larepublica.pe/politica/2026/06/13/keiko-fujimori-rechaza-propuesta-de-reconteo-de-juntos-por-el-peru-les-falta-leer-la-ley-hnews-954291,La lideresa de Fuerza Popular cuestionó el pedido de Juntos por el Perú para revisar la totalidad de las actas electorales y sostuvo que la normativa solo permite el reconteo de documentos observados por las autoridades electorales.,"Keiko Fujimori, Juntos Por el Perú"
La República,2026-06-12 18:01:46,Congreso aprueba ley que evita que policias y militares sean procesados por la justicia ordinaria,Mauricio Muñoz,https://larepublica.pe/politica/2026/06/12/congreso-aprueba-ley-que-evita-que-policias-y-miltares-sean-procesados-por-la-justicia-ordinaria-hnews-194412,"La iniciativa que modifica el Código Penal Militar Policial fue aprobada en primera votación con 60 votos a favor, 34 votos en contra y 10 abstenciones.","Congreso del Perú, Policía Nacional del Perú"
La República,2026-06-13 10:04:28,Congreso unicameral amplió su legislatura hasta el 24 de junio,Ariadna Yaya,https://larepublica.pe/politica/2026/06/13/congreso-unicameral-finalizara-su-ultima-legislatura-el-24-junio-pleno-prolongo-plazo-hnews-1144260,"La ampliación permitirá que se debatan proyectos pendientes antes del cierre de funciones del actual Congreso de 130 legisladores. Además, la Comisión Permanente quedó facultada para asumir determinadas tareas legislativas hasta julio de 2026.",Congreso del Perú
La República,2026-06-13 07:01:07,"Gobierno de Venezuela confirma muerte de ‘Niño Guerrero’, líder del Tren de Aragua",Óscar Chumpitaz,https://larepublica.pe/politica/2026/06/13/gobierno-de-venezuela-confirma-muerte-de-nino-guerrero-lider-del-tren-de-aragua-tren-de-aragua-hnews-1256866,"Tras operación conjunta con EE UU en Bolívar. Horas antes, el presidente estadounidense Donald Trump había asegurado el deceso del temible hampón de la banda transnacional que también opera en Perú y otros países de la región.","Tren de Aragua, Donald Trump, Crisis en Venezuela, Inmigrantes"
La República,2026-06-13 09:45:02,Kira Alcarraz tras permiso de viaje a Balcázar: “Que no se le suban los humos y recuerde quién lo ha puesto ahí”,Ariadna Yaya,https://larepublica.pe/politica/2026/06/13/kira-alcarraz-tras-permiso-de-viaje-a-balcazar-que-no-se-le-suban-los-humos-y-recuerde-quien-lo-ha-puesto-ahi-hnews-1285804,La congresista Kira Alcarraz cuestionó la autorización otorgada a José María Balcázar para viajar al Vaticano. La parlamentaria afirmó que el mandatario no representa a la ciudadanía y criticó que pretenda realizar esta visita a pocos meses del cambio de gobierno.,"José María Balcázar, Congreso del Perú"
La República,2026-06-12 22:20:45,"Congreso continúa persecución: aprueba informe para denunciar a José Domingo Pérez, Rafael Vela y Gustavo Gorriti",Mauricio Muñoz,https://larepublica.pe/politica/2026/06/12/congreso-continua-persecucion-aprueba-informe-para-denunciar-a-jose-domingo-perez-rafael-vela-y-gustavo-gorriti-997308,El informe sugiere también anular el acuerdo de colaboración con Odebrecht.,
La República,2026-06-12 09:28:45,Congreso realizará su última sesión plenaria y evaluará pedido de José Balcázar para viajar al Vaticano,Narda Saavedra,https://larepublica.pe/politica/2026/06/12/congreso-realizara-su-ultima-sesion-plenaria-y-evaluara-pedido-de-jose-balcazar-para-viajar-al-vaticano-hnews-416748,"De acuerdo con el documento enviado al Parlamento, uno de los principales compromisos del mandatario será una audiencia con el papa León XIV, programada para el jueves 18 de junio.","Congreso del Perú, José María Balcázar"
La República,2026-06-12 17:08:09,"José Balcázar respalda eventual indulto a Pedro Castillo y otros políticos: ""El país necesita es una pacificación""",Narda Saavedra,https://larepublica.pe/politica/2026/06/12/jose-balcazar-respalda-eventual-indulto-a-pedro-castillo-y-otros-politicos-el-pais-necesita-es-una-pacificacion-hnews-128412,"El presidente agregó que, en su momento, podrían evaluar ""todo tipo de indultos o amnistía en coordinación con la Comisión Permanente"".","José María Balcázar, Pedro Castillo"
La República,2026-06-12 16:56:40,Ucayali: Mininter dispone defensa legal de policías denunciados por detención de 2 fiscales,Óscar Chumpitaz,https://larepublica.pe/politica/2026/06/12/ucayali-mininter-dispone-defensa-legal-de-policias-denunciados-por-detencion-de-2-fiscales-elecciones-generales-hnews-379212,El director general de la Defensoría del Policía llegó este viernes a la región de Ucayali para coordinar las acciones legales a favor del personal policial y el seguimiento del caso. La Junta de Fiscales Supremos rechazó la detención de fiscales que cumplían sus funciones y exigió que sean denunciados por secuestro.,"Elecciones 2026, Marcha contra la corrupción, Keiko Fujimori, Roberto Sánchez"
La República,2026-06-12 16:14:12,Recuento de votos en Lambayeque determinó que a Fuerza Popular se le habían sumado 25 votos de más,Diego Alva,https://larepublica.pe/politica/2026/06/12/resultados-onpe-recuento-de-votos-en-lambayaque-determino-que-a-fuerza-popular-se-le-habian-sumado-25-votos-de-mas-hnews-259884,"El acta N.° 035749 fue observada por error aritmético. En el recuento a cargo del JEE Lambayeque se determinó que la suma real de votos a Fuerza Popular era 119, cuando inicialmente se colocó 144.",
La República,2026-06-12 15:02:30,Roberto Sánchez: JEE declara improcedente pedido de anulación de 1751 mesas de sufragio hecho por JP,Mauricio Muñoz,https://larepublica.pe/politica/2026/06/12/roberto-sanchez-jee-declara-improcedente-pedido-de-anulacion-de-1751-mesas-de-sufragio-hecho-por-jp-hnews-479976,"El Jurado Electoral Especial argumentó que el partido, liderado por Roberto Sánchez, no acreditó el pago de más de 2 millones de soles requerido para la anulación de las mesas por presunto fraude electoral.","Roberto Sánchez, Jurado Electoral Especial, Juntos Por el Perú"
La República,2026-06-11 19:54:49,"López Aliaga insiste en no ser senador y anuncia posible candidatura municipal: ""Estoy decidiendo volver a ser alcalde de Lima""",Mauricio Muñoz,https://larepublica.pe/politica/2026/06/11/lopez-aliaga-insiste-en-no-ser-senador-y-anuncia-posible-candidatura-municipal-estoy-decidiendo-volver-a-ser-alcalde-de-lima-hnews-586619,Las elecciones regionales y municipales están programadas para octubre de este año. Renovación Popular aún no ha definido a su candidato para la Alcaldía de Lima.,"Rafael López Aliaga, Elecciones 2026"
La República,2026-06-12 12:46:18,"Roberto Sánchez pide colaboración para pagar pedidos de nulidad: ""Tenemos plazo hasta mañana""",Narda Saavedra,https://larepublica.pe/politica/2026/06/12/roberto-sanchez-pido-colaboracion-para-pagar-pedidos-de-nulidad-tenemos-plazo-hasta-manana-hnews-471576,Alertó el posible rechazo de los pedidos de nulidad que ha presentado Juntos por el Perú contra votos a favor de Fuerza Popular.,"Juntos Por el Perú, Fuerza Popular"
La República,2026-06-12 13:34:24,Sunedu rechaza atropello del gobierno por la remoción de su Consejo Directivo,Rosmery Tapara,https://larepublica.pe/politica/2026/06/12/sunedu-rechaza-atropello-del-gobierno-por-la-remocion-de-su-consejo-directivo-vicente-espinoza-santillan-hnews-438048,"A menos de 45 días del término de su mandato transitorio, el presidente Balcázar ordenó la destitución de la plana mayor de la Superintendencia Nacional de Educación Superior Universitaria (Sunedu), antes de que cumpliera su periodo de tres años. La medida buscaría que las nuevas autoridades otorguen licenciamientos rápidos a universidades recién creadas por el Congreso.","Minedu, Sunedu"
La República,2026-06-12 11:33:36,Juntos por el Perú presentará recursos de nulidad en actas de Argentina y pedirá el padrón electoral de EE.UU.,Diego Alva,https://larepublica.pe/politica/2026/06/12/juntos-por-el-peru-presentara-recursos-de-nulidad-en-actas-de-argentina-y-pedira-el-padron-electoral-de-eeuu-hnews-133740,"El abogado de Juntos por el Perú, Roy Mendoza, alegó que la demora en la llegada de las actas provenientes de ese país perjudicó su derecho a la defensa, pues estas arribaron en la fecha límite para presentar pedidos de impugnación.",
La República,2026-06-12 12:12:40,"Roberto Sánchez invita a Keiko Fujimori a solicitar reconteo de votos: ""Dejemos un legado de transparencia""",Narda Saavedra,https://larepublica.pe/politica/2026/06/12/roberto-sanchez-invita-a-keiko-fujimori-a-solicitar-reconteo-de-votos-dejemos-un-legado-de-transparencia-hnews-708864,"Al ver que Fuerza Popular busca anular votos rurales de Puno y ellos los de Lima y del extranjero, el candidato de Juntos por el Perú propuso a Fujimori solicitar un reconteo de votos.","Roberto Sánchez, Keiko Fujimori"
La República,2026-06-12 11:11:46,"Alfredo Torres denunciaría a López Aliaga por acusar a Ipsos de corrupción: ""Ha cruzado la raya""",Narda Saavedra,https://larepublica.pe/politica/2026/06/12/alfredo-torres-denunciaria-a-lopez-aliaga-por-acusar-a-ipsos-de-corrupcion-ha-cruzado-la-raya-hnews-605184,"El presidente de Ipsos Perú mencionó que ""eventualmente"" sí presentarán una denuncia penal para salvaguardar la imagen de Ipsos.","Ipsos Perú, Rafael López Aliaga"
La República,2026-06-12 10:11:37,Hay 60 solicitudes de concesión fuera del corredor minero en Madre de Dios,Óscar Chumpitaz,https://larepublica.pe/politica/2026/06/12/hay-60-solicitudes-de-concesion-fuera-del-corredor-minero-en-madre-de-dios-mineria-ilegal-hnews-943104,"Estos petitorios se concentran en zonas ecológicamente sensibles y cerca de la zona de amortiguamiento de la Reserva Nacional Tambopata, lo que ha generado preocupación sobre el impacto en los ecosistemas estratégicos de la Amazonía. Expertos advierten que pueden derivar en graves riesgos de deforestación y contaminación de fuentes de agua.","minería ilegal, Minería Informal, Madre de Dios, Amazonía"
La República,2026-06-12 09:38:11,"¿Mal mayor?, por Maritza Espinoza",Maritza Espinoza,https://larepublica.pe/opinion/2026/06/12/mal-mayor-por-maritza-espinoza-hnews-816048,"""La pelea será dura, pero, al final, estoy segura de que nos desharemos de ella y sus secuaces de un sacudón. Lo hicimos el año dos mil, cuando todavía la dictadura de su padre se juraba invulnerable"".",
La República,2026-06-12 08:52:00,"Máxima ansiedad, por Jorge Bruce",Jorge Bruce,https://larepublica.pe/opinion/2026/06/12/maxima-ansiedad-por-jorge-bruce-hnews-656940,"""Mientras no seamos capaces de enfrentar ese desafío y persistamos en creer que hay personas con privilegios que deben ser respetados por una mayoría de personas consideradas, en la práctica cotidiana, como inferiores, debemos esperar que sucedan antagonismos como estos que estamos sufriendo en las elecciones""",
La República,2026-06-12 08:43:52,"Los familiares al centro, por Eliana Carlín",Eliana Carlín,https://larepublica.pe/opinion/2026/06/12/los-familiares-al-centro-por-eliana-carlin-hnews-417936,"Es urgente unir esfuerzos de organizaciones en defensa de derechos humanos para garantizar la seguridad de activistas y defensores, ante un entorno de creciente persecución política.",
La República,2026-06-11 11:32:47,Juntos por el Perú busca anular más de mil mesas de sufragio a nivel nacional,Narda Saavedra,https://larepublica.pe/politica/2026/06/11/roberto-sanchez-juntos-por-el-peru-busca-anular-mas-de-mil-mesas-de-sufragio-a-nivel-nacional-hnews-654764,"El partido argumenta que se ha “detectado 584 patrones de repetición exacta que involucran a 1,751 mesas de sufragio a nivel nacional”.",Juntos Por el Perú
La República,2026-06-11 09:55:50,"Fuerza Popular pide no invalidar mesas en Lima, pero sí anular 7 mil votos en Puno",Narda Saavedra,https://larepublica.pe/politica/2026/06/11/elecciones-2026-fuerza-popular-de-keiko-fujimori-busca-anular-7-mil-votos-rurales-de-puno-hnews-784641,"Se trata de 7.014 votos, de los cuales 5.932 son a favor de Roberto Sánchez y solo 715 para Keiko Fujimori.","Fuerza Popular, Puno, Elecciones 2026"
La República,2026-06-12 07:39:35,"El reto de la política exterior durante las elecciones, por Oscar Vidarte",Oscar Vidarte Arévalo,https://larepublica.pe/opinion/2026/06/12/el-reto-de-la-politica-exterior-durante-las-elecciones-por-oscar-vidarte-hnews-874176,"En el año 2000, el gobierno de transición liderado por Valentín Paniagua y su canciller Javier Pérez de Cuéllar tuvo que rescatar al país luego de la dictadura fujimorista.",
La República,2026-06-11 22:19:53,Juntos por el Perú pide anular más de 600 mesas de votación en Estados Unidos,Jazmín Bianchi,https://larepublica.pe/politica/2026/06/11/juntos-por-el-peru-pide-anular-mas-de-600-mesas-de-votacion-en-estados-unidos-hnews-959618,El partido político denunció que funcionarios consulares y miembros de mesa orientaron el voto a favor de Fuerza Popular durante la segunda vuelta electoral en el extranjero.,Juntos Por el Perú
La República,2026-06-11 20:34:42,Fujimorismo y ‘lobby’ empresarial a favor de la pesca industrial,Adrián Sarria Muñoz,https://larepublica.pe/politica/2026/06/11/fujimorismo-y-lobby-empresarial-a-favor-de-la-pesca-industrial-hnews-632291,"Fuerza Popular, con Fernando Rospigliosi a la cabeza, se niega a poner a debate una ley que reitera la prohibición de la extracción de especies marinas a gran escala en zonas protegidas, como Paracas. Pescadores artesanales de la bahía relatan cómo los afecta este tipo de faena pesquera respaldada por los poderosos.","Pesca, Pesca artesanal, Congreso del Perú, Fuerza Popular, Fujimorismo, Reserva Nacional de Paracas"
La República,2026-06-11 17:21:34,"Figuras de la política advierten sobre posibles peligros en un nuevo gobierno fujimorista: ""Veremos una gran represión""",Mauricio Muñoz,https://larepublica.pe/politica/2026/06/11/figuras-de-la-politica-advierten-sobre-posibles-peligros-en-un-nuevo-gobierno-fujimorista-veremos-una-gran-represion-hnews-421003,"Las preocupaciones se centran en la erosión de la democracia, el debilitamiento de las instituciones en Perú y la violencia que podría ejercer un gobierno con alto poder concentrado.","Keiko Fujimori, Fujimorismo, Elecciones 2026"
La República,2026-06-11 20:15:15,Portal del JNE mostró a Keiko Fujimori como presidenta electa antes de proclamarse el resultado oficial,Jazmín Bianchi,https://larepublica.pe/politica/2026/06/11/portal-del-jne-mostro-a-keiko-fujimori-como-presidenta-electa-antes-de-proclamarse-el-resultado-oficial-hnews-1036948,La información ya no figura en la plataforma del JNE. El organismo electoral aclaró que el registro que señalaba a Keiko Fujimori como presidenta corresponde a resoluciones de procesos anteriores y que aún no existen resultados oficiales de la segunda vuelta.,
La República,2026-06-11 16:48:15,JEE inician audiencias públicas para el recuento de votos de actas observadas,Jazmín Bianchi,https://larepublica.pe/politica/2026/06/11/jee-inician-audiencias-publicas-para-el-recuento-de-votos-de-actas-observadas-hnews-866041,El JEE de Bagua inició la primera revisión de votos de actas observadas. La próxima audiencia pública estará a cargo del JEE de Lambayeque este 12 de junio.,segunda vuelta electoral
La República,2026-06-11 17:16:42,Reportan presencia policial en locales partidarios de Juntos por el Perú en Chiclayo e Ica,Narda Saavedra,https://larepublica.pe/politica/2026/06/11/reportan-presencia-policial-en-locales-partidarios-de-juntos-por-el-peru-en-chiclayo-e-ica-hnews-596420,"Según la PNP de Lambayeque, como medida de prevención ante posibles disturbios se dispuso la presencia de efectivos de la USE en los locales partidarios de Juntos por el Perú, Fuerza Popular y en las instituciones electorales.","Juntos Por el Perú, Chiclayo, Elecciones 2026"
La República,2026-06-11 17:04:53,Pronabec protegerá a denunciantes y testigos de actos de corrupción,Rosmery Tapara,https://larepublica.pe/politica/2026/06/11/pronabec-protegera-a-denunciantes-y-testigos-de-actos-de-corrupcion-minedu-hnews-722392,"La institución aprueba nueva política antisoborno con la finalidad de asegurar el buen uso de los recursos públicos, así como la integridad de quienes proporcionen datos para que intervengan las autoridades contra los presuntos infractores.","Minedu, PRONABEC, beca 18"
La República,2026-06-11 14:35:23,Keiko Fujimori se aleja de narrativa del fraude tras ocupar primer lugar en el conteo,Narda Saavedra,https://larepublica.pe/politica/2026/06/11/keiko-fujimori-se-aleja-de-narrativa-del-fraude-tras-ocupar-primer-lugar-en-el-conteo-hnews-525525,La candidata aseguró confiar en el trabajo de los observadores internacionales y los personeros de ambos partidos.,"Keiko Fujimori, Elecciones 2026, Fuerza Popular"
La República,2026-06-11 13:51:52,Segunda vuelta 2026: Roberto Sánchez se reunió con observadores de la UE y la OEA,Jazmín Bianchi,https://larepublica.pe/politica/2026/06/11/segunda-vuelta-2026-roberto-sanchez-se-reune-con-observadores-de-la-ue-y-la-oea-hnews-995830,"De acuerdo con Alexander Gray, jefe adjunto de la Misión de Observación Electoral de la Unión Europea, el encuentro fue para conversar sobre la fase final del proceso electoral.","segunda vuelta electoral, Roberto Sánchez, Unión Europea, OEA"
La República,2026-06-11 09:09:35,Elecciones Regionales y Municipales: partidos políticos aparecerán en la parte superior de la cédula,Narda Saavedra,https://larepublica.pe/politica/2026/06/11/elecciones-regionales-y-municipales-partidos-politicos-apareceran-en-la-parte-superior-de-la-cedula-hnews-648032,Los movimientos regionales estarán ubicados en la sección inferior. La distribución se realizó con un sorteo público.,Elecciones 2026
La República,2026-06-11 08:11:42,Arequipa: sentencian a 4 años de prisión suspendida a personero que sustrajo 261 cédulas de votación,Narda Saavedra,https://larepublica.pe/politica/2026/06/11/arequipa-sentencian-a-4-anos-de-prision-suspendida-a-personero-que-sustrajo-261-cedulas-de-votacion-hnews-530299,"Debido a que el personero no cuenta con antecedentes penales, la pena se convirtió en 208 jornadas de servicio a la comunidad y el pago de una reparación civil de S/2.000 a favor de la ONPE.","Arequipa, Elecciones 2026"
La República,2026-06-10 22:53:12,Keiko Fujimori pasa a Roberto Sánchez: candidata de Fuerza Popular toma la delantera en conteo de la ONPE al 98.20%,Mauricio Muñoz,https://larepublica.pe/politica/2026/06/10/keiko-fujimori-pasa-a-roberto-sanchez-candidata-de-fuerza-popular-toma-la-delantera-en-conteo-de-la-onpe-al-9820-hnews-588560,La distancia entre los candidatos de Fuerza Popular y Juntos por el Perú es de apenas 469 votos.,"Keiko Fujimori, Roberto Sánchez, Fuerza Popular, Elecciones 2026"
La República,2026-06-10 22:25:59,"Elecciones 2026: actas electorales de los países de Argentina, Francia y Japón arribaron al Perú",Mauricio Muñoz,https://larepublica.pe/politica/2026/06/10/elecciones-2026-actas-electorales-de-los-paises-de-argentina-francia-y-japon-arribaron-al-peru-hnews-729480,"Desde Buenos Aires, arribaron 233 actas con cerca de 32.000 votos. Japón y Francia enviaron 30 y 33 actas, respectivamente, lo que permitió avanzar en el conteo.",Elecciones 2026
La República,2026-06-10 20:12:45,Gobernador del Cusco cuestiona legitimidad electoral y exige reconciliación nacional urgente,Luis Álvarez,https://larepublica.pe/politica/2026/06/10/gobernador-del-cusco-cuestiona-legitimidad-electoral-y-exige-reconciliacion-nacional-urgente-hnews-709850,Wener Salcedo advierte que los resultados reflejan un bajo nivel de representatividad y alerta sobre la deslegitimidad del proceso electoral.,"Elecciones 2026, Cusco"
La República,2026-06-10 19:26:14,Aymaras llaman a movilización para desconocer a Keiko Fujimori como presidenta de Perú,Liubomir Fernández,https://larepublica.pe/politica/2026/06/10/aymaras-llaman-a-movilizacion-para-desconocer-a-keiko-fujimoricomo-presidenta-de-peru-hnews-605650,Comuneros y dirigente acordaron que no aceptarán la posible victoria de la hija del exdictador.,"Keiko Fujimori, Elecciones 2026"
La República,2026-06-10 17:18:09,Comisión de Gracias Presidenciales rechaza indulto de Pedro Castillo,Ariadna Yaya,https://larepublica.pe/politica/2026/06/10/pedro-castillo-comision-de-gracias-presidenciales-rechaza-indulto-para-expresidente-hnews-157150,Ejecutivo rechazó el sexto pedido de indulto a favor del exmandatario que se encuentra recluido en el penal de Barbadillo.,Pedro Castillo
La República,2026-06-10 14:16:16,Pleno de la JNJ acuerda suspender al juez Richard Concepción Carhuancho,Mauricio Muñoz,https://larepublica.pe/politica/2026/06/10/pleno-de-la-jnj-acuerda-suspender-al-juez-richard-concepcion-carhuancho-hnews-957600,Por mayoría y con el voto dirimente del vicepresidente de la Junta Nacional de Justicia. Al magistrado se le atribuye el uso irregular de una imagen de Nicanor Boluarte en una disertación académica. La suspensión por seis meses lo aleja de la Corte Penal Nacional encargada de los procesos a actuales líderes del pacto de gobierno,"Junta Nacional de Justicia, Richard Concepción Carhuancho"
La República,2026-06-10 17:43:06,"Josué Gutiérrez justifica alerta sobre presunto fraude: ""Los hechos fueron ciertos""",Ariadna Yaya,https://larepublica.pe/politica/2026/06/10/josue-gutierrez-justifica-alerta-sobre-presunto-fraude-los-hechos-fueron-ciertos-hnews-741310,"El defensor del Pueblo sostuvo que las advertencias sobre un presunto fraude electoral respondieron a hechos reales detectados durante el proceso. Sin embargo, afirmó que las verificaciones posteriores permitieron determinar que no existió una práctica sistemática ni una manipulación de los resultados de la segunda vuelta.","Defensoría del Pueblo, Elecciones 2026, Josué Gutiérrez"
La República,2026-06-10 15:38:57,"Cayó ‘Pochola’, otro de los implicados en el asesinato del alcalde Víctor Hugo Febre",Óscar Chumpitaz,https://larepublica.pe/politica/2026/06/10/cayo-pochola-otro-de-los-implicados-en-el-asesinato-del-alcalde-victor-hugo-febre-homicidios-hnews-391890,"Fue arrestado en Piura poco después de que la regidora Patricia Niño se entregara a las autoridades, que habían ordenado su detención preliminar. La División de Homicidios avanza en la investigación para esclarecer el hecho criminal e identificar plenamente el grado de participación y la responsabilidad penal de todos los involucrados.","Piura, Crímenes, Dirincri, Ministerio Público"
La República,2026-06-10 14:37:14,Colcabamba: fiscal concluye que militares  asesinaron y remataron a 5 jóvenes,Rosmery Tapara,https://larepublica.pe/politica/2026/06/10/colcabamba-fiscal-concluye-que-militares-asesinaron-y-remataron-a-5-jovenes-ejercito-peruano-hnews-582940,"La fiscalía de Derechos Humanos de Junín resolvió iniciar acciones para el enjuiciamiento de ocho efectivos del Ejército acusados de disparar sin motivo a la camioneta en la que viajaban las víctimas en Colcabamba, Huancavelica. La autoridad les atribuye el delito de homicidio calificado por 'el empleo arbitrario, innecesario y desproporcionado de la fuerza letal', por lo que ha solicitado la prisión preventiva para los uniformados.","Ejército peruano, Ministerio Público, Fiscalía"
La República,2026-06-10 16:36:43,"Del Solar señala que voto a Sánchez es por rechazo a Fujimori: ""No voy a tener ningún papel en ningun gobierno""",Mauricio Muñoz,https://larepublica.pe/politica/2026/06/10/del-solar-senala-que-voto-a-sanchez-es-por-rechazo-a-fujimori-no-voy-a-tener-ningun-papel-en-ningun-gobierno-hnews-208890,"En entrevista con Rosa María Palacios para 'Sin Guion', el exprimer ministro advirtió sobre el rol del fujimorismo en la erosión de la democracia peruana, y mencionó su responsabilidad en diversas crisis políticas y en el deterioro de la política nacional.","Salvador del Solar, Roberto Sánchez, Keiko Fujimori, Sin guion"
La República,2026-06-10 13:20:39,"Keiko Fujimori sobre el conteo de la ONPE: ""Las actas que están viniendo del extranjero nos da mucho aliento""",Ariadna Yaya,https://larepublica.pe/politica/2026/06/10/keiko-fujimori-sobre-el-conteo-de-la-onpe-las-actas-que-estan-viniendo-del-extranjero-nos-da-mucho-aliento-hnews-749680,"La candidata de Fuerza Popular pidió esperar los resultados oficiales de la ONPE y el JNE, y aseguró que las actas pendientes del extranjero y de algunas regiones mantienen las expectativas de su agrupación política.","Elecciones 2026, ONPE, Keiko Fujimori"
La República,2026-06-10 13:01:36,Elecciones Generales: De los 72 detenidos 32 fueron por atentado contra el derecho de sufragio,Óscar Chumpitaz,https://larepublica.pe/politica/2026/06/10/elecciones-generales-de-los-72-detenidos-32-fueron-por-atentado-contra-el-derecho-de-sufragio-elecciones-generales-hnews-430950,"Otros 11 fueron arrestados por suplantación de identidad, 11 por venta de bebidas alcohólicas y nueve por inducción al voto. También se emitieron 116 ocurrencias, de las cuales 86 fueron por identificación de cédulas marcadas o rayadas.","Elecciones 2026, Keiko Fujimori, Roberto Sánchez, ONPE"
La República,2026-06-10 12:35:39,JNE exhorta a la población y a los partidos a esperar con responsabilidad los resultados de la segunda vuelta,Jazmín Bianchi,https://larepublica.pe/politica/2026/06/10/jne-exhorta-a-la-poblacion-y-a-los-partidos-a-esperar-con-responsabilidad-los-resultados-de-la-segunda-vuelta-hnews-144200,La entidad electoral señaló que la ONPE continúa con el procesamiento de actas y recordó que los resultados oficiales se conocerán tras culminar las etapas de cómputo y revisión de actas observadas.,
La República,2026-06-09 17:12:02,Ipsos y Transparencia aseguran que para el conteo rápido al 100% se tomaron en cuenta los votos del extranjero,Ariadna Yaya,https://larepublica.pe/politica/2026/06/09/ipsos-y-transparencia-aseguran-que-para-el-conteo-rapido-al-100-se-tomaron-en-cuenta-los-votos-del-extranjero-hnews-699048,Representantes de ambas instituciones rechazaron las versiones que cuestionaban la inclusión del electorado residente fuera del país y detallaron que el monitoreo electoral alcanzó varias ciudades internacionales durante la segunda vuelta de las Elecciones 2026.,"Ipsos Perú, Transparencia, Elecciones 2026"
La República,2026-06-09 13:54:48,Quién van ganando las Elecciones 2026 hoy en Perú: ¿Keiko Fujimori o Roberto Sánchez?,Ariadna Yaya,https://larepublica.pe/politica/2026/06/09/quien-van-ganando-las-elecciones-2026-hoy-en-peru-keiko-fujimori-o-roberto-sanchez-hnews-897966,La ONPE continúa actualizando el conteo de votos de la segunda vuelta presidencial. Conoce quién lidera los resultados entre Keiko Fujimori y Roberto Sánchez y cuál es la diferencia que los separa.,"Elecciones 2026, ONPE, JNE, Keiko Fujimori, Roberto Sánchez"
La República,2026-06-10 11:47:54,Ministerio Público da por concluida la designación del fiscal José Domingo Pérez,Jazmín Bianchi,https://larepublica.pe/politica/2026/06/10/ministerio-publico-da-por-concluida-la-designacion-del-fiscal-jose-domingo-perez-hnews-584590,"Tras la orden de la Junta Nacional de Justicia de no ratificarlo en su cargo de fiscal provincial, el Ministerio Público oficializó la salida de José Domingo Pérez. El ahora exfiscal deja la institución con 14 investigaciones que aún continúan en trámite.","Ministerio Público, José Domingo Pérez"
La República,2026-06-10 11:55:24,Piura: regidora involucrada en el asesinato del alcalde de Veintiséis de Octubre se entrega a la justicia,Ariadna Yaya,https://larepublica.pe/politica/2026/06/10/piura-regidora-involucrada-en-el-asesinato-del-alcalde-de-veintiseis-de-octubre-se-entrega-a-la-justicia-hnews-873650,"Uno de los involucrados en el caso confesó días atrás ante las autoridades que recibió dinero para realizar labores de vigilancia y seguimiento al alcalde Víctor Hugo Febre por parte de la regidora. Horas después, Patricia Niño se entregó a la justicia mientras continúa la investigación por el asesinato de la autoridad de Veintiséis de Octubre.","Piura, PNP"
La República,2026-06-10 11:24:28,Capturan a general PNP prófugo acusado de pagar soborno de S/ 100 mil a jueza,Doris Aguirre,https://larepublica.pe/politica/2026/06/10/capturan-a-general-pnp-profugo-acusado-de-pagar-soborno-de-us100-mil-a-jueza-728320,"Adolfo Mattos Vinces también es investigado por haber lavado S/10 millones de fondos de una mutual de oficiales de la policía mediante empresas de fachada que su esposa y sus hijos controlaban. Después de 3 años de búsqueda, fue encontrado viviendo con sus familiares en una residencia de La Molina.","Policía Nacional del Perú, Ministerio Público, Poder Judicial"
La República,2026-06-07 18:49:40,"Ausentismo electoral: más de 6 millones de peruanos no votaron en la primera vuelta, según informe del JNE",Daniela Orellana,https://larepublica.pe/sociedad/2026/06/07/ausentismo-electoral-mas-de-6-millones-de-peruanos-no-votaron-en-la-primera-vuelta-de-elecciones-2026-segun-informe-del-jne-185444,"Organismos especializados advierten que el fenómeno se ha mantenido en crecimiento durante las últimas décadas, en medio de un contexto marcado por la desconfianza política y el desgaste institucional.","JNE, Elecciones 2026"
La República,2026-06-10 08:43:38,Gobierno designa a Jaime Moreno Eustaquio como nuevo presidente ejecutivo de EsSalud,Jazmín Bianchi,https://larepublica.pe/politica/2026/06/10/gobierno-designa-a-jaime-moreno-eustaquio-como-nuevo-presidente-ejecutivo-de-essalud-hnews-144550,"Tras retirarle la confianza a Luis Rosales Pereda, el Ejecutivo dio por concluidas sus funciones como presidente ejecutivo de EsSalud y nombró a Jaime Moreno Eustaquio en su reemplazo.",EsSalud
La República,2026-06-10 08:38:47,PNP detiene a dos fiscales en conflicto por control  de las investigaciones,Doris Aguirre,https://larepublica.pe/politica/2026/06/10/pnp-detiene-a-dos-fiscales-en-conflicto-por-control-de-las-investigaciones-policia-nacional-ministerio-publico-hnews-701690,"Intervenidos. Al menos 45 personas fueron detenidas el día de las elecciones por presuntos actos de interferencia en el proceso electoral. El Ministerio Público protestó por la intervención de dos fiscales de la región San Martín, a quienes la policía atribuyó negarse a entregar cédulas de sufragio que presentaban marcas con lapicero. También figura un joven que intentó votar con un DNI que no era suyo.","Policía Nacional del Perú, Ministerio Público, Fiscalía"
La República,2026-06-09 09:46:04,Ipsos advierte posible ventaja para Keiko Fujimori por votos del extranjero y actas impugnadas,Mauricio Muñoz,https://larepublica.pe/politica/2026/06/09/ipsos-advierte-posible-ventaja-para-keiko-fujimori-por-votos-del-extranjero-y-actas-impugnadas-hnews-675783,"Alfredo Torres, presidente de Ipsos Perú, indicó que los modelos de proyección otorgan una ventaja a la candidata de Fuerza Popular. Hasta el momento, el voto en el extranjero está procesado al 26,03%, donde Fujimori obtiene un 64,94%.","Keiko Fujimori, Roberto Sánchez, Elecciones 2026"
La República,2026-06-09 11:53:51,"Transparencia confirma mayor ausentismo en segunda vuelta: ""Esta dentro de los márgenes normales""",Mauricio Muñoz,https://larepublica.pe/politica/2026/06/09/transparencia-confirma-mayor-ausentismo-en-segunda-vuelta-esta-dentro-de-los-margenes-normales-hnews-167157,Transparencia aseguró que la jornada electoral de este 7 de junio transcurrió sin incidentes graves.,"Transparencia, Elecciones 2026"
La República,2026-06-09 13:03:56,Misión de observación de la UE advierte que ausentismo en segunda vuelta fue similar a lo del COVID-19,Mauricio Muñoz,https://larepublica.pe/politica/2026/06/09/mision-de-observacion-de-la-ue-advierte-que-ausentismo-en-segunda-vuelta-fue-similar-a-lo-del-covid19-hnews-122571,"Además, la eurodiputada mencionó casos de cédulas marcadas irregularmente, y aseguró que ya están en marcha investigaciones y que el derecho al voto fue respetado durante el proceso electoral.","Unión Europea, Elecciones 2026"
La República,2026-06-09 15:56:20,"Ernesto Zunini cuestiona nueva versión de Alfredo Torres sobre conteo rápido: ""Por lo menos, es extraño""",Mauricio Muñoz,https://larepublica.pe/politica/2026/06/09/ernesto-zunini-cuestiona-nueva-version-de-alfredo-torres-sobre-conteo-rapido-por-lo-menos-es-extrano-hnews-157590,Zunini dio una conferencia de prensa acompañado de figuras de Juntos por el Perú como Manuel Rodríguez Cuadro y Roy Mendoza.,"Juntos Por el Perú, Alfredo Torres"
La República,2026-06-08 00:45:18,Elecciones 2026: los artistas y el antivoto,Estefany Barrientos,https://larepublica.pe/cine-series/2026/06/08/elecciones-2026-los-artistas-y-el-antivoto-385707,"Cineastas, actores y músicos se pronunciaron en sus redes sociales. “Debemos votar, una vez más, contra el totalitarismo”, dijo Susana Baca.","Impresa, Elecciones 2026, Cine Peruano, Susana Baca, Alberto Fujimori"
La República,2026-06-09 23:08:26,"Transparencia ratifica cifras del conteo rápido que favorecen a Sánchez: ""No cambia para nada""",Narda Saavedra,https://larepublica.pe/politica/2026/06/09/transparencia-ratifica-cifras-del-conteo-rapido-que-favorecen-a-sanchez-no-cambia-para-nada-hnews-215253,"Al respecto, indicó que los resultados son ""indistinguibles matemáticamente"", por lo que la estimación que ha realizado el equipo de Ipsos se encuentra dentro del margen de error (intervalo) que ellos señalaron desde un inicio.","Transparencia, Ipsos Perú"
La República,2026-06-09 22:32:05,Resultados ONPE: Ate y SJL registran la mayoría de actas observadas en Lima Metropolitana,Diego Alva,https://larepublica.pe/politica/2026/06/09/resultados-onpe-ate-y-sjl-registran-la-mayoria-de-actas-observadas-en-lima-metropolitana-keiko-fujimori-roberto-sanchez-hnews-897372,"MARGEN. Roberto Sánchez y Keiko Fujimori no han tenido una diferencia tan marcada en estos distritos, por lo que el voto pendiente de contabilizar en estas localidades podría distribuirse equitativamente entre ambos candidatos.",Elecciones 2026
La República,2026-06-09 22:20:39,"Defensoría ordenó el recojo masivo de actas de sufragio el día de la votación, alertan su sindicato",Narda Saavedra,https://larepublica.pe/politica/2026/06/09/defensoria-ordeno-el-recojo-masivo-de-actas-de-sufragio-el-dia-de-la-votacion-alertan-su-sindicato-hnews-163251,"Además, alertaron sobre la presencia de voluntarios y personal externo en actividades de campo vinculadas al proceso electoral.","Defensoría del Pueblo, Elecciones 2026"
La República,2026-06-09 17:26:41,JEE: audiencias públicas para recuento de votos de actas observadas inician este viernes,Narda Saavedra,https://larepublica.pe/politica/2026/06/09/jee-audiencias-publicas-para-recuento-de-votos-de-actas-observadas-inician-este-viernes-hnews-474327,"Se trata de tres mesas de sufragio. Una pertenece al distrito de Olmos, en Lambayeque, mientras que las otras dos corresponden al distrito de Tambopata, en Puerto Maldonado.",Elecciones 2026
La República,2026-06-09 19:51:54,Tribunal Constitucional ordena que Víctor Rodríguez Monteza se reincorpore como fiscal supremo,Narda Saavedra,https://larepublica.pe/politica/2026/06/09/tribunal-constitucional-ordena-que-victor-rodriguez-monteza-se-reincorpore-como-fiscal-supremo-hnews-202149,"Rodríguez Monteza, destituido en 2021 por la Junta Nacional de Justicia como sanción disciplinaria, sostuvo que su destitución fue impuesta cuando el proceso disciplinario había caducado. El TC le dio la razón.","Tribunal Constitucional, Fiscalía"
La República,2026-06-09 19:05:19,Juntos por el Perú pide al JNE actuar contra Alfredo Torres por marcar posición a favor de Fujimori,Jazmín Bianchi,https://larepublica.pe/politica/2026/06/09/juntos-por-el-peru-pide-al-jne-actuar-contra-alfredo-torres-por-marcar-posicion-a-favor-de-fujimori-hnews-146592,"Juntos por el Perú acusa al presidente de Ipsos Perú de difundir ""modelos desarrollados"" que dan ventaja a la lideresa de Fuerza Popular sin publicar ficha técnica que respalde ese resultado.","Juntos Por el Perú, Keiko Fujimori, Ipsos Perú, JNE"
La República,2026-06-09 18:06:27,Denuncian que dos fiscales fueron secuestrados por policías durante intervención electoral en Ucayali,Ariadna Yaya,https://larepublica.pe/politica/2026/06/09/denuncian-que-dos-fiscales-fueron-secuestrados-por-policias-durante-intervencion-electoral-en-ucayali-hnews-250182,"La Junta de Fiscales Supremos expresó su ""más enérgico rechazo"" a la detención de los magistrados, anunció acciones penales por el presunto delito de secuestro contra los efectivos involucrados y reafirmó su respaldo institucional a los representantes del Ministerio Público.","Ministerio Público, Fiscalía, Elecciones 2026"
La República,2026-06-09 17:50:46,"“Todo fue una confusión”, dice familia de anciano detenido por “alterar” cédulas de votación",Rosmery Tapara,https://larepublica.pe/politica/2026/06/09/todo-fue-una-confusion-dice-familia-de-anciano-detenido-por-alterar-cedulas-de-votacion-onpe-juntos-por-el-peru-fuerza-popular-hnews-669753,"M.M.V., de 79 años, alegó a las autoridades que escribió las iniciales “JP” (Juntos por el Perú), porque es lo que entendió cuando recibió capacitación como personero. También indicó que quienes destruyeron las cédulas fueron los miembros de la mesa de votación.","Roberto Sánchez, Keiko Fujimori, Juntos Por el Perú, Fuerza Popular"
La República,2026-06-09 17:16:23,"Más de 1.500 actas en España, EE.UU., Chile, Argentina, Italia y Japón serán cruciales en el balotaje",Diego Alva,https://larepublica.pe/politica/2026/06/09/resultados-onpe-mas-de-1500-actas-en-espana-estados-unidos-chile-argentina-italia-y-japon-seran-cruciales-en-la-segunda-vuelta-roberto-sanchez-keiko-fujimori-hnews-131364,"El conteo de ONPE para el voto extranjero va al 30,476%. 34 países ya culminaron este proceso, pero solo agrupan 184 de las 2.543 actas distribuidas en el exterior.",Elecciones 2026
La República,2026-06-09 14:32:47,JNE reitera que resultados oficiales de la segunda vuelta entre Fujimori y Sánchez estarán en 30 días,Jazmín Bianchi,https://larepublica.pe/politica/2026/06/09/jne-reitera-que-resultados-oficiales-de-la-segunda-vuelta-entre-fujimori-y-sanchez-estaran-en-30-dias-hnews-899856,"El organismo electoral ya procesa más de 1.000 actas observadas por errores o firmas faltantes, y calcula que a mediados de julio se proclamará al nuevo presidente tras resolver todas las apelaciones y recuentos.","JNE, Keiko Fujimori, Roberto Sánchez"
La República,2026-06-09 14:29:24,"Roberto Sánchez no descarta dialogar con Keiko Fujimori en un eventual gobierno: ""Con tal de derrotar la pobreza""",Narda Saavedra,https://larepublica.pe/politica/2026/06/09/roberto-sanchez-no-descarta-dialogar-con-keiko-fujimori-en-un-eventual-gobierno-con-tal-de-derrotar-la-pobreza-hnews-376938,"'Con tal de derrotar la pobreza, la exclusión, la corrupción de nuestra patria, hay que ser capaz de reunirnos con todos los peruanos', dijo a la prensa.","Roberto Sánchez, Juntos Por el Perú, Keiko Fujimori"
La República,2026-06-09 13:19:43,JNJ investiga a juez Concepción Carhuancho por inaplicar ley de Fernando Rospigliosi,Ariadna Yaya,https://larepublica.pe/politica/2026/06/09/jnj-investiga-a-juez-concepcion-carhuancho-por-inaplicar-ley-de-lesa-humanidad-hnews-557343,"El organismo inició un procedimiento disciplinario contra el magistrado por decisiones en las que dejó de aplicar normas aprobadas por el Congreso. Entre ellas figura la ley que buscó redefinir los alcances de los delitos de lesa humanidad, cuestionada por organismos de derechos humanos.","Junta Nacional de Justicia, Richard Concepción Carhuancho"
La República,2026-06-09 13:43:52,"Poder Judicial libera a acusados de marcar cédulas en Los Olivos, pero continuarán en investigación",Jazmín Bianchi,https://larepublica.pe/politica/2026/06/09/poder-judicial-libera-a-acusados-de-marcar-cedulas-en-los-olivos-pero-continuaran-en-investigacion-hnews-450207,"Los miembros de mesa acusados por alterar material electoral permanecían detenidos, pero la magistrada Vania Palomino ordenó su libertad al no demostrarse que fueron capturados en flagrancia.",
La República,2026-06-07 12:16:50,Intervienen a adulto mayor por presunta invalidación de 93 cédulas de votación en colegio de Los Olivos,Luis Aguilar,https://larepublica.pe/sociedad/2026/06/07/intervienen-a-adulto-mayor-por-presunta-invalidacion-de-93-cedulas-de-votacion-en-colegio-de-los-olivos-456470,"El incidente se registró en el aula 106 de la institución educativa Enrique Milla Ocho, donde se detectaron irregularidades en la mesa de sufragio N.° 061025 durante las Elecciones 2026.","Elecciones 2026, Los Olivos"
La República,2026-06-09 07:58:39,Fujimori perdió votos en el norte y Sánchez se consolidó en el Sur: hay 1.516 actas observadas,Carlos Villacorta,https://larepublica.pe/politica/2026/06/09/keiko-fujimori-perdio-votos-en-el-norte-y-sanchez-se-consolido-en-el-sur-hnews-618597,"VOTO A VOTO. La contienda electoral se definirá con los votos rurales y del exterior. ONPE avanza con el conteo y se registra una ligera caída en contra de la candidata de Fuerza Popular, en especial en regiones donde tenía un alto respaldo.","Keiko Fujimori, Roberto Sánchez, Elecciones 2026"
La República,2026-06-09 08:13:15,Cámara de Diputados y Senadores queda lista para el periodo 2026-2031,Carlos Villacorta,https://larepublica.pe/politica/2026/06/09/camara-de-diputados-y-senadores-queda-lista-para-el-periodo-20262031-hnews-587547,"NUEVOS CONGRESISTAS. Fuerza Popular se consolida como la bancada que tiene mayoría en la Cámara de Diputados y el Senado. Sin embargo, necesitará de Renovación Popular y algunos otros congresistas que le permitan consolidar el control del nuevo Congreso.","Congreso del Perú, Elecciones 2026"
La República,2026-06-09 06:49:00,Mininter compró 44 ‘rochabuses’ árabes más caros que los que ofertó una firma de Turquía,Doris Aguirre,https://larepublica.pe/politica/2026/06/09/mininter-compro-44-rochabuses-arabes-mas-caros-que-los-que-oferto-una-firma-de-turquia-hnews-241344,Con sobreprecio. La firma turca Katmerciler ofreció por la flota de motobombas blindadas un precio inferior al de la oferta de una compañía árabe. Pero funcionarios del Mininter le bajaron puntos a la primera para favorecer a la segunda.,"Policía Nacional del Perú, Ministerio del Interior, PCM"
La República,2026-06-08 22:09:54,Resultados ONPE: 18 de las 25 regiones ya contabilizaron el total de actas y solo quedan las observadas,Diego Alva,https://larepublica.pe/politica/2026/06/08/resultados-onpe-18-de-las-25-regiones-ya-contabilizaron-el-total-de-actas-y-quedan-las-observadas-roberto-sanchez-keiko-fujimori-hnews-699288,"A nivel de Perú ya se registró el 97,6% de actas contabilizadas, según el conteo oficial de la ONPE. Las actas pendientes se encuentran en Amazonas, Ayacucho, Cusco, Junín, Loreto, Madre de Dios y Ucayali. El conteo total ya alcanzó el 95,24%",
La República,2026-06-08 23:00:47,"Hildebrandt sobre Fujimori: ""Es la empleada vitalicia que la derecha encuentra cada cinco años""",Narda Saavedra,https://larepublica.pe/politica/2026/06/08/cesar-hildebrandt-sobre-keiko-fujimori-es-la-empleada-vitalicia-que-la-derecha-encuentra-cada-cinco-anos-hnews-110880,"También resaltó que, en caso de perder las elecciones, ella sería la única responsable de su derrota. ""'Miki Torres' puso su granito de arena al mencionar lo del complot contra Pedro Castillo"", dijo.","César Hildebrandt, Keiko Fujimori, Elecciones 2026"
La República,2026-06-08 22:52:42,Congreso gastará más de S/400 mil en remodelar su complejo deportivo,Narda Saavedra,https://larepublica.pe/politica/2026/06/08/congreso-gastara-mas-de-s400-mil-en-remodelar-su-complejo-deportivo-hnews-171384,La buena pro fue otorgada a la Inmobiliaria Piñarreta SAC por S/415 500. La convocatoria fue realizada el 15 de abril de 2026 y el 7 de mayo se realizó la adjudicación.,Congreso del Perú
La República,2026-06-08 17:04:56,"IDEA Internacional sobre la segunda vuelta en el Perú: ""El llamado es a aceptar los resultados""",Alejandro Céspedes García,https://larepublica.pe/politica/2026/06/08/idea-internacional-sobre-la-segunda-vuelta-en-el-peru-no-hubo-fraude-el-llamado-es-a-aceptar-los-resultados-de-las-elecciones-marcela-rios-onpe-hnews-763296,"Marcela Ríos, directora para América Latina y el Caribe de IDEA Internacional, fue observadora internacional en la segunda vuelta presidencial peruana. Su veredicto es claro: hubo errores, no fraude. Y llama a todos los actores políticos a respetar los resultados.",Elecciones 2026
La República,2026-06-07 16:50:09,"Keiko Fujimori duplica en votos a Sánchez en Lima: logra 63% y él 36%, según la ONPE",Carlos Villacorta,https://larepublica.pe/politica/2026/06/07/resultados-en-lima-metropolitana-conteo-de-votos-entre-keiko-fujimori-y-roberto-sanchez-y-el-minuto-a-minuto-de-ipsos-hnews-291214,Elecciones 2026. Conoce cómo votó la región de Lima Metropolitana para la segunda vuelta entre Keiko Fujimori y Roberto Sánchez,"Lima Metropolitana, Elecciones 2026"
La República,2026-06-07 17:28:15,Ucayali: Keiko Fujimori tiene 52% y Roberto Sánchez 47% en el conteo de la ONPE,Carlos Villacorta,https://larepublica.pe/politica/2026/06/07/resultados-en-ucayali-conoce-aqui-el-conteo-de-votos-entre-keiko-fujimori-y-roberto-sanchez-y-el-minuto-a-minuto-de-ipsos-hnews-216370,Elecciones 2026. Conoce cómo votó la región de Ucayali para la segunda vuelta entre Keiko Fujimori y Roberto Sánchez,"Ucayali, Elecciones 2026"
La República,2026-06-07 17:29:41,Tumbes: Keiko Fujimori tiene 64% y Roberto Sánchez 35% en el conteo de la ONPE,Carlos Villacorta,https://larepublica.pe/politica/2026/06/07/resultados-en-tumbes-entre-keiko-fujimori-y-roberto-sanchez-conoce-aqui-el-conteo-de-votos-y-el-minuto-a-minuto-de-ipsos-hnews-209601,Elecciones 2026. Conoce cómo votó la región de Tumbes para la segunda vuelta entre Keiko Fujimori y Roberto Sánchez,"Tumbes, Elecciones 2026"
La República,2026-06-07 17:26:16,Roberto Sánchez se posiciona en Tacna: logró 71% de votos frente a 28% de Keiko Fujimori,Carlos Villacorta,https://larepublica.pe/politica/2026/06/07/conoce-como-voto-la-region-de-tacna-para-la-segunda-vuelta-entre-keiko-fujimori-y-roberto-sanchez-hnews-99792,Elecciones 2026. Conoce cómo votó la región de Tacna para la segunda vuelta entre Keiko Fujimori y Roberto Sánchez,"Tacna, Elecciones 2026"
La República,2026-06-07 17:25:34,San Martín: Roberto Sánchez alcanza 54% y Keiko Fujimori 45% en el conteo de la ONPE,Carlos Villacorta,https://larepublica.pe/politica/2026/06/07/resultados-en-san-martin-entre-keiko-fujimori-y-roberto-sanchez-conoce-aqui-el-conteo-de-votos-y-el-minuto-a-minuto-de-ipsos-hnews-491995,Elecciones 2026. Conoce cómo votó la región de San Martín para la segunda vuelta entre Keiko Fujimori y Roberto Sánchez,"San Martín, Elecciones 2026"
La República,2026-06-07 17:04:46,"Sánchez va primero en Puno con 86% y Keiko logra solo 13%, según conteo de la ONPE",Carlos Villacorta,https://larepublica.pe/politica/2026/06/07/resultados-en-puno-entre-keiko-fujimori-y-roberto-sanchez-conoce-aqui-el-conteo-de-votos-y-el-minuto-a-minuto-de-ipsos-hnews-297171,Conoce cómo votó la región de Puno para la segunda vuelta entre Keiko Fujimori y Roberto Sánchez.,"Puno, Elecciones 2026"
La República,2026-06-07 16:57:49,"Keiko perdió votos en Piura y gana con poca diferencia: alcanzó 56% y Sánchez 43%, según ONPE",Carlos Villacorta,https://larepublica.pe/politica/2026/06/07/resultados-en-piura-entre-keiko-fujimori-y-roberto-sanchez-conoce-aqui-el-conteo-de-votos-y-el-minuto-a-minuto-de-ipsos-hnews-97153,Elecciones 2026: Conoce cómo votó la región de Piura para la segunda vuelta entre Keiko Fujimori y Roberto Sánchez,"Piura, Elecciones 2026"
La República,2026-06-07 16:55:05,Pasco: Roberto Sánchez tiene 60% y Keiko Fujimori 39% en el conteo de la ONPE,Carlos Villacorta,https://larepublica.pe/politica/2026/06/07/resultados-en-pasco-conoce-aqui-el-conteo-de-votos-entre-keiko-fujimori-y-roberto-sanchez-y-el-minuto-a-minuto-de-ipsos-hnews-478961,Elecciones 2026: Conoce cómo votó la región de Pasco para la segunda vuelta entre Keiko Fujimori y Roberto Sánchez,"Pasco, Elecciones 2026"
La República,2026-06-07 16:53:55,Sánchez obtiene mayoría en Moquegua: logra 72% de votos y Fujimori solo 27%,Carlos Villacorta,https://larepublica.pe/politica/2026/06/07/resultados-en-moquegua-entre-keiko-fujimori-y-roberto-sanchez-conoce-aqui-el-conteo-de-votos-y-el-minuto-a-minuto-de-ipsos-hnews-402157,Elecciones 2026. Conoce cómo votó la región de Moquegua para la segunda vuelta entre Keiko Fujimori y Roberto Sánchez,"Moquegua, Elecciones 2026"
La República,2026-06-07 16:52:36,Madre de Dios: Roberto Sánchez tiene 68% y Keiko Fujimori 31% en el conteo de la ONPE,Carlos Villacorta,https://larepublica.pe/politica/2026/06/07/resultados-en-madre-de-dios-conoce-aqui-la-votacion-entre-keiko-fujimori-y-roberto-sanchez-segun-la-region-hnews-593803,Elecciones 2026: Conoce cómo votó la región de Madre de Dios para la segunda vuelta entre Keiko Fujimori y Roberto Sánchez,"Madre de Dios, Elecciones 2026"
La República,2026-06-07 16:51:33,Loreto: Keiko Fujimori alcanza 54% y Roberto Sánchez 45% en el conteo de la ONPE,Carlos Villacorta,https://larepublica.pe/politica/2026/06/07/resultados-en-loreto-elecciones-2026-conteo-de-votos-entre-keiko-fujimori-y-roberto-sanchez-y-el-minuto-a-minuto-de-ipsos-hnews-545370,Conoce cómo votó la región de Loreto para la segunda vuelta entre Keiko Fujimori y Roberto Sánchez,"Loreto, Elecciones 2026"
La República,2026-06-07 17:21:01,LINK oficial de la ONPE para ver los resultados EN VIVO de la segunda vuelta: conoce AQUÍ quién va ganando entre Keiko Fujimori y Roberto Sánchez,Mailhy Rojas,https://larepublica.pe/politica/2026/06/07/link-oficial-de-la-onpe-para-ver-los-resultados-en-vivo-de-la-segunda-vuelta-conoce-aqui-quien-va-ganando-entre-keiko-fujimori-y-roberto-sanchez-hnews-214977,Sigue aquí los resultados oficiales de la elección presidencial. La ONPE actualiza los datos cada 15 minutos conforme avanza la digitalización y el procesamiento de las actas electorales de la jornada realizada este domingo 7 de junio.,"ONPE, segunda vuelta electoral, Keiko Fujimori, Roberto Sánchez"
La República,2026-06-08 19:38:41,"Miraflores, San Isidro y Surco lideraron el ausentismo en Lima Metropolitana: más de 136 mil personas no fueron a votar",Jazmín Bianchi,https://larepublica.pe/politica/2026/06/08/elecciones-2026-miraflores-san-isidro-y-surco-lideraron-el-ausentismo-en-lima-metropolitana-mas-de-136-mil-personas-no-fueron-a-votar-hnews-745520,"Los distritos más exclusivos de la capital concentraron la menor participación en las urnas. Para esta segunda vuelta, los niveles de ausentismo superaron el 29% en zonas residenciales de Lima Metropolitana.","Keiko Fujimori, Roberto Sánchez, Elecciones 2026, Lima Metropolitana"
La República,2026-06-08 18:18:56,Elecciones 2026: detienen a personero por robo de 261 cédulas de votación en Arequipa,Jazmín Bianchi,https://larepublica.pe/politica/2026/06/08/elecciones-2026-detienen-a-personero-por-robo-de-261-cedulas-de-votacion-en-arequipa-hnews-398104,"De acuerdo con la hipótesis del Ministerio Público, el personero aprovechó el descuido de las autoridades electorales para sustraer las cédulas de sufragio. El detenido podría enfrentar una pena de hasta 8 años de cárcel.","Elecciones 2026, Arequipa, segunda vuelta electoral"
La República,2026-06-07 16:43:53,Lambayeque: Keiko logra 58% de votos y Roberto Sánchez 41%,Carlos Villacorta,https://larepublica.pe/politica/2026/06/07/resultados-en-lambayeque-entre-keiko-fujimori-y-roberto-sanchez-conoce-aqui-el-conteo-de-votos-y-el-minuto-a-minuto-de-ipsos-hnews-265762,Conoce cómo votó la región de Lambayeque para la segunda vuelta entre Keiko Fujimori y Roberto Sánchez,"Lambayeque, Elecciones 2026"
La República,2026-06-07 17:01:21,"Flash Electoral de Datum: Keiko Fujimori obtiene 50,53% y Roberto Sánchez 49,47% en segunda vuelta",Rosa Grandez,https://larepublica.pe/politica/2026/06/07/flash-electoral-datum-keiko-fujimori-con-5053-y-roberto-sanchez-con-4947-en-los-resultados-de-la-segunda-vuelta-hnews-142310,"Tras terminar la votación, Datum informó los resultados preliminares a boca de urna entre los candidatos de Juntos por el Perú y Fuerza Popular.","Roberto Sánchez, Keiko Fujimori, Fuerza Popular, Juntos Por el Perú"
La República,2026-06-07 16:42:19,"La Libertad: 57% de votos para Keiko Fujimori y 42% para Roberto Sánchez, según ONPE",Carlos Villacorta,https://larepublica.pe/politica/2026/06/07/resultados-en-la-libertad-entre-keiko-fujimori-y-roberto-sanchez-conoce-aqui-el-conteo-de-votos-y-el-minuto-a-minuto-de-ipsos-hnews-585445,Conoce cómo votó la región de La Libertad para la segunda vuelta entre Keiko Fujimori y Roberto Sánchez.,"La Libertad, Elecciones 2026"
La República,2026-06-07 16:46:46,"Sánchez va primero en Junín con 54% y Keiko queda con 45%, al 97% del conteo de la ONPE",Narda Saavedra,https://larepublica.pe/politica/2026/06/07/resultados-en-junin-entre-keiko-fujimori-y-roberto-sanchez-conoce-aqui-el-conteo-de-votos-y-el-minuto-a-minuto-de-ipsos-hnews-276318,Conoce cómo votó la región de Junín en la segunda vuelta entre Keiko Fujimori y Roberto Sánchez.,"Junín, Elecciones 2026"
La República,2026-06-07 16:39:52,"Keiko gana en Ica con poca diferencia: alcanzó 51% y Sánchez 48%, según ONPE",Narda Saavedra,https://larepublica.pe/politica/2026/06/07/resultados-en-ica-entre-keiko-fujimori-y-roberto-sanchez-conoce-aqui-el-conteo-de-votos-y-el-minuto-a-minuto-de-ipsos-hnews-206220,Conoce cómo votó la región de Ica para la segunda vuelta entre Keiko Fujimori y Roberto Sánchez.,"ONPE, Elecciones 2026"
La República,2026-06-07 16:38:18,"Sánchez duplica en votos a Fujimori en Huánuco: logró 64% y ella solo 35%, según ONPE",Narda Saavedra,https://larepublica.pe/politica/2026/06/07/resultados-en-huanuco-entre-keiko-fujimori-y-roberto-sanchez-conoce-aqui-el-conteo-de-votos-y-el-minuto-a-minuto-de-ipsos-hnews-121184,Conoce cómo votó la región de Huánuco para la segunda vuelta entre Keiko Fujimori y Roberto Sánchez.,"Huánuco, Elecciones 2026"
La República,2026-06-07 16:35:48,"Sánchez logra 81% de votos en Huancavelica y Fujimori solo 18%, según ONPE",Narda Saavedra,https://larepublica.pe/politica/2026/06/07/resultados-en-huancavelica-entre-keiko-fujimori-y-roberto-sanchez-conoce-aqui-el-conteo-de-votos-y-el-minuto-a-minuto-de-ipsos-hnews-175553,Conoce cómo votó la región de Huancavelica en la segunda vuelta entre Keiko Fujimori y Roberto Sánchez.,"Huancavelica, Elecciones 2026"
La República,2026-06-07 16:34:20,"Roberto Sánchez gana en Cusco: alcanzó 77% de votos y Keiko solo 22%, según ONPE",Narda Saavedra,https://larepublica.pe/politica/2026/06/07/resultados-en-cusco-entre-keiko-fujimori-y-roberto-sanchez-conoce-aqui-el-conteo-de-votos-y-el-minuto-a-minuto-de-ipsos-hnews-481880,Conoce cómo votó la región de Cusco para la segunda vuelta entre Keiko Fujimori y Roberto Sánchez.,Cusco
La República,2026-06-07 16:33:04,Keiko Fujimori se posiciona en el Callao: logró 65% de votos frente a 34% de Sánchez,Narda Saavedra,https://larepublica.pe/politica/2026/06/07/resultados-en-callao-entre-keiko-fujimori-y-roberto-sanchez-conoce-aqui-el-conteo-de-votos-y-el-minuto-a-minuto-de-ipsos-hnews-689486,Conoce cómo votó la región de Callao para la segunda vuelta entre Keiko Fujimori y Roberto Sánchez.,"Callao, Elecciones 2026"
La República,2026-06-07 16:31:18,"Cajamarca prefiere a Roberto Sánchez: JP logró 66% de votos y Fuerza Popular 33%, según ONPE",Narda Saavedra,https://larepublica.pe/politica/2026/06/07/resultados-en-cajamarca-entre-keiko-fujimori-y-roberto-sanchez-conoce-aqui-el-conteo-de-votos-y-el-minuto-a-minuto-de-ipsos-hnews-699930,Conoce cómo votó la región de Cajamarca para la segunda vuelta entre Keiko Fujimori y Roberto Sánchez.,"Cajamarca, Elecciones 2026"
La República,2026-06-07 14:31:33,Elecciones presidenciales de Perú 2026 EN VIVO: minuto a minuto de segunda vuelta entre Keiko Fujimori y Roberto Sánchez,Ariadna Yaya,https://larepublica.pe/politica/2026/06/07/elecciones-presidenciales-de-peru-2026-en-vivo-minuto-a-minuto-de-segunda-vuelta-entre-keiko-fujimori-y-roberto-sanchez-hnews-178157,"Sigue EN VIVO la segunda vuelta de las Elecciones 2026 entre Keiko Fujimori y Roberto Sánchez. Conoce las últimas incidencias de la jornada, las reacciones de los candidatos, los reportes de los organismos electorales y los resultados oficiales que difundirá la ONPE.","Elecciones 2026, Keiko Fujimori, Roberto Sánchez"
La República,2026-06-08 14:28:58,"Marisol Pérez Tello: ""Más allá de nuestras preferencias, toca respetar los resultados y todos los votos""",Jazmín Bianchi,https://larepublica.pe/politica/2026/06/08/marisol-perez-tello-mas-alla-de-nuestras-preferencias-toca-respetar-los-resultados-y-todos-los-votos-hnews-705048,"La excandidata presidencial de Primero La Gente hizo un llamado a la calma y a defender la legitimidad del proceso electoral. Además, respaldó la validez de las mesas de votación en zonas rurales tras cuestionamientos sobre su creación.",
La República,2026-06-07 16:30:43,"Roberto Sánchez gana en Ayacucho: logra 79% de votos sobre 20% de Fujimori, según ONPE",Narda Saavedra,https://larepublica.pe/politica/2026/06/07/resultados-en-ayacucho-entre-keiko-fujimori-y-roberto-sanchez-conoce-aqui-el-conteo-de-votos-y-el-minuto-a-minuto-de-ipsos-hnews-290185,Conoce cómo votó la región de Ayacucho para la segunda vuelta entre Keiko Fujimori y Roberto Sánchez.,"Ayacucho, Elecciones 2026"
La República,2026-06-07 16:27:01,"Sánchez duplica en votos a Fujimori en Arequipa: JP obtuvo 63% y Fuerza Popular 36%,  según conteo ONPE",Narda Saavedra,https://larepublica.pe/politica/2026/06/07/resultados-en-arequipa-entre-keiko-fujimori-y-roberto-sanchez-conoce-aqui-el-conteo-de-votos-y-el-minuto-a-minuto-de-ipsos-hnews-196973,Conoce cómo votó la región de Arequipa para la segunda vuelta entre Keiko Fujimori y Roberto Sánchez.,"Arequipa, Elecciones 2026"
La República,2026-06-07 16:24:15,Sánchez tiene aplastante victoria sobre Keiko en Apurímac: JP reunió 81% de votos y Fuerza Popular solo 18%,Narda Saavedra,https://larepublica.pe/politica/2026/06/07/resultados-en-apurimac-entre-keiko-fujimori-y-roberto-sanchez-conoce-aqui-el-conteo-de-votos-y-el-minuto-a-minuto-de-ipsos-hnews-386456,Conoce cómo votó la región de Apurímac para la segunda vuelta entre Keiko Fujimori y Roberto Sánchez.,"Apurimac, Elecciones 2026"
La República,2026-06-07 16:22:41,"Resultados en Áncash al 98%: Sánchez tiene mayoría de votos frente a Keiko Fujimori, según ONPE",Narda Saavedra,https://larepublica.pe/politica/2026/06/07/resultados-en-ancash-entre-keiko-fujimori-y-roberto-sanchez-conoce-aqui-el-conteo-de-votos-y-el-minuto-a-minuto-de-ipsos-hnews-228914,Conoce cómo votó la región de Áncash para la segunda vuelta entre Keiko Fujimori y Roberto Sánchez.,"Áncash, Elecciones 2026"
La República,2026-06-08 15:02:06,"Jefe de personeros de Fuerza Popular: ""Todo lo que está contabilizando la ONPE también lo tenemos""",Diego Alva,https://larepublica.pe/politica/2026/06/08/luis-dyer-jefe-de-personeros-de-fuerza-popular-todo-lo-que-esta-contabilizando-la-onpe-tambien-lo-tenemos-hnews-757904,"Luis Dyer reconoció que están garantizando el conteo de la ONPE y constatan los resultados con las actas que ""recuperaron"". Asimismo, señaló que, en los casos de incidentes con las actas, estas fueron repuestas.",
La República,2026-06-08 14:17:14,"Roberto Sánchez llama a esperar los resultados al 100%: ""Con tranquilidad y serenidad""",Narda Saavedra,https://larepublica.pe/politica/2026/06/08/roberto-sanchez-llama-a-esperar-los-resultados-al-100-con-tranquilidad-y-serenidad-hnews-504208,"En ese sentido, el candidato llamó a que los personeros y el equipo técnico realicen sus labores en este proceso.","Roberto Sánchez, Juntos Por el Perú, Elecciones 2026"
La República,2026-06-07 21:03:41,Resultados ONPE 2026 EN VIVO: Mapa interactivo de cómo votó cada región del Perú,Sergio Mejía,https://larepublica.pe/politica/2026/06/07/resultados-onpe-2026-mapa-interactivo-de-como-voto-cada-region-del-peru-174503,Este mapa interactivo muestra el conteo oficial de la ONPE y permite seguir en tiempo real la distribución de votos y las tendencias electorales en diversas regiones del país.,"Elecciones 2026, Keiko Fujimori, Roberto Sánchez, ONPE"
La República,2026-06-08 14:10:13,Roberto Sánchez volvió al Congreso y encabezó comisión multipartidaria del Puerto de Chancay,Ariadna Yaya,https://larepublica.pe/politica/2026/06/08/roberto-sanchez-volvio-al-congreso-y-encabezo-comision-multipartidaria-del-puerto-de-chancay-segunda-vuelta-hnews-369480,"El candidato presidencial de Juntos por el Perú retomó sus funciones parlamentarias un día después de la segunda vuelta electoral y lideró una sesión de la comisión encargada de supervisar el desarrollo del Puerto de Chancay, donde se debatió el informe final sobre los avances y desafíos de este megaproyecto.","Roberto Sánchez, Elecciones 2026, Congreso del Perú"
La República,2026-06-08 13:06:46,"Roberto Sánchez con 50,008% pasa a Keiko Fujimori con 49,992%, según la ONPE al 94%",Jazmín Bianchi,https://larepublica.pe/politica/2026/06/08/roberto-sanchez-con-50008-pasa-a-keiko-fujimori-con-49992-segun-la-onpe-al-965-hnews-211448,"El candidato de Juntos por el Perú está por delante de su contendora de Fuerza Popular, de acuerdo al avance de conteo oficial de la ONPE.",
La República,2026-06-08 13:19:16,"Keiko Fujimori supera a Roberto Sánchez en 9 de las 25 regiones del país, según ONPE al 94%",Jazmín Bianchi,https://larepublica.pe/politica/2026/06/08/keiko-fujimori-supera-a-roberto-sanchez-en-9-de-las-25-regiones-del-pais-segun-onpe-al-9397-hnews-120304,La candidata presidencial de Fuerza Popular presenta mayoría de votos solo en el norte y centro del país.,"Keiko Fujimori, Roberto Sánchez, Elecciones 2026, segunda vuelta electoral"
La República,2026-06-07 16:28:21,"Resultados en Amazonas, según ONPE al 90%: Roberto Sánchez con 62% y Keiko Fujimori con 37%",Narda Saavedra,https://larepublica.pe/politica/2026/06/07/resultados-en-amazonas-entre-keiko-fujimori-y-roberto-sanchez-conoce-aqui-el-conteo-de-votos-y-el-minuto-a-minuto-de-ipsos-hnews-558215,Conoce cómo votó la región de Amazonas para la segunda vuelta entre Keiko Fujimori y Roberto Sánchez.,Amazonas
La República,2026-06-07 13:32:54,JNE confirma que los resultados oficiales de la segunda vuelta entre Keiko Fujimori y Roberto Sánchez se anunciarán en julio,Mailhy Rojas,https://larepublica.pe/politica/2026/06/07/jne-confirma-que-los-resultados-finales-de-la-segunda-vuelta-entre-keiko-fujimori-y-roberto-sanchez-se-anunciaran-en-julio-hnews-136682,El JNE informó que los resultados finales de la segunda vuelta presidencial entre Keiko Fujimori y Roberto Sánchez serán proclamados “a mediados de julio” debido al nuevo proceso obligatorio de recuento de votos en actas observadas.,"Elecciones 2026, segunda vuelta electoral, JNE, Keiko Fujimori, Roberto Sánchez"
La República,2026-06-08 12:20:34,"Keiko Fujimori tras la segunda vuelta: ""Tenemos que esperar las actas que vienen del extranjero""",Ariadna Yaya,https://larepublica.pe/politica/2026/06/08/keiko-fujimori-tras-la-segunda-vuelta-tenemos-que-esperar-las-actas-que-vienen-del-extranjero-hnews-521848,La candidata de Fuerza Popular pidió cautela ante los primeros resultados de la segunda vuelta de las elecciones 2026 y aseguró que aguardará el conteo total antes de pronunciarse sobre una eventual victoria.,"Keiko Fujimori, Elecciones 2026"
La República,2026-06-07 21:10:21,"Conteo rápido al 100%: Roberto Sánchez con 50.3% y Keiko Fujimori con 49.7%, según Ipsos",Narda Saavedra,https://larepublica.pe/politica/2026/06/07/conteo-rapido-al-100-roberto-sanchez-con-503-y-keiko-fujimori-con-497-segun-ipsos-hnews-71183,"De acuerdo con este resultado, ambos candidatos presentan un empate técnico.","Roberto Sánchez, Keiko Fujimori, Elecciones 2026"
La República,2026-06-08 10:34:13,Conteo ONPE: ¿Cuánto es la cantidad de votos que separa a Keiko y Sánchez hasta el momento?,Ariadna Yaya,https://larepublica.pe/politica/2026/06/08/conteo-onpe-cuanto-es-la-cantidad-de-votos-que-separa-a-keiko-fujimori-y-roberto-sanchez-hasta-el-momento-hnews-421848,La ONPE actualizó los resultados de la segunda vuelta de las Elecciones 2026 y confirmó que la diferencia entre Keiko Fujimori y Roberto Sánchez continúa siendo estrecha cuando aún faltan miles de actas por procesar y otras observadas por resolver.,"ONPE, Keiko Fujimori, Roberto Sánchez"
La República,2026-06-08 07:32:40,INPE niega privilegios a Roberto Sánchez tras visita a Pedro Castillo durante la segunda vuelta,Ariadna Yaya,https://larepublica.pe/politica/2026/06/08/inpe-niega-privilegios-a-roberto-sanchez-tras-visita-a-pedro-castillo-durante-la-segunda-vuelta-hnews-577880,"El INPE sostuvo que el ingreso del congresista y candidato presidencial Roberto Sánchez al penal de Barbadillo se realizó bajo la normativa vigente y sin beneficios especiales, tras su visita al expresidente Pedro Castillo durante la jornada electoral.","INPE, Roberto Sánchez, Pedro Castillo, Elecciones 2026"
La República,2026-06-08 06:49:00,Un eventual gobierno de Keiko Fujimori sería continuación del “pacto mafioso” en el Congreso,Rosmery Tapara,https://larepublica.pe/politica/2026/06/08/un-eventual-gobierno-de-keiko-fujimori-seria-continuacion-del-pacto-mafioso-en-el-congreso-fuerza-popular-hnews-536865,"Proyección. Durante los gobiernos de Dina Boluarte, José Jerí y José María Balcázar, el Poder Legislativo, bajo dominio del fujimorismo, aprobó leyes para modificar normas y afectar la colaboración eficaz, los allanamientos y las escuchas telefónicas, herramientas indispensables contra la corrupción y el crimen. Un régimen de Keiko Fujimori sería una continuación de esta práctica antidemocrática.","Keiko Fujimori, Fuerza Popular, Alberto Fujimori, Fernando Rospigliosi"
La República,2026-06-07 22:36:27,"Keiko Fujimori: ""Sea cual sea el resultado lo reconoceremos e instamos que nuestro competidor (Roberto Sánchez) haga lo mismo""",Mario Tumba,https://larepublica.pe/politica/2026/06/07/keiko-fujimori-sea-cual-sea-el-resultado-lo-reconoceremos-e-instamos-que-nuestro-competidor-roberto-sanchez-haga-lo-mismo-284368,"La candidata presidencial de Fuerza Popular, Keiko Fujimori, brindó declaraciones tras los resultados del conteo rápido de Transparencia y Datum.","Keiko Fujimori, Roberto Sánchez, Elecciones 2026, ONPE"
La República,2026-06-07 22:03:57,"Keiko Fujimori minimiza resultado de conteo rápido: ""Sería irresponsable definir el resultado en base a una muestra""",Jazmín Bianchi,https://larepublica.pe/politica/2026/06/07/keiko-fujimori-minimiza-resultado-de-conteo-rapido-seria-irresponsable-definir-el-resultado-en-base-a-una-muestra-hnews-641004,"Keiko Fujimori, lideresa de Fuerza Popular, brinda declaraciones tras los resultados del conteo rápido de Transparencia.","Keiko Fujimori, Roberto Sánchez, JNE, ONPE, Elecciones 2026, Elecciones presidenciales, segunda vuelta electoral, Flash electoral"
La República,2026-06-07 14:32:58,Flash Electoral Ipsos EN VIVO: resultados a boca de urna de Keiko Fujimori y Roberto Sánchez en las Elecciones 2026,Narda Saavedra,https://larepublica.pe/politica/2026/06/07/flash-electoral-ipsos-en-vivo-resultados-a-boca-de-urna-de-las-elecciones-peru-2026-hnews-416780,"Sigue EN VIVO el Flash Electoral Ipsos de las Elecciones Perú 2026. Conoce los resultados a boca de urna de la segunda vuelta entre Keiko Fujimori y Roberto Sánchez, además del conteo y las últimas actualizaciones minuto a minuto.","Elecciones 2026, Keiko Fujimori, Roberto Sánchez"
La República,2026-06-07 22:13:04,"Jefe de la ONPE pide esperar el 100% de resultados: ""Tener el cierre de una fiesta democrática como el Perú se lo merece""",Mario Tumba,https://larepublica.pe/politica/2026/06/07/jefe-de-la-onpe-pide-esperar-el-100-de-resultados-tener-el-cierre-de-una-fiesta-democratica-como-el-peru-se-lo-merece-406140,"El jefe de la ONPE, Bernardo Pachas, se pronunció tras la difusión de los resultados del conteo rápido e informó que el avance del cómputo oficial alcanzaba el 51,152 %.","Elecciones 2026, ONPE"
La República,2026-06-07 19:26:20,"Roberto Sánchez gana el sur con un 73.9%, pero pierde en el norte frente a Keiko Fujimori quien obtiene 51.5%, según Ipsos",Jazmín Bianchi,https://larepublica.pe/politica/2026/06/07/resultados-en-regiones-roberto-sanchez-obtiene-el-561-frente-a-keiko-fujimori-con-439-segun-ipsos-hnews-459494,"El boca de urna de Ipsos revela un empate técnico presidencial. Mientras Lima y la Costa consolidan la votación de Keiko Fujimori, las regiones del interior y la Sierra impulsan la candidatura de Roberto Sánchez.",
La República,2026-06-07 21:16:23,"Conteo rápido al 100%: Roberto Sánchez con 50,14% y Keiko Fujimori con 49,86%, según Datum",Mauricio Muñoz,https://larepublica.pe/politica/2026/06/07/conteo-rapido-al-100-roberto-sanchez-con-5014-y-keiko-fujimori-con-4986-segun-datum-hnews-253211,El conteo rápido de Datum registra un empate técnico entre el candidato de Juntos por el Perú y la candidata de Fuerza Popular.,"Roberto Sánchez, Keiko Fujimori, Elecciones 2026"
La República,2026-06-07 21:39:53,Roberto Sánchez tras conteo rápido: “Este día empieza el hito constructivo para acabar con el pacto mafioso”,Rosa Grandez,https://larepublica.pe/politica/2026/06/07/roberto-sanchez-tras-conteo-rapido-este-dia-empieza-el-hito-constructivo-para-acabar-con-el-pacto-mafioso-hnews-383446,"Desde la Plaza San Martín, el candidato se dirigió a sus simpatizantes tras la difusión del conteo rápido de Ipsos, en el que llamó a la 'recuperación de la democracia' y lanzó críticas al gobierno, al que acusó de representar un 'pacto mafioso'.","Roberto Sánchez, Ipsos Perú, Keiko Fujimori, Elecciones 2026"
La República,2026-06-07 18:06:25,"Roberto Sánchez tras resultados a boca de urna: ""Es momento de defender el voto de las regiones""",Mauricio Muñoz,https://larepublica.pe/politica/2026/06/07/roberto-sanchez-tras-resultados-a-boca-de-urna-es-momento-de-defender-el-voto-de-las-regiones-hnews-658889,"El candidato de Juntos por el Perú destacó el aumento en su apoyo en Lima, según los resultados de las encuestas a boca de urna.","Roberto Sánchez, Keiko Fujimori, Elecciones 2026"
La República,2026-06-07 17:54:55,Roberto Sánchez recibió flash electoral junto con Pedro Castillo en el penal de Barbadillo,Diana Sanchez Bustamante,https://larepublica.pe/politica/2026/06/07/roberto-sanchez-recibio-flash-electoral-junto-con-pedro-castillo-en-el-penal-de-barbadillo-317541,El líder de Juntos por el Perú se retiró del establecimiento penitenciario sin pronunciarse.,"Roberto Sánchez, Juntos Por el Perú, Elecciones 2026, Pedro Castillo, Flash electoral"
La República,2026-06-07 17:01:01,"Flash electoral: Keiko Fujimori con 50,7% y Roberto Sánchez con 49,3%, según Ipsos",Mauricio Muñoz,https://larepublica.pe/politica/2026/06/07/flash-electoral-keiko-fujimori-con-507-y-roberto-sanchez-con-493-segun-ipsos-hnews-226079,"CONTEO DE IPSOS CONFIRMADO. La candidata de Fuerza Popular mantiene un empate técnico con el líder de Juntos por el Perú, según resultados a boca de urna.","Elecciones 2026, Roberto Sánchez, Keiko Fujimori"
La República,2026-06-07 16:54:35,Segunda vuelta presidencial concluye con 24 detenidos a nivel nacional,Óscar Chumpitaz,https://larepublica.pe/politica/2026/06/07/proceso-electoral-deja-24-detenidos-en-los-distritos-fiscales-elecciones-generales-hnews-503412,"Ministerio Público reportó 8355 actuaciones fiscales preventivas a nivel nacional. El 28,89% corresponde a acciones de difusión, acopio de información y coordinación previas.","Elecciones 2021, JNE, ONPE, Ministerio Público"
La República,2026-06-07 15:52:03,Detienen a tres miembros de mesa por cédulas presuntamente alteradas en Los Olivos,Mailhy Rojas,https://larepublica.pe/politica/2026/06/07/investigan-a-tres-miembros-de-mesa-por-cedulas-presuntamente-alteradas-en-los-olivos-hnews-227500,"El presidente, el secretario y otro miembro de mesa fueron intervenidos y son investigados por agentes de Seguridad del Estado en el colegio Enrique Milla Ochoa. Las autoridades vienen realizando las diligencias respectivas para esclarecer lo sucedido.","Los Olivos, segunda vuelta electoral, Miembros de mesa"
La República,2026-06-07 17:43:31,"Sánchez duplica a Fujimori en resultados de voto rural: Juntos por el Perú registró un 67,8% y Fuerza Popular 32,2%",Jazmín Bianchi,https://larepublica.pe/politica/2026/06/07/sanchez-duplica-a-fujimori-en-resultados-de-voto-rural-juntos-por-el-peru-registro-un-678-y-fuerza-popular-322-hnews-616980,"Roberto Sánchez mantiene el respaldo del sector rural con 67,8% sobre Keiko Fujimori, quien obtuvo 32,2%, según el flash electoral a boca de urna de Ipsos.","Keiko Fujimori, Roberto Sánchez, segunda vuelta electoral"
La República,2026-06-07 18:02:44,Defensoría se contradice y ahora descarta un posible fraude electoral por cédulas marcadas en Lima Metropolitana,Mario Tumba,https://larepublica.pe/politica/2026/06/07/defensoria-del-pueblo-se-contradice-y-ahora-descarta-un-posible-fraude-electoral-por-cedulas-marcadas-en-lima-metropolitana-612507,"La Defensoría del Pueblo se pronunció en un primer momento denunciando ""un intento de fraude"" por los casos de cédulas marcadas en Lima Metropolitana. Sin embargo, horas después cambió de versión.","Defensoría del Pueblo, Elecciones 2026, Lima Metropolitana"
La República,2026-06-07 17:39:11,"Keiko Fujimori lidera en la Costa, mientras que Roberto Sánchez se impone en la Sierra y la Selva, según Ipsos",Mauricio Muñoz,https://larepublica.pe/politica/2026/06/07/keiko-fujimori-lidera-en-la-costa-mientras-que-roberto-sanchez-se-impone-en-la-sierra-y-la-selva-segun-ipsos-hnews-263326,"En Lima, Fujimori acumula 66,1% de preferencia, mientras que Sánchez solo 33,9%. Fuera de la capital, Fuerza Popular acumula 43,9% y Sánchez, 56,1%.","Keiko Fujimori, Roberto Sánchez, Elecciones 2026"
La República,2026-06-07 16:44:26,"Transparencia emite reporte tras incidentes en segunda vuelta: ""En nuestra muestra no hemos recogido incidencias""",Mario Tumba,https://larepublica.pe/politica/2026/06/07/transparencia-emite-reporte-tras-incidentes-en-segunda-vuelta-en-nuestra-muestra-no-hemos-recogido-incidencias-680372,"La Asociación Civil Transparencia presentó al mediodía su primer Reporte de Observación Electoral, tras reportes de cédulas de votación marcadas en diversos distritos de Lima Metropolitana.","Transparencia, Elecciones 2026"
La República,2026-06-07 13:11:13,Detienen a personero por rayar cédulas de votación: investigado figura como afiliado del partido aprista,Carlos Villacorta,https://larepublica.pe/politica/2026/06/07/detienen-a-personero-por-rayar-cedulas-de-votacion-figura-como-excandidato-de-fuerza-popular-en-el-2011-217441,"Se trata de Oracio Rafaile Huamatalli, quien fue detenido por el presunto delito contra la voluntad popular. El investigado perteneció a las filas de Keiko Fujimori y postuló a la alcaldía de Áncash con el partido naranja.","Elecciones 2026, ONPE"
La República,2026-06-07 14:08:52,Confirmado por la ONPE: se instalaron el 100% de las mesas a nivel nacional por las Elecciones 2026,Mario Tumba,https://larepublica.pe/politica/2026/06/07/confirmado-por-la-onpe-se-instalaron-el-100-de-las-mesas-a-nivel-nacional-por-las-elecciones-2026-675787,"La ONPE completó la instalación del 100% de las mesas de sufragio antes del mediodía, dentro del plazo establecido por la Ley Orgánica de Elecciones","ONPE, Elecciones 2026"
La República,2026-06-06 09:04:30,¿Hasta qué hora se puede votar en la segunda vuelta de la Elecciones 2026 este 7 de junio?,Ariadna Yaya,https://larepublica.pe/politica/2026/06/06/horario-para-ir-a-votar-este-7-de-junio-desde-que-hora-hasta-que-hora-puedo-sufragar-en-la-segunda-vuelta-de-las-elecciones-2026-hnews-212880,"Más de un mes después de la primera vuelta electoral, los peruanos volverán a las urnas para definir quién ocupará la Presidencia de la República entre Keiko Fujimori y Roberto Sánchez. La ONPE recordó los horarios oficiales y las principales recomendaciones para la jornada electoral.","Elecciones 2026, ONPE, JNE"
La República,2026-06-05 09:57:26,Resultados oficiales: conteo rápido de la segunda vuelta se presentará a las 8 de la noche,Narda Saavedra,https://larepublica.pe/politica/2026/06/05/resultados-del-conteo-rapido-de-la-segunda-vuelta-seran-presentados-a-las-8-de-la-noche-estima-la-onpe-hnews-146200,"Bernando Pachas aseguró que a las 7.00 a. m. del domingo se abrirán las puertas de los centros de votación y, aproximadamente, a partir de las 8.00 p. m. ya se conocerán los resultados.","JNE, ONPE"
La República,2026-06-07 14:43:11,José María Balcázar aseguró que el papa León XIV llegará a Perú el 10 de noviembre,Diego Alva,https://larepublica.pe/politica/2026/06/07/jose-maria-balcazar-aseguro-que-el-papa-leon-xiv-llegara-a-peru-el-10-de-noviembre-hnews-208852,"Desde Chiclayo, el presidente de la República acudió a su local de votación. Tras emitir su voto, confirmó la visita del papa León XIV a nuestro país.",
La República,2026-06-07 14:42:20,"Roberto Sánchez aclara que detenido por marcar actas no es de Juntos por el Perú: ""Tiene afiliación al Apra""",Jazmín Bianchi,https://larepublica.pe/politica/2026/06/07/roberto-sanchez-aclara-que-detenido-por-marcar-actas-no-es-de-juntos-por-el-peru-tiene-afiliacion-al-apra-hnews-117796,"El candidato presidencial Roberto Sánchez rechazó que haya un vínculo de su partido con el personero intervenido en el colegio Enrique Milla Ochoa. Además, responsabilizó a la ONPE por la llegada de material electoral alterado que perjudicaría el conteo de votos a su favor.","Roberto Sánchez, Juntos Por el Perú"
La República,2026-06-06 20:12:03,Elecciones 2026 Segunda Vuelta EN VIVO: Personeros son detenidos en diferentes locales de votación por marcar cédulas,Ariadna Yaya,https://larepublica.pe/politica/2026/06/06/elecciones-2026-en-vivo-segunda-vuelta-keiko-fujimori-vs-roberto-sanchez-flash-electoral-boca-de-urna-quien-va-ganando-y-link-resultados-oficiales-onpe-hnews-267624,"Sigue aquí el desarrollo de la segunda vuelta entre Keiko Fujimori y Roberto Sánchez, con información actualizada sobre la votación, los pronunciamientos de los candidatos y los resultados que difundirá la ONPE.","Elecciones 2026, Keiko Fujimori, Roberto Sánchez"
La República,2026-06-07 14:24:28,"Roberto Sánchez cuestiona que Defensoría denuncia intento de fraude: ""Cuando llegue el conteo quieren anular actas""",Ariadna Yaya,https://larepublica.pe/politica/2026/06/07/roberto-sanchez-cuestiona-que-defensoria-denuncia-intento-de-fraude-cuando-llegue-el-conteo-quieren-anular-actas-segunda-vuelta-hnews-525735,"El candidato de Juntos por el Perú, Roberto Sánchez, responsabilizó a la ONPE por la aparición de cédulas con marcas fuera del recuadro de su organización política y anunció que presentará una denuncia ante el Ministerio Público. Además, pidió la intervención del JNE y de los observadores internacionales.","Roberto Sánchez, Elecciones 2026, Defensoría del Pueblo"
La República,2026-06-07 14:13:58,"Keiko Fujimori acudió a votar, pero no brindó declaraciones a la prensa",Diana Sanchez Bustamante,https://larepublica.pe/politica/2026/06/07/keiko-fujimori-acudio-a-votar-pero-no-brindo-declaraciones-a-la-prensa-211218,"La candidata presidencial y lideresa de Fuerza Popular votó en la Institución Educativa Libertador de San Martín, en San Borja. Estuvo acompañada de personal de seguridad y simpatizantes.","Keiko Fujimori, Fuerza Popular, Elecciones 2026"
La República,2026-06-07 14:07:35,"Roberto Burneo rechaza comunicado de la Defensoría: ""No hay ningún fraude""",Diego Alva,https://larepublica.pe/politica/2026/06/07/roberto-burneo-rechaza-comunicado-de-la-defensoria-no-hay-ningun-fraude-hnews-328006,"""Rechazamos cualquier declaración de fraude o intento de desligitimar el proceso"", señaló el jefe del JNE. Agregó que, en el caso de las actas marcadas, estas no invalidan la mesa de sufragio.",
La República,2026-06-07 13:40:03,Defensoría denuncia intento de fraude tras reportes de marcas en las cédulas,Jazmín Bianchi,https://larepublica.pe/politica/2026/06/07/defensoria-denuncia-intento-de-fraude-tras-reportes-de-marcas-en-las-cedulas-hnews-183841,La Defensoría del Pueblo alertó a la ciudadanía revisar las cédulas antes de votar y denunciar cualquier alteración para evitar la nulidad de sus votos.,"Elecciones 2026, Defensoría del Pueblo"
La República,2026-06-07 12:15:02,"Pedro Castillo: ""Derrotaremos otra vez a la corrupción y a la narrativa del miedo y del terruqueo""",Carlos Villacorta,https://larepublica.pe/politica/2026/06/07/pedro-castillo-derrotaremos-otra-vez-a-la-corrupcion-y-a-la-narrativa-del-miedo-y-del-terruqueo-hnews-208719,Elecciones 2026. El expresidente Pedro Castillo se mostró optimista por los resultados de la segunda vuelta entre Keiko Fujimori y Roberto Sánchez.,"Pedro Castillo, Elecciones 2026"
La República,2026-06-07 12:43:10,"Sánchez en su desayuno familiar en Huaral:  ""Invocamos a cumplir su vocación democrática de la manera más responsable""",Diana Sanchez Bustamante,https://larepublica.pe/verificador/2026/06/07/roberto-sanchez-inicio-jornada-electoral-con-desayuno-familiar-en-huaral-365330,El candidato de Juntos por el Perú participó en una misa y compartió un desayuno tradicional junto a su familia antes de trasladarse a Lima para emitir su voto.,"Roberto Sánchez, Juntos Por el Perú, Elecciones 2026"
La República,2026-06-07 12:56:09,"Roberto Sánchez votó en San Borja y llamó a aceptar resultados: ""Respetemos el voto libre""",Mauricio Muñoz,https://larepublica.pe/politica/2026/06/07/roberto-sanchez-voto-en-san-borja-y-llamo-a-aceptar-resultados-respetemos-el-voto-libre-hnews-100863,"Tras sufragar, el candidato llamó a la ciudadanía a participar en defensa de la democracia y a asumir con responsabilidad el momento electoral.","Roberto Sánchez, San Borja, Elecciones 2026"
La República,2026-06-07 11:27:18,Detienen a personeros por marcar cédulas: ONPE repone el material y Fiscalía inicia diligencias,Jazmín Bianchi,https://larepublica.pe/politica/2026/06/07/detienen-a-personeros-por-marcar-cedulas-onpe-repone-el-material-y-fiscalia-inicia-diligencias-hnews-243180,"Roberto Burneo aseguró que la mesa operará sin problemas tras activarse el traslado del material de contingencia y enviar un nuevo lote desde Lurín. Además, junto al jefe interino de la ONPE, Bernardo Pachas, acordaron que se mantendrá en reserva el partido de los detenidos por ""neutralidad electoral"".","Elecciones 2026, ONPE, Fiscalía, Keiko Fujimori, Roberto Sánchez"
La República,2026-06-06 17:35:24,A qué hora es el boca de urna y por dónde ver el flash electoral 2026,Jazmín Bianchi,https://larepublica.pe/politica/2026/06/06/segunda-vuelta-presidencial-a-que-hora-es-el-boca-de-urna-y-por-donde-verlo-hnews-185496,"Tras completarse la distribución del material electoral en Lima y Callao, las primeras proyecciones de la encuesta a boca de urna se emitirán a las 5.00 p. m., de acuerdo con Ipsos.","segunda vuelta electoral, Keiko Fujimori, Roberto Sánchez"
La República,2026-06-07 13:19:01,"Sánchez en su desayuno familiar en Huaral:  ""Invocamos a cumplir su vocación democrática de la manera más responsable""",Diana Sanchez Bustamante,https://larepublica.pe/politica/2026/06/07/roberto-sanchez-inicio-jornada-electoral-con-desayuno-familiar-en-huaral-402801,El candidato de Juntos por el Perú participó en una misa y compartió un desayuno tradicional junto a su familia antes de trasladarse a Lima para emitir su voto.,"Roberto Sánchez, Juntos Por el Perú, Elecciones 2026"
La República,2026-06-07 13:01:05,Elecciones 2026: menor de edad intentó asumir como personera de Fuerza Popular en Ayacucho,Renzo Anselmo,https://larepublica.pe/politica/2026/06/07/elecciones-2026-menor-de-edad-intento-asumir-como-personera-de-fuerza-popular-en-ayacucho-606613,"Una adolescente de 16 años solicitó ser inscrita como personera de la agrupación política de Keiko Fujimori en un colegio de Huamanga. Sin embargo, personal de la ONPE se lo impidió tras la alerta de miembros de mesa.","Fuerza Popular, Keiko Fujimori, Elecciones 2026, Ayacucho"
La República,2026-06-07 12:44:13,Roberto Burneo advierte que personeros tienen prohibido publicar videos del conteo de votos en redes sociales,Mario Tumba,https://larepublica.pe/politica/2026/06/07/roberto-burneo-advierte-que-personeros-tienen-prohibido-publicar-videos-del-conteo-de-votos-en-redes-sociales-349475,"El presidente del JNE ofreció una conferencia de prensa este domingo para dar inicio oficial a la segunda vuelta electoral, donde reiteró las disposiciones que deberán cumplir los personeros durante la jornada electoral.","Roberto Burneo, Elecciones 2026, Roberto Sánchez, Keiko Fujimori"
La República,2026-06-07 11:35:29,Segunda Vuelta 2026: cientos de cédulas rayadas son reportadas en múltiples locales de votación,Daniela Orellana,https://larepublica.pe/politica/2026/06/07/segunda-vuelta-2026-dectectan-decenas-de-cedulas-previamente-marcadas-en-locales-de-votacion-durante-elecciones-presidenciales-455371,El JNE y la ONPE han detectado más de un centenar de cédulas con rayones y otras previamente marcadas a favor tanto de Fuerza Popular como de Juntos por el Perú. Se ha detenido a dos personeros. La Fiscalía inició las investigaciones.,"ONPE, Elecciones 2026, Local de votación"
La República,2026-06-07 12:51:48,Segunda Vuelta Electoral se desarrolla con normalidad y bajo estrictas medidas de seguridad,Óscar Chumpitaz,https://larepublica.pe/politica/2026/06/07/segunda-vuelta-electoral-se-desarrolla-con-normalidad-y-bajo-estrictas-medidas-de-seguridad-elecciones-generales-2026-hnews-386043,"Gracias al despliegue de más de 100.000 miembros del Ejército, la Marina de Guerra, la Fuerza Aérea y la Policía Nacional, se ha logrado garantizar el orden público en todo el territorio nacional. A ellos se sumaron 7.000 fiscales, personal de la Defensoría del Pueblo y serenos.","Elecciones 2026, JNE, ONPE, Fuerzas Armadas del Perú"
La República,2026-06-07 11:48:30,"López Aliaga, Carlos Álvarez y Carlos Espá acuden a votar: RLA insiste en fraude sin presentar pruebas",Mailhy Rojas,https://larepublica.pe/politica/2026/06/07/lopez-aliaga-carlos-alvarez-y-carlos-espa-acuden-a-votar-rla-insiste-en-fraude-sin-presentar-pruebas-hnews-250523,"Rafael López Aliaga, Carlos Álvarez y Carlos Espá sorprendieron al llegar juntos a votar durante la jornada electoral. Aunque sufragaron en locales distintos, los excandidatos acordaron ir juntos captando la atención de los asistentes.","Elecciones 2026, Rafael López Aliaga, Carlos Álvarez, segunda vuelta electoral"
La República,2026-06-07 12:33:42,"Presidente Balcázar acude a votar y envía mensaje a los contendores: ""Que quien pierda respete los resultados""",Mauricio Muñoz,https://larepublica.pe/politica/2026/06/07/presidente-balcazar-acude-a-votar-y-envia-mensaje-a-los-contendores-que-quien-pierda-respete-los-resultados-hnews-269766,El mandatario votó en un colegio de Chiclayo. Aseguró que confía en la transparencia de los organismos electorales.,"José María Balcázar, Elecciones 2026"
La República,2026-06-07 12:34:26,Elecciones 2026: más de 6.300 mesas faltan instalarse a nivel nacional en esta segunda vuelta,Daniela Orellana,https://larepublica.pe/politica/2026/06/07/elecciones-2026-mas-de-6300-mesas-faltan-instalarse-a-nivel-nacional-en-esta-segunda-vuelta-607677,"Con un total de 83.250 mesas instaladas, el 92,94 % del total previsto a nivel nacional, la inasistencia de miembros de mesa fue la principal causa del problema electoral.","Elecciones 2026, segunda vuelta electoral, Local de votación"
La República,2026-06-07 11:59:00,JNE califica de falsa información de Keiko Fujimori tras reportar que sus personeros no recibieron credenciales,Jazmín Bianchi,https://larepublica.pe/politica/2026/06/07/jne-califica-de-falsa-informacion-de-keiko-fujimori-tras-reportar-que-sus-personeros-no-recibieron-credenciales-hnews-484393,El organismo electoral aclaró que las solicitudes en Puno se aprobaron el sábado y que los documentos están listos para descarga virtual en la plataforma Declara+.,
La República,2026-06-06 18:41:27,¿Qué pasa si voto en blanco o nulo en la segunda vuelta de las Elecciones 2026? Esto es lo que debes saber,Renzo Anselmo,https://larepublica.pe/politica/2026/06/06/que-pasa-si-voto-en-blanco-o-nulo-en-la-segunda-vuelta-de-las-elecciones-2026-esto-es-lo-que-debes-saber-578454,"Algunos ciudadanos eligen esta opción pensando en perjudicar a los candidatos o creyendo que se pueden anular las elecciones. Sin embargo, en la práctica puede ser muy diferente.","Voto nulo, Elecciones 2026"
La República,2026-06-07 10:12:37,Keiko Fujimori no descarta volver a denunciar irregularidades y espera que este sea su último desayuno electoral,Ariadna Yaya,https://larepublica.pe/politica/2026/06/07/keiko-fujimori-no-descarta-volver-a-denunciar-irregularidades-y-espera-que-este-sea-su-ultimo-desayuno-electoral-317793,"La lideresa de Fuerza Popular afirmó que, hasta el momento, no ha identificado hechos que ameriten una denuncia sobre el proceso electoral. Sin embargo, aseguró que hará públicas posibles incidencias graves. Además, expresó su deseo de que esta sea la última vez que participe en un desayuno electoral como candidata presidencial.",Keiko Fujimori
La República,2026-06-07 09:10:32,Más de 27 millones de peruanos eligen hoy al nuevo presidente,Narda Saavedra,https://larepublica.pe/politica/2026/06/07/mas-de-27-millones-de-peruanos-eligen-hoy-al-nuevo-presidente-hnews-562268,"Este 7 de junio, más de 27 millones de peruanos podrán acudir desde las 7 de la mañana a ejercer su derecho al voto. El cierre de mesas está programado para las 5 de la tarde y al promediar las 8 de la noche se conocerá al ganador del conteo rápido.","Roberto Sánchez, Keiko Fujimori, Elecciones 2026"
La República,2026-06-07 08:48:57,"Keiko Fujimori asegura contar con 95 mil personeros, pero JNE registró 15.105 en todo el país",Ariadna Yaya,https://larepublica.pe/politica/2026/06/07/keiko-fujimori-asegura-contar-con-95-mil-personeros-pero-jne-registro-6489-en-todo-el-pais-segunda-vuelta-hnew-661479,"La candidata presidencial de Fuerza Popular visitó un local partidario en Villa El Salvador durante la segunda vuelta electoral y destacó el despliegue nacional de sus personeros. Sin embargo, la plataforma oficial del Jurado Nacional de Elecciones reporta una cifra considerablemente menor de representantes acreditados.","Keiko Fujimori, JNE, Elecciones 2026"
La República,2026-06-07 07:27:05,"¿Por quién vas a votar?, por Rosa María Palacios",Rosa María Palacios,https://larepublica.pe/opinion/2026/06/07/por-quien-vas-a-votar-por-rosa-maria-palacios-hnews-384972,"""Hoy, no preguntes por quien vota éste o aquel. Pregunta si todos ellos, y tu mismo, están dispuestos a respetar a las personas y su derecho a elegir, te guste o no el resultado"".",Elecciones 2026
La República,2026-06-07 07:37:37,"Roberto Sánchez llama a votar con esperanza y pide un ""voto de conciencia"" en la segunda vuelta",Ariadna Yaya,https://larepublica.pe/politica/2026/06/07/roberto-sanchez-llama-a-votar-con-esperanza-y-pide-un-voto-de-conciencia-en-la-segunda-vuelta-hnews-485681,"El candidato de Juntos por el Perú acudió a Huaral durante la jornada electoral y exhortó a la ciudadanía a participar activamente en la jornada electoral. Además, sostuvo que el país necesita fortalecer la democracia y avanzar hacia una sociedad con menos desigualdad.","Roberto Sánchez, Elecciones 2026"
La República,2026-06-07 02:00:00,"Francisco Sagasti: “Para votar, uno puede preguntarse: ¿De cuál candidato puedo defenderme mejor?”",Emilio Camacho,https://larepublica.pe/politica/2026/06/07/francisco-sagasti-para-votar-uno-puede-preguntarse-de-cual-candidato-puedo-defenderme-mejor-hnews-356982,"El expresidente opina sobre el final de la campaña electoral, el trabajo que tendrá por delante quien salga elegido y la necesidad de llegar a consensos. Al final, ofrece un consejo para que los electores indecisos resuelvan sus dudas y vayan a las urnas.","Francisco Sagasti, Keiko Fujimori, Roberto Sánchez, Elecciones 2026"
La República,2026-06-02 17:47:32,Segunda vuelta de las Elecciones 2026: conoce cuánto pagarás de multa si no votas este 7 de junio,Ariadna Yaya,https://larepublica.pe/politica/2026/06/02/segunda-vuelta-de-las-elecciones-2026-conoce-cuanto-pagaras-de-multa-si-no-votas-este-7-de-junio-hnews-168640,"Los ciudadanos que no acudan a votar en la segunda vuelta presidencial de este 7 de junio estarán sujetos al pago de una multa electoral. El monto oscila entre S/27,50 y S/110, dependiendo de la clasificación del distrito.","Elecciones 2026, JNE, ONPE"
La República,2026-06-06 18:29:06,Elecciones 2026: Peruanos en Nueva Zelanda son los primeros en votar en la segunda vuelta,Jazmín Bianchi,https://larepublica.pe/politica/2026/06/06/elecciones-2026-peruanos-en-nueva-zelanda-son-los-primeros-en-votar-en-la-segunda-vuelta-hnews-232512,"Las ciudades de Wellington y Auckland abrieron las primeras mesas de sufragio en el exterior. En Lima, la Cancillería supervisa el proceso en tiempo real desde su centro de monitoreo, el cual operará de manera ininterrumpida hasta el 8 de junio.","ONPE, JNE, segunda vuelta electoral"
La República,2026-06-06 07:31:38,Roberto Sánchez pasa a juicio oral por presunta falsa declaración de aportes de Juntos por el Perú ante la ONPE,Ariadna Yaya,https://larepublica.pe/politica/2026/06/06/roberto-sanchez-pasa-a-juicio-oral-por-presunta-falsa-declaracion-de-aportes-de-juntos-por-el-peru-ante-la-onpe-hnews-502980,El Poder Judicial dispuso que el candidato presidencial afronte un juicio oral por presuntas irregularidades en la información financiera reportada por Juntos por el Perú. La Fiscalía sostiene que más de S/204.000 en aportes no fueron declarados ante la ONPE y solicita una pena de prisión e inhabilitación política.,"Roberto Sánchez, Poder Judicial, ONPE, Fiscalía, Juntos Por el Perú, Elecciones 2026"
La República,2026-06-06 16:29:18,"A horas de las Elecciones 2026, Juntos Por el Perú reúne más personeros que Fuerza Popular en todo el país",Ariadna Yaya,https://larepublica.pe/politica/2026/06/06/segunda-vuelta-a-horas-de-las-elecciones-2026-juntos-por-el-peru-reune-mas-personeros-que-fuerza-popular-en-todo-el-pais-hnews-242550,"La plataforma Declara+ del Jurado Nacional de Elecciones reporta 1.194 personeros registrados a nivel nacional. Huancavelica concentra la mayor cantidad de acreditaciones, mientras que Pasco y Ucayali figuran entre las regiones con menor presencia de representantes.","Elecciones 2026, Juntos Por el Perú, Fuerza Popular, JNE"
La República,2026-06-06 14:23:11,"País para Todos se pronuncia tras acercamiento entre Keiko Fujimori y Carlos Álvarez: ""No respaldamos su candidatura""",Ariadna Yaya,https://larepublica.pe/politica/2026/06/06/pais-para-todos-se-pronuncia-tras-acercamiento-entre-keiko-fujimori-y-carlos-alvarez-no-respaldamos-su-candidatura-hnews-471198,"El partido político rechazó el uso de sus símbolos y propuestas en un video de campaña de Keiko Fujimori y aclaró que las declaraciones de Carlos Álvarez sobre la segunda vuelta corresponden a una posición personal. Además, señaló que la mayoría de sus militantes encuentra mayores coincidencias con la candidatura de Roberto Sánchez y Juntos por el Perú.","Elecciones 2026, Keiko Fujimori, Carlos Álvarez"
La República,2026-06-06 14:10:22,Jefe de la ONPE asegura que material electoral ya llegó a todos los locales de votación en Lima y Callao,Diego Alva,https://larepublica.pe/politica/2026/06/06/jefe-de-la-onpe-asegura-que-material-electoral-ya-llego-a-todos-los-locales-de-votacion-en-lima-y-callao-hnews-110364,"Bernardo Pachas, jefe interino de la ONPE, señaló que se está asegurando que los locales de votación abran sus puertas desde las 6 de la mañana. La afirmación tuvo el respaldo del presidente del JNE, Roberto Burneo.",
La República,2026-05-26 20:34:19,Imágenes que impactan: 75 años de historia fotográfica en el MAC,Gabriel Ruiz Ortega,https://larepublica.pe/cultural/2026/05/26/imagenes-que-impactan-75-anos-de-historia-fotografica-en-el-mac-hnews-630968,"En el Museo de Arte Contemporáneo de Barranco se exhibe 'El Perú, en clave Caretas'. Al buen momento de la fotografía peruana le estaba faltando un proyecto de carácter periodístico. Veamos.","Impresa, Alberto Fujimori, Vladimiro Montesinos, Enrique Zileri, Dina Boluarte, Martín Vizcarra, Pedro Castillo, Pedro Castillo Terrones, Caso Hugo Bustíos, Ollanta Humala, José Jerí, Blanca Varela, Fernando Ampuero, Susana Baca, fotografía, Perú"
La República,2026-06-06 13:31:02,Bernardo Pachas renunciará al cargo el próximo 3 de julio tras la juramentación del nuevo jefe de la ONPE,Ariadna Yaya,https://larepublica.pe/politica/2026/06/06/bernardo-pachas-renunciara-al-cargo-el-proximo-3-de-julio-tras-la-juramentacion-del-nuevo-jefe-de-la-onpe-hnews-377508,El jefe interino de la ONPE confirmó que presentará su carta de renuncia una vez que la Junta Nacional de Justicia designe y tome juramento al nuevo titular del organismo electoral.,"ONPE, Junta Nacional de Justicia"
La República,2026-06-06 11:25:20,"Roberto Sánchez envía mensaje a Kenji Fujimori: ""También te llevamos en nuestro 'bobby'""",Ariadna Yaya,https://larepublica.pe/politica/2026/06/06/roberto-sanchez-envia-mensaje-a-kenji-fujimori-tambien-te-llevamos-en-nuestro-bobby-hnews-281238,"El candidato presidencial de Juntos por el Perú, Roberto Sánchez, respondió al video en el que Kenji Fujimori descartó apoyar a él o a su hermana, Keiko Fujimori, en la segunda vuelta.","Roberto Sánchez, Kenji Fujimori, Elecciones 2026"
La República,2026-06-06 12:29:12,Roberto Sánchez cuestiona audiencia judicial en su contra: “No creo que sean casualidades”,Silvana Quiñonez,https://larepublica.pe/politica/2026/06/06/roberto-sanchez-cuestiona-audiencia-judicial-en-su-contra-no-creo-que-sean-casualidades-hnews-120390,El candidato presidencial afirmó que evaluará junto a su familia si desayuna en Huaral antes de votar en San Borja y señaló que no descarta acudir al penal de Barbadillo para esperar primeros resultados.,"Roberto Sánchez, Fiscalía, Elecciones 2026, Poder Judicial"
La República,2026-06-06 08:12:14,JNE pide a Sánchez y Fujimori respetar los resultados de la segunda vuelta,Diego Alva,https://larepublica.pe/politica/2026/06/06/jne-pide-a-sanchez-y-fujimori-respetar-los-resultados-de-la-segunda-vuelta-hnews-592932,"PLAZOS. Además, el Jurado Nacional de Elecciones estimó que los resultados oficiales de la segunda vuelta serán proclamados en la quincena de julio, debido a la demora en el proceso de reconteo de votos. Hay todo un proceso que debe cumplirse.","JNE, Roberto Sánchez, Keiko Fujimori"
La República,2026-06-06 07:58:58,ONPE inicia despliegue del material electoral en Lima y Callao para la segunda vuelta,Narda Saavedra,https://larepublica.pe/politica/2026/06/06/onpe-inicia-despliegue-del-material-electoral-en-lima-y-callao-para-la-segunda-vuelta-entre-roberto-sanchez-y-keiko-fujimori-hnews-356575,"PREVISIONES. Jefe interino de la ONPE estima que material electoral llegará a los locales de votación en Lima y Callao, aproximadamente a la 1 de la tarde hoy. En regiones, las ODPE también han desplegado el material en sus jurisdicciones.",
La República,2026-06-06 07:36:35,Seguridad garantizada: 100 mil policías y militares se desplazan por la Segunda Vuelta Electoral,Óscar Chumpitaz,https://larepublica.pe/politica/2026/06/06/seguridad-garantizada-100-mil-policias-y-militares-se-desplazan-por-la-segunda-vuelta-electoral-elecciones-generales-2026-hnews-153186,"Ministro del Interior dice que, a pesar del despliegue no se dará tregua a la delincuencia, el patrullaje preventivo, las operaciones policiales y los servicios de emergencia no se detienen en el país. “Las unidades de inteligencia y de investigación siguen combatiendo el delito con firmeza en cada rincón del país”.","Elecciones 2026, Policía Nacional del Perú, Ministerio del Interior, Fuerzas Armadas del Perú"
La República,2026-06-06 01:11:16,Max Hernández: “Este país solo  se podrá gobernar  si hay algún tipo  de conversación entre  las dos candidaturas”,Emilio Camacho,https://larepublica.pe/politica/2026/06/06/max-hernandez-este-pais-solo-se-podra-gobernar-si-hay-algun-tipo-de-conversacion-entre-las-dos-candidaturas-hnews-93900,"A un día de la segunda vuelta, el secretario ejecutivo del Acuerdo Nacional hace un balance de lo que ha sido la campaña electoral 2026, los desafíos del gobierno entrante y el riesgo de que haya voces recalcitrantes que no acepten los resultados finales.","Elecciones 2026, ONPE, Keiko Fujimori, Roberto Sánchez"
La República,2026-06-05 19:40:31,"Vivian Olivos renuncia a Fuerza Popular y llama a votar por Juntos por el Perú: ""Tengo motivos""",Mauricio Muñoz,https://larepublica.pe/politica/2026/06/05/vivian-olivos-renuncia-a-fuerza-popular-y-llama-a-votar-por-juntos-por-el-peru-tengo-motivos-hnews-470105,"En un video, Olivos exhortó a sus seguidores a votar por el partido de Roberto Sánchez, asegurando que su objetivo es evitar una dictadura en el país.","Fuerza Popular, Juntos Por el Perú"
La República,2026-06-05 17:43:31,Misión Electoral de la UE desplegará a 150 observadores en todo el Perú para la segunda vuelta,Mauricio Muñoz,https://larepublica.pe/politica/2026/06/05/mision-electoral-de-la-ue-desplegara-a-150-observadores-en-todo-el-peru-para-la-segunda-vuelta-hnews-201955,"En conversación con La República, Annalissa Corrado, eurodiputada y jefa de la Misión de Observación Electoral de la Unión Europea, explicó los detalles de la preparación de los observadores desplegados en el país de cara a la segunda vuelta electoral de este domingo 7 de junio.","Unión Europea, Elecciones 2026"
La República,2026-05-31 12:00:00,Plan de gobierno de Keiko Fujimori en las elecciones presidenciales 2026,Mauricio Muñoz,https://larepublica.pe/politica/2026/05/31/plan-de-gobierno-de-keiko-fujimori-en-las-elecciones-presidenciales-2026-hnews-575853,"Fuerza Popular presentó el plan Perú con Orden, el cual busca recuperar el control territorial y la estabilidad económica tomando como referencia las reformas hechas en la década de 1990.","Keiko Fujimori, Elecciones 2026, Fujimorismo"
La República,2026-06-05 17:30:00,"Muerte o cárcel, el destino de burriers que lo arriesgan todo por dinero",Óscar Chumpitaz,https://larepublica.pe/politica/2026/06/05/muerte-o-carcel-el-destino-de-burriers-que-lo-arriesgan-todo-por-dinero-narcotrafico-hnews-343830,"La historia de tres ‘mulas’ que se jugaron la vida y su libertad: Vicitación Abanto llevaba 119 cápsulas con cocaína en el estómago, el brasileño Antonio Carlos Alves acondicionó más de 6 kilos de droga en su maleta y Yhonjairo Heredia pretendió sacar más de 9 kilos de estupefaciente mezclado entre productos comestibles. Ellos enfrentan penas de 8 a 15 años de prisión. La Dirandro arrestó este año a 32 burriers.","Narcotráfico, cocaína, Aeropuerto Jorge Chávez, Dirandro"
La República,2026-06-05 16:28:32,"Roberto Sánchez no descarta tener a Salvador Solar en su gobierno: ""Nos hemos comunicado""",Diego Alva,https://larepublica.pe/politica/2026/06/05/roberto-sanchez-no-descarta-tener-a-salvador-solar-en-su-gobierno-nos-hemos-comunicado-hnews-367710,"El actor Salvador del Solar pidió el voto a Juntos por el Perú para hacer frente al fujimorismo. Roberto Sánchez señaló que le gustaría tenerlo dentro de su gobierno, pero que también respeta su decisión y conoce su carrera actoral.",
La República,2026-06-05 16:23:42,"Roberto Sánchez descarta dar libertad a encarcelados por vínculos con Sendero Luminoso o MRTA: ""Eso es una mentira""",Mauricio Muñoz,https://larepublica.pe/politica/2026/06/05/roberto-sanchez-descarta-dar-libertad-a-encarcelados-por-vinculos-con-sendero-luminoso-o-mrta-eso-es-una-mentira-hnews-205850,Sánchez niega cualquier relación con el Movadef y señaló la importancia de amnistiar a líderes encarcelados o procesados por formar parte de protestas sociales.,"Roberto Sánchez, Sendero Luminoso, MRTA"
La República,2026-06-05 16:15:05,"Roberto Sánchez sobre Keiko Fujimori: ""Su ambición hizo que iniciara la vacancia contra PPK""",Diego Alva,https://larepublica.pe/politica/2026/06/05/roberto-sanchez-sobre-keiko-fujimori-su-ambicion-hizo-que-iniciara-la-vacancia-contra-ppk-hnews-434365,El candidato de Juntos por el Perú se refirió a la declaración de Keiko Fujimori sobre que aceptaría los resultados de la segunda vuelta y se mostró cauteloso con la aseveración de su contrincante política.,
La República,2026-06-05 15:48:14,"Roberto Sánchez: ""Yo andaba amenazado por Sendero Luminoso""",Diego Alva,https://larepublica.pe/politica/2026/06/05/roberto-sanchez-yo-andaba-amenazado-por-sendero-luminoso-hnews-159745,"El candidato de Juntos por el Perú, Roberto Sánchez, brindó una entrevista para La República a dos días de la segunda vuelta. Rechazó las acciones subversivas de Sendero Luminoso.",
La República,2026-06-05 11:44:18,"Keiko Fujimori asegura que respetará los resultados de la segunda vuelta: ""Siempre lo hemos hecho""",Narda Saavedra,https://larepublica.pe/politica/2026/06/05/keiko-fujimori-asegura-que-respetara-los-resultados-de-la-segunda-vuelta-siempre-lo-hemos-hecho-hnews-180240,"Sin embargo, hasta hace unos días continuaba sosteniendo la narrativa de fraude electoral. En el 2021, Fuerza Popular impugnó e intentó invalidar los votos de los electores del sur.","Keiko Fujimori, Elecciones 2026"
La República,2026-06-05 11:04:53,"Kenji Fujimori no apoya a Keiko en segunda vuelta: ""Después de lo que viví, decidí no volver a ser usado""",Narda Saavedra,https://larepublica.pe/politica/2026/06/05/kenji-fujimori-no-apoya-a-keiko-fujimori-en-segunda-vuelta-despues-de-lo-que-vivi-decidi-no-volver-a-ser-usado-hnews-143030,"A menos de dos días de la segunda vuelta, Kenji resaltó que no tiene participación política y que no apoya a ningún candidato.","Keiko Fujimori, Fuerza Popular, Elecciones 2026"
La República,2026-06-05 10:09:36,¿No votaste en la primera vuelta? Verifica si tienes una multa electoral pendiente,Narda Saavedra,https://larepublica.pe/politica/2026/06/05/elecciones-2026-no-votaste-en-la-primera-vuelta-verifica-si-tienes-una-multa-electoral-pendiente-hnews-445935,"La primera vuelta se desarrolló el último 12 de abril. Ese día, más de 27 millones de peruanos acudieron a sufragar; sin embargo, hubo muchas personas que no lo hicieron.","JNE, ONPE, Elecciones 2026"
La República,2026-06-05 09:46:54,"Roberto Sánchez a dos días de la segunda vuelta: ""No soy comunista. Nunca he expropiado nada""",Narda Saavedra,https://larepublica.pe/politica/2026/06/05/roberto-sanchez-a-dos-dias-de-la-segunda-vuelta-no-soy-comunista-nunca-he-expropiado-nada-hnews-75090,El candidato de Juntos por el Perú dejó claro que la expropiación ni estatizar empresas será una política de gobierno.,Roberto Sánchez
La República,2026-06-05 12:14:14,"Keiko Fujimori no descarta indultar a Pedro Castillo y expresidentes: ""Solo por razones humanitarias""",Narda Saavedra,https://larepublica.pe/politica/2026/06/05/keiko-fujimori-no-descarta-indultar-a-pedro-castillo-y-expresidentes-solo-por-razones-humanitarias-hnews-444085,"Aseguró que, en un eventual gobierno, no brindaría la gracia presidencial como un 'gesto político', sino solo si la salud de la persona está en riesgo.","Keiko Fujimori, Pedro Castillo, Elecciones 2026"
La República,2026-06-05 09:49:20,"Sánchez descarta participación de Antauro Humala: ""Él no formará parte del gobierno de Juntos por el Perú""",Narda Saavedra,https://larepublica.pe/politica/2026/06/05/sanchez-descarta-participacion-de-antauro-humala-el-no-formara-parte-del-gobierno-de-juntos-por-el-peru-hnews-324630,El candidato de Juntos por el Perú también dejó claro que Antauro Humala no está afiliado al partido.,"Roberto Sánchez, Juntos Por el Perú"
La República,2026-06-05 08:34:37,"Salvador del Solar votará por Roberto Sánchez: ""Darle a Fuerza Popular el control del Ejecutivo es un riesgo""",Narda Saavedra,https://larepublica.pe/politica/2026/06/05/salvador-del-solar-votara-por-roberto-sanchez-darle-a-fuerza-popular-el-control-del-ejecutivo-es-un-riesgo-hnews-404325,"Del Solar exhortó a la ciudadanía a tomar una postura y no votar en blanco. Además, dejó claro su rechazo hacia el fujimorismo y su afectación a la independencia de poderes.","Roberto Sánchez, Keiko Fujimori, Elecciones 2026"
La República,2026-06-05 12:53:35,"Roberto Sánchez señala a Keiko Fujimori en mensaje final: ""Traicionó a su padre, ¿Por que no te va a traicionar a ti?""",Mauricio Muñoz,https://larepublica.pe/politica/2026/06/05/roberto-sanchez-senala-a-keiko-fujimori-en-mensaje-final-traiciono-a-su-padre-por-que-no-te-va-a-traicionar-a-ti-hnews-363705,"Durante su intervención, Sánchez recordó cómo la candidata de Fuerza Popular vio el autogolpe de su padre, Alberto Fujimori, y cuestionó su rol en la corrupción y en el desmoronamiento de la democracia.","Roberto Sánchez, Keiko Fujimori"
La República,2026-06-05 08:00:45,Elecciones 2026: Contraloría despliega 1200 auditores para supervisar llegada de material electoral,Narda Saavedra,https://larepublica.pe/politica/2026/06/05/elecciones-2026-contraloria-despliega-1200-auditores-para-supervisar-llegada-de-material-electoral-hnews-272885,El organismo de control informó que la intervención busca detectar y comunicar oportunamente cualquier situación que pueda afectar el desarrollo de los comicios.,"Elecciones 2026, Contraloría General de la República, JNE, ONPE"
La República,2026-06-05 07:27:09,Caso 'Chibolín': PJ prolonga por 15 meses prisión preventiva contra la suspendida fiscal Luz Peralta Santur,Carlos Villacorta,https://larepublica.pe/politica/2026/06/05/caso-chibolin-poder-judicial-prolonga-por-15-meses-prision-preventiva-contra-la-suspendida-fiscal-luz-peralta-santur-hnews-281690,"La Fiscalía solicitó la extensión por las diligencias que debía realizar en la etapa intermedia ante un eventual juicio, así como por el peligro procesal de Peralta Santur.","Poder Judicial, Andrés Hurtado 'Chibolín'"
La República,2026-06-05 07:48:29,Matanza de Colcabamba: policía vincula a chofer colombiano con narco “Jota”,Doris Aguirre,https://larepublica.pe/politica/2026/06/05/matanza-de-colcabamba-policia-vincula-a-chofer-colombiano-con-narco-jota-hnews-349600,"En la misma frecuencia. El 25 de abril, una patrulla del Ejército disparó y mató a cinco personas que viajaban en una camioneta, entre ellas el conductor, el extranjero Nilson Montenegro. Días después, el 22 de mayo, la Policía Antidrogas capturó al capo de la droga del VRAEM, Wilder Caysahuana. Durante el seguimiento a este, fue captado Montenegro junto con él.","Policía Nacional del Perú, Ministerio Público, VRAEM"
La República,2026-06-05 05:51:25,Elecciones generales 2026: Fuerzas militares ya despliegan todas sus capacidades,Óscar Chumpitaz,https://larepublica.pe/politica/2026/06/05/elecciones-generales-2026-fuerzas-militares-ya-despliegan-todas-sus-capacidades-seguridad-hnews-350485,"Alrededor de 45 mil miembros del Ejército, la Marina de Guerra y de la Fuerza Aérea ya se desplazan por el territorio nacional para garantizar la seguridad de la jornada este domingo 7 de junio. A ellos se suman más de 60 mil integrantes de la Policía Nacional que resguardarán los locales de votación y a los ciudadanos.","Elecciones 2026, Fuerzas Armadas del Perú, Policía Nacional del Perú, ONPE"
La República,2026-06-04 23:21:30,Roberto Sánchez cierra con gran mitín en Jesús María y Keiko Fujimori en el Monumental de Ate,Diego Alva,https://larepublica.pe/politica/2026/06/04/roberto-sanchez-cierra-con-gran-mitin-en-jesus-maria-y-keiko-fujimori-en-el-monumental-de-ate-hnews-93844,"MITÍN. Roberto Sánchez y Keiko Fujimori tuvieron este miércoles su última oportunidad para dirigirse a sus simpatizantes en manifestaciones públicas. El reloj avanza y en menos de 72 horas, uno de los dos pasará a ocupar el próximo sillón presidencial.",
La República,2026-06-04 18:34:22,Keiko Fujimori apela a su entorno familiar y Roberto Sánchez cierra reivindicando a Castillo,Jazmín Bianchi,https://larepublica.pe/politica/2026/06/04/en-vivo-cierre-de-campana-de-keiko-fujimori-y-roberto-sanchez-sigue-minuto-a-minutos-los-mitines-de-fuerza-popular-y-juntos-por-el-peru-hnews-282024,Ambos candidatos presidenciales encabezaron sus mítines finales en Lima desde las 4.00 p. m. con miras a las elecciones de este domingo 7 de junio.,"Keiko Fujimori, Roberto Sánchez, Elecciones 2026"
La República,2026-06-04 22:41:34,"Barra de Universitario rechaza cierre de campaña de Keiko: ""Por memoria, justicia y dignidad, Fujimori nunca más""",Carlos Villacorta,https://larepublica.pe/politica/2026/06/04/barra-de-universitario-rechaza-cierre-de-campana-de-keiko-por-memoria-justicia-y-dignidad-fujimori-nunca-mas-hnews-307704,"Jean Ferrari, actual director deportivo de la Selección Peruana y exadministrador de Universitario de Deportes, integra el equipo técnico de la candidata de Fuerza Popular.","Elecciones 2026, Keiko Fujimori, Universitario de Deportes"
La República,2026-06-04 22:13:12,"Sánchez responde a Fujimori por decir que es el orden: ""¿Cómo has cambiado, pelona? el pueblo sabe de dónde vienes""",Mauricio Muñoz,https://larepublica.pe/politica/2026/06/04/sanchez-responde-a-fujimori-por-decir-que-es-el-orden-como-has-cambiado-pelona-el-pueblo-sabe-de-donde-vienes-hnews-346540,"Durante su cierre de campaña, Sánchez destacó que Fujimori tuvo mayoría absoluta en 2016 y falló en erradicar la pobreza, lo que generó caos político con vacancias.","Roberto Sánchez, Keiko Fujimori"
La República,2026-06-04 21:19:07,"José Domingo Pérez en cierre de campaña de Roberto Sánchez: ""Falta poco, presidente Castillo""",Mauricio Muñoz,https://larepublica.pe/politica/2026/06/04/jose-domingo-perez-en-cierre-de-campana-de-roberto-sanchez-falta-poco-presidente-castillo-hnews-214992,"Pérez, actual abogado de Castillo, llamó a su liberación. El expresidente se encuentra en el Penal de Barbadillo tras ser hallado culpable del delito de conspiración, luego de su intento de golpe de Estado.","José Domingo Pérez, Roberto Sánchez, Pedro Castillo"
La República,2026-06-04 19:59:51,Elecciones 2026: Misión Electoral de la OEA llega al Perú para segunda vuelta entre Keiko Fujimori y Roberto Sánchez,Mauricio Muñoz,https://larepublica.pe/politica/2026/06/04/elecciones-2026-mision-electoral-de-la-oea-llega-al-peru-para-segunda-vuelta-entre-keiko-fujimori-y-roberto-sanchez-hnews-331588,"La delegación, encabezada por el secretario de Asuntos Políticos de la organización, Víctor Rico, se reunió con el canciller Carlos José Pareja Ríos.","OEA, Elecciones 2026"
La República,2026-06-04 18:12:23,Congresista Alejandro Cavero renuncia a Avanza País a días de la segunda vuelta,Mauricio Muñoz,https://larepublica.pe/politica/2026/06/04/congresista-alejandro-cavero-renuncia-a-avanza-pais-a-dias-de-la-segunda-vuelta-hnews-154440,El congresista aseguró que permanecerá en la bancada de Avanza País hasta el final del actual periodo legislativo.,"Congreso del Perú, Avanza País"
La República,2026-06-04 18:03:12,Defensoría y Ministerio Público desplegarán más de 7.000 fiscales para la segunda vuelta presidencial,Jazmín Bianchi,https://larepublica.pe/politica/2026/06/04/defensoria-y-ministerio-publico-desplegaran-mas-de-7000-fiscales-para-la-segunda-vuelta-presidencial-hnews-396512,"Por su parte, el JNE también lanzó una nueva herramienta digital diseñada para que los ciudadanos puedan seguir en tiempo real el avance de las elecciones.","Defensoría del Pueblo, Ministerio Público"
La República,2026-06-04 17:52:15,Roberto Sánchez sella alianza con Belmont y Forsyth para hacer frente al fujimorismo,Diego Alva,https://larepublica.pe/politica/2026/06/04/roberto-sanchez-sella-alianza-con-belmont-y-forsyth-para-hacer-frente-al-fujimorismo-keiko-fujimori-hnews-185016,"ACUERDO. Líderes políticos de Juntos por el Perú, OBRAS, Ahora Nación y Somos Perú coincidieron en frenar al fujimorismo para proteger la democracia. Desde la otra acera, López Aliaga pidió el voto para Fuerza Popular e insistió en la narrativa del fraude.",Elecciones 2026
La República,2026-06-04 17:05:12,Fallo del TC sobre demanda competencial de Reggiardo contra el JNE no alteraría los resultados electorales,Narda Saavedra,https://larepublica.pe/politica/2026/06/04/fallo-del-tc-sobre-demanda-competencial-de-renzo-reggiardo-contra-el-jne-no-alteraria-los-resultados-electorales-hnews-185636,"Especialistas consultados por este medio indicaron que el recurso presentado por Reggiardo no tiene solidez judicial y será rechazado por el TC. En el hipotético caso de que ello no suceda, el JNE tiene la autoridad de no acatar la decisión por ser inconstitucional.","JNE, Tribunal Constitucional"
La República,2026-06-04 14:55:17,Rafael López Aliaga pide votar por Keiko Fujimori e insiste con la narrativa del fraude,Jazmín Bianchi,https://larepublica.pe/politica/2026/06/04/rafael-lopez-aliaga-pide-votar-por-keiko-fujimori-e-insiste-con-la-narrativa-del-fraude-hnews-397912,"El líder de Renovación Popular señaló que le ""robaron"" el pase a la segunda vuelta y pidió apoyar a la candidata de Fuerza Popular, Keiko Fujimori.","Rafael López Aliaga, Keiko Fujimori"
La República,2026-06-04 14:26:23,"Roberto Sánchez aparece junto a Belmont, López Chau y George Forsyth: excandidatos le brindan su apoyo frente a Fujimori",Mauricio Muñoz,https://larepublica.pe/politica/2026/06/04/roberto-sanchez-aparece-junto-a-belmont-lopez-chau-y-george-forsyth-excandidatos-le-brindan-su-apoyo-frente-a-fujimori-hnews-68700,"Durante una conferencia de prensa en el Hotel Bolivar, los excandidatos presidenciales de Obras, Ahora Nación y Somos Perú reafirmaron su apoyo al candidato de Juntos por el Perú.","Roberto Sánchez, Ricardo Belmont, Alfonso López - chau, George Forsyth"
La República,2026-06-04 15:09:25,Ahora Nación y Buen Gobierno impulsarán leyes a favor del medio ambiente y la equidad de género,Jazmín Bianchi,https://larepublica.pe/politica/2026/06/04/ahora-nacion-y-buen-gobierno-impulsaran-leyes-a-favor-del-medio-ambiente-y-la-equidad-de-genero-hnews-211239,"Durante el Foro Nacional 'Mujeres Amazónicas en Defensa de Nuestros Cuerpos y Territorios', las virtuales senadoras Ruth Luque, Mirtha Vásquez y Patricia Iturregui, junto a la virtual diputada Indira Huilca, respaldaron las demandas de las defensoras ambientales.",Congreso del Perú
La República,2026-06-03 12:43:11,"""Vamos a ver"": así respondió Keiko Fujimori tras ser consultada si desconocería resultados de segunda vuelta",Ariadna Yaya,https://larepublica.pe/politica/2026/06/03/keiko-fujimori-no-niega-que-podria-desconocer-resultados-de-segunda-vuelta-vamos-a-ver-hnews-98661,"La candidata de Fuerza Popular evitó comprometerse a reconocer una eventual derrota electoral ante pregunta de un reportero de La República durante una actividad en Chiclayo. Su respuesta generó cuestionamientos debido a los antecedentes de las elecciones de 2021, cuando denunció un presunto fraude sin presentar pruebas concluyentes.","Keiko Fujimori, Elecciones 2026"
La República,2026-06-04 08:25:38,Roberto Sánchez propone crear una comisión de investigación por muertes en protesta,Narda Saavedra,https://larepublica.pe/politica/2026/06/04/roberto-sanchez-propone-crear-una-comision-de-investigacion-por-muertes-en-protesta-hnews-149228,"""No hay forma de mirarle la cara a Puno si no es con justicia"", exclamó Sánchez y resaltó la tristeza que llevan los familiares de los fallecidos.",Roberto Sánchez
La República,2026-06-04 13:29:42,"Martín Vizcarra llama a votar por Juntos por el Perú de Roberto Sánchez: ""Estaremos vigilantes""",Mauricio Muñoz,https://larepublica.pe/politica/2026/06/04/martin-vizcarra-llama-a-votar-por-juntos-por-el-peru-de-roberto-sanchez-estaremos-vigilantes-hnews-221200,"Vizcarra se une a otros políticos que apoyan a Sánchez en el balotaje contra Keiko Fujimori, como Alfonso López Chau, Mesías Guevara, Yohny Lescano y Ricardo Belmont.","Martín Vizcarra, Juntos Por el Perú, Roberto Sánchez"
La República,2026-06-04 13:07:19,Gobierno de Balcázar evalúa nueva solicitud de indulto para Pedro Castillo,Narda Saavedra,https://larepublica.pe/politica/2026/06/04/gobierno-de-jose-balcazar-evalua-nueva-solicitud-de-indulto-para-pedro-castillo-hnews-304772,"El ministro de Justicia detalló que el pedido ingresó el 19 de mayo a Palacio de Gobierno. ""Está en cola de ser evaluado junto a otros expedientes"", dijo.","José María Balcázar, Pedro Castillo"
La República,2026-06-03 08:55:21,Crece la deforestación en Perú: más de 3.2 millones hectáreas de bosques se perdieron desde el 2001,Óscar Chumpitaz,https://larepublica.pe/politica/2026/06/03/crece-la-deforestacion-en-peru-mas-de-32-millones-hectareas-de-bosques-se-perdieron-desde-el-2001-amazonia-hnews-148665,"La deforestación persistente y cada vez más compleja es impulsada por la tala ilegal, el narcotráfico, la expansión de la frontera agrícola, la minería, los incendios forestales y cambios no planificados de uso del suelo. Pese a todo ello, el medio ambiente no ocupa un lugar central en las propuestas electorales.","Medio ambiente, Amazonía, DEFORESTACION, Madre de Dios"
La República,2026-06-04 09:44:48,Congreso suspende sesión del Pleno de hoy donde Roberto Sánchez había pedido incluir derogación de leyes pro crimen,Narda Saavedra,https://larepublica.pe/politica/2026/06/04/congreso-suspende-sesion-del-pleno-de-hoy-donde-roberto-sanchez-habia-pedido-incluir-derogacion-de-leyes-pro-crimen-hnews-340972,"Sobre el tema, Sánchez también pide que nueve proyectos de ley que se encuentran en la Comisión de Justicia pasen directo al debate del Pleno para su aprobación o rechazo.","Roberto Sánchez, Congreso del Perú"
La República,2026-06-03 14:42:54,Roberto Sánchez pide eliminar leyes procrimen,Mauricio Muñoz,https://larepublica.pe/politica/2026/06/03/roberto-sanchez-solicita-a-junta-de-portavoces-incluir-derogacion-de-leyes-procrimen-en-proximo-pleno-del-congreso-hnews-226080,El candidato de Juntos por el Perú también pidió a la Junta de Portavoces que incluya en la agenda del Pleno el debate de proyectos de ley orientados a fortalecer la lucha contra la criminalidad.,"Roberto Sánchez, Congreso del Perú"
La República,2026-06-04 07:33:55,Fujimori ofreció plata a Susana para que no se vaya de Palacio,Doris Aguirre,https://larepublica.pe/politica/2026/06/04/fujimori-ofrecio-plata-a-susana-para-que-no-se-vaya-de-palacio-hnews-44817,"Testimonio. Después de anunciarle que se retiraba de la residencia palaciega ante los casos de corrupción de los que había sido testigo, y él no hizo nada, el exmandatario le ofreció US$100 millones en cajas de leche a cambio de que se quedara y se mantuviera en silencio. Al negarse Susana Higuchi a aceptar el dinero, Fujimori la echó de Palacio y le hizo falsas acusaciones para justificar su conducta.","Alberto Fujimori, Keiko Fujimori, Susana Higuchi"
La República,2026-06-03 21:19:37,Juntos por el Perú realizará su cierre de campaña en Campo de Marte tras negativa de Municipalidad de Lima,Jazmín Bianchi,https://larepublica.pe/politica/2026/06/03/juntos-por-el-peru-realizara-su-cierre-de-campana-en-campo-de-marte-tras-negativa-de-municipalidad-de-lima-hnews-259983,"La Municipalidad de Lima rechazó la realización del cierre de campaña de Roberto Sánchez en el Centro Histórico, argumentando restricciones vinculadas a la protección del patrimonio cultural.","Juntos Por el Perú, Elecciones 2026"
La República,2026-06-03 21:24:19,JNE exige garantías a José María Balcázar para el desarrollo de la segunda vuelta en el exterior,Jazmín Bianchi,https://larepublica.pe/politica/2026/06/03/jne-exige-garantias-a-jose-maria-balcazar-para-el-desarrollo-de-la-segunda-vuelta-en-el-exterior-hnews-197397,El Jurado Nacional de Elecciones (JNE) solicitó al mandatario adoptar medidas que aseguren el sufragio de los peruanos en el extranjero para los comicios del próximo 7 de junio.,"JNE, José María Balcázar, segunda vuelta electoral"
La República,2026-06-03 14:29:55,"Sutep se declara neutral frente al fujimorismo, mientras la CGTP y otros gremios respaldan a Sánchez",Ariadna Yaya,https://larepublica.pe/politica/2026/06/03/hector-sinche-el-sutep-no-es-un-partido-politico-y-respetamos-la-independencia-politica-de-nuestros-afiliados-hnews-81423,"El secretario de Organización del SUTEP, Héctor Sinche, afirmó que el sindicato no apoyará oficialmente a ningún candidato en la segunda vuelta. La posición difiere de la asumida por diversas organizaciones sindicales y sociales que sí expresaron respaldo a Roberto Sánchez de cara a este 7 de junio.","Sutep, Elecciones 2026"
La República,2026-06-03 18:46:12,Poder Judicial rechaza medida cautelar que presentó Renzo Reggiardo para suspender segunda vuelta,Ariadna Yaya,https://larepublica.pe/politica/2026/06/03/poder-judicial-rechaza-medida-cautelar-que-presento-renzo-reggiardo-para-suspender-segunda-vuelta-hnews-198192,El Quinto Juzgado Constitucional de Lima concluyó que no se cumplen todos los requisitos establecidos en el Código Procesal Constitucional para conceder el pedido formulado por el alcalde de Lima contra el Jurado Nacional de Elecciones.,"Poder Judicial, Renzo Reggiardo, JNE, Elecciones 2026"
La República,2026-06-03 13:50:10,Martín Vizcarra: TC rechaza anular condena de 14 años de cárcel por el caso Lomas de Ilo y Hospital de Moquegua,Jazmín Bianchi,https://larepublica.pe/politica/2026/06/03/martin-vizcarra-tc-rechaza-anular-condena-de-14-anos-de-carcel-por-el-caso-lomas-de-ilo-y-hospital-de-moquegua-hnews-241035,"El Tribunal Constitucional aclaró que las órdenes para iniciar el juicio no dañaban la libertad física del expresidente al momento de su reclamo, por lo que su pedido fue descartado.","Martín Vizcarra, Tribunal Constitucional"
La República,2026-06-03 19:51:07,"Roberto Sánchez manda mensaje a Keiko Fujimori: ""Exhorto a la señora del caos a aceptar los resultados electorales""",Liubomir Fernández,https://larepublica.pe/politica/2026/06/03/roberto-sanchez-manda-mensaje-a-keiko-fujimori-exhorto-a-la-senora-del-caos-a-aceptar-los-resultados-electorales-hnews-157233,Candidato de Juntos por el Perú cerró su mitin en Juliaca. Se reunió con los familiares de las víctimas y aseguró que no hay forma de mirarle la cara a Puno si no es con justicia.,"Elecciones 2026, Roberto Sánchez, Keiko Fujimori"
La República,2026-06-03 19:19:06,Congreso archiva otra denuncia contra Dina Boluarte por muertes en protestas tras anunciar respaldo a Keiko Fujimori,Jazmín Bianchi,https://larepublica.pe/politica/2026/06/03/congreso-archiva-otra-denuncia-contra-dina-boluarte-por-muertes-en-protesta-tras-anunciar-respaldo-a-keiko-fujimori-hnews-188841,La Subcomisión de Acusaciones Constitucionales declaró improcedente la denuncia contra Dina Boluarte y sus exministros por las muertes ocurridas durante las protestas de 2022 y 2023.,"Congreso del Perú, Dina Boluarte, Keiko Fujimori"
La República,2026-06-03 19:17:45,"Sánchez tras negativa de permiso para cierre de campaña: ""Exigimos igualdad de condiciones democráticas""",Carlos Villacorta,https://larepublica.pe/politica/2026/06/03/roberto-sanchez-tras-negarsele-el-permiso-para-cierre-de-campana-exigimos-igualdad-de-condiciones-democraticas-hnews-52914,El candidato de Juntos por el Perú aseguró que no caerán en provocaciones y que actuarán con serenidad frente a cualquier obstáculo a pocos días de los comicios.,"Roberto Sánchez, Elecciones 2026, Municipalidad de Lima"
La República,2026-06-03 18:34:15,"Juntos Por el Perú: nuevo plan de gobierno propone reformar la PNP, fortalecer la DIVIAC y construir cinco mega cárceles",Ariadna Yaya,https://larepublica.pe/politica/2026/06/03/juntos-por-el-peru-nuevo-plan-de-gobierno-propone-reformar-la-pnp-fortalecer-la-diviac-y-construir-cinco-mega-carceles-hnews-244599,"El documento plantea cambios estructurales en la lucha contra la delincuencia. Entre sus medidas figuran la derogación de leyes que considera favorables al crimen organizado, una reforma policial y un mayor control de las fronteras por parte de las Fuerzas Armadas.","Juntos Por el Perú, Elecciones 2026, Seguridad Ciudadana, PNP"
La República,2026-06-03 17:05:39,Municipalidad de Lima niega cierre de campaña en Centro Histórico a Roberto Sanchez y Keiko Fujimori anuncia mitin en Ate,Mauricio Muñoz,https://larepublica.pe/politica/2026/06/03/municipalidad-de-lima-niega-cierre-de-campana-en-centro-historico-a-roberto-sanchez-y-keiko-fujimori-anuncia-mitin-en-ate-hnews-140334,"Mientras Juntos por el Perú concentra sus últimos esfuerzos en el sur del país, con promesas de reactivar el Gasoducto del Sur y de lograr una mayor participación de la región en los beneficios derivados de Camisea, Keiko Fujimori sostiene en una entrevista internacional que un eventual gobierno suyo no repetiría episodios como los protagonizados por Vladimiro Montesinos o el Grupo Colina. Tales declaraciones llegan en medio de una campaña en la que también ha reivindicado el legado político de su padre, el exdictador Alberto Fujimori.","Municipalidad de Lima, Roberto Sánchez, Keiko Fujimori"
La República,2026-06-01 16:19:00,Juntos Por el Perú presenta nuevo plan de gobierno: conoce las nuevas propuestas del partido a días de la segunda vuelta,Ariadna Yaya,https://larepublica.pe/politica/2026/06/01/juntos-por-el-peru-presenta-nuevo-plan-de-gobierno-conoce-las-nuevas-propuestas-del-partido-a-dias-de-la-segunda-vuelta-roberto-sanchez-hnews-18819,"El documento de Juntos Por el Perú reúne planteamientos de Ahora Nación, Primero la Gente, Obras y la alianza Venceremos. La propuesta incluye reformas institucionales y medidas para fortalecer la presencia del Estado en todo el país.","Juntos Por el Perú, Roberto Sánchez, Elecciones 2026"
La República,2026-06-03 12:27:19,Municipalidad de Lima niega permiso a Juntos por el Perú de Roberto Sánchez para cierre de campaña en Centro Histórico,Mauricio Muñoz,https://larepublica.pe/politica/2026/06/03/municipalidad-de-lima-niega-permiso-a-juntos-por-el-peru-y-roberto-sanchez-para-cierre-de-campana-en-centro-historico-hnews-212025,"De acuerdo con un comunicado publicado por la propia municipalidad, esta decisión se tomó debido a que el Centro Histórico es considerado una zona intangible.",Municipalidad de Lima
La República,2026-06-03 11:36:49,Elecciones 2026: Keiko Fujimori solo acredita experiencia laboral como presidenta de Fuerza Popular,Mauricio Muñoz,https://larepublica.pe/politica/2026/06/03/elecciones-2026-keiko-fujimori-solo-acredita-experiencia-laboral-como-presidenta-de-fuerza-popular-hnews-298608,"Además de ese puesto, la candidata de Fuerza Popular reportó ingresos de S/271.853,45 anuales ante el Jurado Nacional de Elecciones.","Keiko Fujimori, Fuerza Popular"
La República,2026-06-03 11:36:15,Elecciones 2026: Unión Europea despliega 50 observadores para supervisar la segunda vuelta,Ariadna Yaya,https://larepublica.pe/politica/2026/06/03/elecciones-2026-union-europea-despliega-50-observadores-para-supervisar-la-segunda-vuelta-hnews-245193,"La misión electoral europea informó que sus observadores se distribuirán en distintas regiones del país para supervisar la jornada del 7 de junio. Además, destacó los esfuerzos realizados por los organismos electorales para fortalecer la transparencia del proceso.","Elecciones 2026, Unión Europea"
La República,2026-06-03 09:04:25,"Brigida Curo cuestiona a Fuerza Popular por muertes en protestas: ""¿Cuántos han sido asesinados por la política fujimorista?""",Mauricio Muñoz,https://larepublica.pe/politica/2026/06/03/brigida-curo-cuestiona-a-fuerza-popular-por-muertes-en-protestas-cuantos-han-sido-asesinados-por-la-politica-fujimorista-hnews-167193,La candidata a la vicepresidencia de Roberto Sánchez sostuvo que la región sur se ha convertido en un símbolo de resistencia frente a una política que calificó de clasista y racista.,"Fuerza Popular, Keiko Fujimori, Juntos Por el Perú, Elecciones 2026"
La República,2026-06-03 07:46:37,"Roberto Sánchez promete gas, obras y reformas en Cusco",Luis Álvarez,https://larepublica.pe/politica/2026/06/03/roberto-sanchez-promete-gas-obras-y-reformas-en-cusco-hnews-56832,El candidato anunció nuevas medidas durante su mitin en la plaza Túpac Amaru. La actividad inició con un minuto de silencio en homenaje a las víctimas de la convulsión social ocurrida durante el gobierno de Dina Boluarte.,"Roberto Sánchez, Cusco, Elecciones 2026"
La República,2026-06-03 06:20:56,"Keiko Fujimori llama ""Frankenstein político"" a Juntos por el Perú por nuevo equipo técnico y plan de gobierno",Mauricio Muñoz,https://larepublica.pe/politica/2026/06/03/keiko-fujimori-llama-frankenstein-politico-a-juntos-por-el-peru-por-nuevo-equipo-tecnico-y-plan-de-gobierno-hnews-150135,"La candidata de Fuerza Popular insistió en la vinculación de Antauro Humala con Juntos por el Perú y calificó a Sánchez como ""una mala imitación"" de Pedro Castillo.","Keiko Fujimori, Juntos Por el Perú"
La República,2026-06-02 07:22:24,"Cancillería cesa embajadores de Perú en España, Estados Unidos, India, Bangladesh y Francia",Josué Chávez Cardoza,https://larepublica.pe/politica/2026/06/02/cancilleria-cesa-embajadores-de-peru-en-espana-estados-unidos-india-bangladesh-y-francia-a-dias-de-la-segunda-vuelta-hnews-196758,"La medida también alcanza a los embajadores de Brasil, Costa Rica y al representante permanente del Perú ante la Organización Mundial de Turismo.","Cancillería del Perú, Ministerio de Relaciones Exteriores, Elecciones 2026"
La República,2026-06-02 12:08:32,"José Jerí renuncia a su militancia en Somos Perú: ""Cierro una etapa importante en mi vida""",Josué Chávez Cardoza,https://larepublica.pe/politica/2026/06/02/jose-jeri-renuncia-a-su-militancia-en-somos-peru-cierro-una-etapa-importante-en-mi-vida-hnews-104786,"Luego de 13 años de militancia, el censurado expresidente Jerí se retira del partido que apenas consiguió 0.915% de intención de voto en la última elección.","José Jerí, Somos Perú"
La República,2026-06-02 10:03:46,"Rosa María sobre nuevo plan de gobierno de Sánchez: ""¿Qué ha tenido de exitoso? Que toda la semana hablaremos de él""",Josué Chávez Cardoza,https://larepublica.pe/politica/2026/06/02/rosa-maria-sobre-nuevo-plan-de-gobierno-de-sanchez-que-ha-tenido-de-exitoso-que-toda-la-semana-hablaremos-de-el-hnews-48386,"La conductora de Sin Guión analizó el nuevo plan de gobierno que presentó Roberto Sánchez junto con Ahora Nación, Cívico Obras, Venceremos y Primero la Gente.","Roberto Sánchez, Rosa María Palacios, Juntos Por el Perú, Sin guion, Elecciones 2026"
La República,2026-06-02 13:59:56,Segunda vuelta presidencial: más de 2.500 mesas de votación se instalarán para peruanos en el extranjero,Josué Chávez Cardoza,https://larepublica.pe/politica/2026/06/02/segunda-vuelta-presidencial-mas-de-2500-mesas-de-votacion-se-instalaran-para-peruanos-en-el-extranjero-hnews-71864,"El canciller Carlos Pareja informó que, para la segunda vuelta presidencial, se habilitarán 219 locales de votación. Asimismo, recordó que los peruanos deberán estar registrados en los consulados para poder ejercer su derecho al voto. También destacó que se instalarán mesas de sufragio en países de Medio Oriente, entre ellos Israel, Jordania y Qatar.","segunda vuelta electoral, ONPE, Cancillería del Perú, Elecciones 2026"
La República,2026-06-03 05:10:00,Keiko Fujimori financió sus estudios en EE.UU con dinero robado por su padre,Ángel Páez,https://larepublica.pe/politica/2026/06/03/keiko-fujimori-financio-sus-estudios-en-eeuu-con-dinero-robado-por-su-padre-hnews-93670,Operación encubierta. Las declaraciones de su madre Susana Higuchi ante la Fiscalía de la Nación desbarataron la versión de la candidata de que su abuelo Koshiro Higuchi Uemura financió su carrera en el exterior. Y Vladimiro Montesinos confirmó que se usaron fondos clandestinos del Servicio de Inteligencia Nacional (SIN) para dicha finalidad.,"Keiko Fujimori, Alberto Fujimori, Vladimiro Montesinos"
La República,2026-06-03 05:00:00,FAME pide sobreprecio por pistolas israelíes Jericho para la PNP,Doris Aguirre,https://larepublica.pe/politica/2026/06/03/fame-pide-sobreprecio-por-pistolas-israelies-jericho-para-la-pnp-hnews-34212,"MAS CARO. El ministro del Interior, José Zapata, autorizó la compra de pistolas a la Fábrica de Armas y Municiones del Ejército (FAME), que ofrece el modelo israelí Jericho por US$1.049. Es decir, US$100 más que lo ha que ha pedido la misma compañía fabricante.","Ministerio del Interior, Policía Nacional del Perú, Nicanor Boluarte"
La República,2026-06-02 22:03:44,División en la interna de Libertad Popular por apoyo de Rafael Belaúnde a Keiko Fujimori,Narda Saavedra,https://larepublica.pe/politica/2026/06/02/division-en-la-interna-de-libertad-popular-por-apoyo-de-rafael-belaunde-a-keiko-fujimori-hnews-165744,El respaldo de Belaúnde a Fuerza Popular desató una ola de renuncias de militantes de Libertad Popular.,"Keiko Fujimori, Rafael Belaunde"
La República,2026-06-02 21:46:53,Somos Perú aún no toma una posición a favor de ningún candidato a días de la elección,Narda Saavedra,https://larepublica.pe/politica/2026/06/02/somos-peru-aun-no-toma-una-posicion-a-favor-de-ningun-candidato-a-dias-de-la-eleccion-hnews-180666,"Quien sí sentó postura es el excandidato presidencial del partido, George Forsyth, quien anunció que no votará por Keiko Fujimori en la segunda vuelta. Dejó claro que se trata de una opinión personal y no partidaria.","Somos Perú, Elecciones 2026"
La República,2026-06-02 21:23:58,Ministerio de Justicia desmiente supuesto indulto a Pedro Castillo y califica información de falsa,Narda Saavedra,https://larepublica.pe/politica/2026/06/02/ministerio-de-justicia-desmiente-supuesto-indulto-a-pedro-castillo-y-califica-informacion-de-falsa-hnews-32556,El Ministerio ya había descartado la existencia de un supuesto trámite en curso para conceder gracia presidencial a Castillo Terrones.,Pedro Castillo
La República,2026-06-02 21:38:16,"Burneo sobre resultados de la segunda vuelta: ""Se conocerán en los tiempos oportunos con total transparencia""",Ariadna Yaya,https://larepublica.pe/politica/2026/06/02/roberto-burneo-sobre-resultados-de-la-segunda-vuelta-se-conoceran-en-los-tiempos-oportunos-con-total-transparencia-jne-hnews-145638,El presidente del Jurado Nacional de Elecciones señaló que la proclamación de los resultados oficiales dependerá del cumplimiento de los procedimientos legales y de la resolución de posibles observaciones o pedidos de nulidad que presenten las organizaciones políticas.,"Roberto Burneo, JNE, Elecciones 2026"
La República,2026-06-02 21:17:22,"Mesías Guevara sobre Rafael Belaunde en Fuerza Popular: ""En el 2021 hizo lo mismo y terminó ofreciendo disculpas""",Ariadna Yaya,https://larepublica.pe/politica/2026/06/02/mesias-guevara-sobre-rafael-belaunde-en-fuerza-popular-en-el-2021-hizo-lo-mismo-y-termino-ofreciendo-disculpas-hnews-140432,El excandidato presidencial cuestionó la decisión de Rafael Belaunde de incorporarse al equipo técnico de Keiko Fujimori y recordó los enfrentamientos históricos entre el fujimorismo y el expresidente Fernando Belaunde Terry.,"Mesías Guevara, Rafael Belaunde, Fuerza Popular, Elecciones 2026"
La República,2026-06-02 20:31:54,"Anahí Durand sobre nacionalización de Telefónica en plan de gobierno: ""Hubo un cambio por un error de edición""",Ariadna Yaya,https://larepublica.pe/politica/2026/06/02/anahi-durand-sobre-nacionalizacion-de-telefonica-en-plan-de-gobierno-de-juntos-por-el-peru-hubo-un-cambio-por-un-error-de-edicion-hnews-195248,La dirigente de Juntos por el Perú aseguró que el párrafo sobre la nacionalización de Telefónica fue incluido por equivocación en una versión del documento y afirmó que el texto final presentado ante el Jurado Nacional de Elecciones (JNE) ya corrige ese punto.,"Juntos Por el Perú, Elecciones 2026"
La República,2026-06-02 14:11:12,"George Forsyth apoyaría a Roberto Sánchez en la segunda vuelta: ""No puedo ni voy a votar por Keiko Fujimori""",Narda Saavedra,https://larepublica.pe/politica/2026/06/02/george-forsyth-apoyaria-a-roberto-sanchez-en-la-segunda-vuelta-no-puedo-ni-voy-a-votar-por-keiko-fujimori-hnews-168264,"Forsyth resaltó que se trata de una postura personal y no partidaria. El Secretario Nacional de Asuntos Electorales del partido, Uvaldo Pizarro, comunicó que Somos Perú aún no ha tomado una posición.","Keiko Fujimori, George Forsyth, Elecciones 2026"
La República,2026-06-02 18:31:38,Keiko Fujimori no llegó a Puno: militantes de fujimorismo se enfrentan a dirigentes que rechazaron su presencia,Liubomir Fernández,https://larepublica.pe/politica/2026/06/02/keiko-fujimori-no-llego-a-puno-militantes-de-fujimorismo-se-enfrentan-a-dirigentes-que-rechazaron-su-presencia-hnews-88730,"Seguidores de Keiko Fujimori se reunieron en un local privado. En exteriores, decenas de personas rechazaron el encuentro. Hubo agresiones entre ambos bandos.","Keiko Fujimori, Puno, Elecciones 2026"
La República,2026-06-02 18:40:56,"Rafael Belaunde tras renuncia de los militantes de Libertad Popular: ""El que vote por Sánchez no será mi enemigo""",Ariadna Yaya,https://larepublica.pe/politica/2026/06/02/rafael-belaunde-tras-renuncia-de-los-militantes-de-libertad-popular-el-que-vote-por-sanchez-no-sera-mi-enemigo-hnews-52830,"El líder de Libertad Popular respondió a las críticas y renuncias registradas dentro de su partido luego de que fuera vinculado al equipo técnico de Keiko Fujimori. Además, cuestionó a los ciudadanos que opten por viciar su voto en la segunda vuelta electoral.","Rafael Belaunde, Libertad Popular, Roberto Sánchez, Elecciones 2026"
La República,2026-06-02 13:59:28,"Helder Domínguez contradice a Luz Pacheco sobre habeas corpus de Cerrón: ""No ha habido ningún procedimiento irregular""",Ariadna Yaya,https://larepublica.pe/politica/2026/06/02/helder-dominguez-contradice-a-luz-pachecho-sobre-habeas-corpus-de-cerron-no-ha-habido-ningun-procedimiento-irregular-hnews-177766,"El nuevo presidente del Tribunal Constitucional rechazó las afirmaciones de su antecesora sobre un presunto favorecimiento al líder de Perú Libre. Además, defendió la actuación del Pleno y aseguró que el expediente fue evaluado conforme a las reglas que rigen los procesos constitucionales.","Tribunal Constitucional, Vladimir Cerrón"
La República,2026-06-02 10:00:56,"Coronel EP Enrique Oliveros: prófugo por 23 años, lo capturan y fiscal y Sala le dan comparecencia",César Romero Calle,https://larepublica.pe/politica/2026/06/02/coronel-ep-enrique-oliveros-profugo-por-23-anos-lo-captura-y-fiscal-y-sala-le-dan-comparecencia-hnews-26114,"Enrique Oliveros, exjefe del Servicio de Inteligencia del Ejército (SIE), es acusado de tener participación en el asesinato de 25 personas y la desaparición forzada de dos estudiantes de la Universidad del Callao y un profesor, a manos del Grupo Colina. La Fiscalía pide una pena de 20 años en su contra, pero vuelve a estar libre.","Grupo Colina, Derechos Humanos, Alberto Fujimori, Vladimiro Montesinos"
La República,2026-05-21 11:20:08,Cuánto pagaré de multa si no voto el 7 de junio: montos para la segunda vuelta de las Elecciones,Ariadna Yaya,https://larepublica.pe/politica/2026/05/21/multa-por-no-votar-segunda-vuelta-elecciones-2026-cuanto-debes-pagar-si-faltas-el-domingo-7-de-junio-hnews-1079799,"Los ciudadanos que no acudan a votar en la segunda vuelta presidencial del próximo 7 de junio deberán pagar multas que van desde S/27,50 hasta S/110, dependiendo del distrito donde tengan registrado su domicilio en el DNI.","Elecciones 2026, JNE, ONPE"
La República,2026-06-02 17:58:35,"Diego Pomareda rechaza que Rafael Belaúnde apoye a Keiko Fujimori: ""Ni siquiera lo consultó con el partido""",Narda Saavedra,https://larepublica.pe/politica/2026/06/02/diego-pomareda-rechaza-que-rafael-belaunde-apoye-a-keiko-fujimori-ni-siquiera-lo-consulto-con-el-partido-hnews-134966,"Tan solo un día antes del anuncio de Pomareda, el último 1 de junio, un grupo de militantes de Libertad Popular renunciaron al partido al conocer el apoyo de Belaúnde hacia Keiko.","Rafael Belaunde, Keiko Fujimori"
La República,2026-06-02 17:53:44,JNE: Delia Espinoza solicita que se le permita votar en la segunda vuelta tras declarase sin efecto su inhabilitación,Jazmín Bianchi,https://larepublica.pe/politica/2026/06/02/jne-delia-espinoza-solicita-que-se-le-permita-votar-en-la-segunda-vuelta-tras-declarase-sin-efecto-su-inhabilitacion-hnews-153920,"La decana del Colegio de Abogados de Lima (CAL) solicitó su reincorporación al padrón electoral. El Poder Judicial declaró inaplicable la inhabilitación que le impuso el Congreso, por lo que la abogada exige ejercer su derecho al voto este 7 de junio.","Delia Espinoza, JNE, segunda vuelta electoral"
La República,2026-06-02 16:18:52,"Hija de Ricardo Belmont respalda a Roberto Sánchez: ""Voto en contra de algo que ya conozco""",Narda Saavedra,https://larepublica.pe/politica/2026/06/02/hija-de-ricardo-belmont-respalda-roberto-sanchez-voto-en-contra-de-algo-que-ya-conozco-hnews-53106,"Explicó que Sánchez es un ""hombre político"", mientras que Keiko Fujimori representa un ""sistema que lleva décadas construyéndose"".","Roberto Sánchez, Ricardo Belmont, Elecciones 2026"
La República,2026-05-25 14:53:59,Elecciones 2026: conoce tu local de votación para la segunda vuelta del 7 de junio,Narda Saavedra,https://larepublica.pe/politica/2026/05/25/segunda-vuelta-2026-conoce-tu-local-de-votacion-tras-los-cambios-de-la-onpe-en-7-distritos-de-lima-hnews-429300,Consulta tu local de votación para la segunda vuelta 2026 tras los cambios realizados por la ONPE. Revisa dónde te toca votar.,"segunda vuelta electoral, ONPE, Elecciones 2026, Roberto Sánchez, Juntos Por el Perú, Keiko Fujimori"
La República,2026-06-02 17:13:25,Elecciones 2026: link para revisar tu local de votación para la segunda vuelta del 7 de junio,Narda Saavedra,https://larepublica.pe/politica/2026/06/02/elecciones-2026-link-para-revisar-tu-local-de-votacion-para-la-segunda-vuelta-del-7-de-junio-hnews-50730,Consulta tu local de votación para la segunda vuelta 2026 tras los cambios realizados por la ONPE. Revisa dónde te toca votar aquí.,"segunda vuelta electoral, ONPE, Elecciones 2026, Roberto Sánchez, Juntos Por el Perú, Keiko Fujimori"
La República,2026-06-01 11:46:46,ONPE comenzará el traslado del material electoral a los locales de votación de Lima y Callao el viernes 5 de junio,Josué Chávez Cardoza,https://larepublica.pe/politica/2026/06/01/onpe-comenzara-el-traslado-del-material-electoral-a-los-locales-de-votacion-de-lima-y-callao-el-viernes-5-de-junio-hnews-60316,"El jefe interino de la ONPE, Bernardo Pachas, aseguró que la entrega del material electoral se realiza a pesar del ""tiempo acortado"" para la segunda vuelta.","ONPE, segunda vuelta electoral, Elecciones 2026"
La República,2026-06-02 08:23:07,"Roberto Sánchez: ""Vamos a esperar los resultados en el Penal de Barbadillo junto con Pedro Castillo""",Josué Chávez Cardoza,https://larepublica.pe/politica/2026/06/02/roberto-sanchez-vamos-a-esperar-los-resultados-en-el-penal-de-barbadillo-junto-con-pedro-castillo-hnews-141986,El candidato de Juntos por el Perú aseguró que recuperarán la libertad de Pedro Castillo y solicitó a los militantes del partido ser personeros en la segunda vuelta contra Keiko Fujimori.,"Roberto Sánchez, Juntos Por el Perú, Pedro Castillo"
La República,2026-06-02 14:08:40,Ica: Detienen a un comisario y a 4 efectivos por presuntos actos de corrupción,Óscar Chumpitaz,https://larepublica.pe/politica/2026/06/02/ica-detienen-a-un-comisario-y-a-4-efectivos-por-presuntos-actos-de-corrupcion-corrupcion-hnews-127600,"Mayor y otros cuatro suboficiales fueron intervenidos en la comisaría sectorial Huamaní, en Pisco. Se les incautó S/11.700. Ellos se suman a otros cinco efectivos condenados en la víspera por el delito de cohecho pasivo propio en el ejercicio de la función policial.","Corrupción, Policía Nacional del Perú, Pisco, Investigación"
La República,2026-06-02 12:44:33,Ahora Nación propone a Mesías Guevara como primer ministro de un posbile gobierno de Roberto Sánchez,Jazmín Bianchi,https://larepublica.pe/politica/2026/06/02/ahora-nacion-propone-a-mesias-guevara-como-primer-ministro-de-un-posbile-gobierno-de-roberto-sanchez-hnews-186054,"El partido de Alfonso López-Chau aclaró que no busca ""repartirse ministerios"". Además, condicionaron su respaldo a que no se incluya a Antauro Humala dentro del equipo de gobierno.","Elecciones 2026, Juntos Por el Perú, Roberto Sánchez, Mesías Guevara"
La República,2026-06-01 22:53:19,"Hildebrandt: ""La mejor opción es votar propositivamente e impedir que el fujimorismo tenga plenos poderes""",Narda Saavedra,https://larepublica.pe/politica/2026/06/01/cesar-hildebrandt-lo-mejor-opcion-es-votar-propositivamente-e-impedir-que-el-fujimorismo-tenga-plenos-poderes-hnews-43894,"El periodista reconoció que la mejor opción es votar por Roberto Sánchez y evitar que el fujimorismo cumpla con ""sus oscuros designios"".","César Hildebrandt, Roberto Sánchez"
La República,2026-06-02 11:58:08,"9,4 millones de pobres, 43% de niños con anemia y extorsiones multiplicadas por siete: la ONU presenta su diagnóstico más duro sobre el Perú",Alejandro Céspedes García,https://larepublica.pe/politica/2026/06/02/94-millones-de-pobres-43-de-ninos-con-anemia-y-extorsiones-multiplicadas-por-siete-la-onu-presenta-su-diagnostico-mas-duro-sobre-el-peru-hnews-145932,"El Informe Anual de Resultados 2025 de las Naciones Unidas revela las contradicciones de un país que bate récords de exportación, pero no logra reducir el hambre, la violencia ni la exclusión.",ONU
La República,2026-06-02 11:15:52,Congreso: Comisión de Ética aprueba sancionar con una amonestación pública a Kira Alcarraz,Jazmín Bianchi,https://larepublica.pe/politica/2026/06/02/congreso-comision-de-etica-aprueba-sancionar-con-una-amonestacion-publica-a-kira-alcarraz-hnews-150314,"La legisladora fue sancionada tras comentarios intimidatorios a una periodista. El Congreso calificó su actitud de violenta, pero descartó que fuera una amenaza real. Además, durante la sesión también se concluyó sancionar a Norma Yarrow por una denuncia de discriminación contra el congresista Roberto Kamiche.","Congreso del Perú, Comisión de Ética"
La República,2026-06-02 10:50:21,"¿Por qué el Perú se queda atrás en la transición energética?, expertos debaten sobre energías renovables en foro organizado por La República",Alejandro Céspedes García,https://larepublica.pe/politica/2026/06/02/por-que-el-peru-se-queda-atras-en-la-transicion-energetica-expertos-debaten-sobre-energias-renovables-en-foro-organizado-por-la-republica-hnews-47418,"El tercer foro del ciclo LR Energía Perú 2050, organizado por el Grupo La República, debatirá las inquietudes sobre la política energética del país y la integración de energías renovables en el sistema.",Perú Futuro Energético
La República,2026-06-01 13:42:45,Militantes de Libertad Popular renuncian al partido tras apoyo de Rafael Belaúnde a Keiko Fujimori,Josué Chávez Cardoza,https://larepublica.pe/politica/2026/06/01/militantes-de-libertad-popular-renuncian-al-partido-tras-apoyo-de-rafael-belaunde-a-keiko-fujimori-hnews-25459,"Los militantes resaltaron que, a pesar de su renuncia, tampoco apoyarán la candidatura de Roberto Sánchez (Juntos por el Perú).","Libertad Popular, Keiko Fujimori, Rafael Belaunde"
La República,2026-06-01 17:12:04,"Hernando Cevallos: ""No veo ninguna intención de Juntos por el Perú de salir a estatizar""",Josué Chávez Cardoza,https://larepublica.pe/politica/2026/06/01/hernando-cevallos-no-veo-ninguna-intencion-de-juntos-por-el-peru-de-salir-a-estatizar-hnews-98077,El integrante del equipo técnico de Roberto Sánchez analizó las propuestas que brindó el candidato presidencial en el debate contra Fujimori. Afirmó que el Perú necesita mayor inversión y empresarios.,"Hernando Cevallos, Juntos Por el Perú, Roberto Sánchez, Elecciones 2026"
La República,2026-06-01 08:24:01,Segunda vuelta entre Sánchez y Fujimori: difusión de encuestas presidenciales quedan prohibidas desde HOY lunes 1 de junio,Josué Chávez Cardoza,https://larepublica.pe/politica/2026/06/01/segunda-vuelta-entre-sanchez-y-fujimori-difusion-de-encuestas-presidenciales-quedan-prohibidas-desde-este-lunes-1-de-junio-hnews-33969,"De acuerdo con la LOE, la multa por difundir encuestas oscila entre las 10 y 100 UIT. La ley seca entrará en vigencia desde el sábado 6 hasta el lunes 8 de junio.","Roberto Sánchez, Keiko Fujimori, JNE"
La República,2026-06-01 09:13:37,"Roberto Sánchez se distancia de Antauro Humala: ""No vamos a fusilar a nadie, ¡por Dios!""",Josué Chávez Cardoza,https://larepublica.pe/politica/2026/06/01/roberto-sanchez-se-distancia-de-antauro-humala-no-vamos-a-fusilar-a-nadie-por-dios-hnews-55581,"El candidato presidencial de Juntos por el Perú afirmó que respetan las ideas de Antauro Humala; sin embargo, señaló que no las comparten. Asimismo, aseguró que el etnocacerista no formará parte de un eventual gobierno.","Roberto Sánchez, Juntos Por el Perú, Antauro Humala, Elecciones 2026"
La República,2026-06-01 23:22:19,Lo que no se vio en el debate: Fujimori fue asesorada por Miguel Torres; mientras que Sánchez por Pedro Francke y Manuel Rodríguez,Narda Saavedra,https://larepublica.pe/politica/2026/06/01/lo-que-no-se-vio-en-el-debate-fujimori-fue-asesorada-por-miguel-torres-mientras-que-sanchez-por-pedro-francke-y-manuel-rodriguez-hnews-42809,"El Jurado Nacional de Elecciones (JNE) permitió que, en los intervalos del debate presidencial, ambos candidatos pudieran recibir asesoría de su equipo técnico.","Keiko Fujimori, Fuerza Popular, Roberto Sánchez, Juntos Por el Perú"
La República,2026-06-01 21:58:18,"Coordinadora Nacional de Derechos Humanos responde a Keiko Fujimori: ""Una democracia sólida se construye sobre la memoria""",Mauricio Muñoz,https://larepublica.pe/politica/2026/06/01/coordinadora-nacional-de-derechos-humanos-responde-a-keiko-fujimori-una-democracia-solida-se-construye-sobre-la-memoria-hnews-50309,"Entre otros temas, la institución señaló que tanto Roberto Sánchez como Keiko Fujimori deben priorizar ampliar el acceso a la educación superior.",Elecciones 2026
La República,2026-06-01 21:39:37,El show de los candidatos a su salida del debate: las respuestas de Roberto Sánchez y Keiko Fujimori ante los medios,Mauricio Muñoz,https://larepublica.pe/politica/2026/06/01/el-show-de-los-candidatos-a-su-salida-del-debate-las-respuestas-de-roberto-sanchez-y-keiko-fujimori-ante-los-medios-hnews-86630,"DESDE LA SALA DE PRENSA. Tras dos horas de enfrentamientos televisados, Roberto Sánchez y Keiko Fujimori tuvieron que afrontar una prueba distinta: la persecución de micrófonos. Ante las preguntas incómodas, ambos dieron respuestas descoloridas. Los equipos de Juntos por el Perú y Fuerza Popular dejaron el Centro de Convenciones de San Borja sabiendo que quedan pocas cartas por jugar.","Debate Presidencial 2026, Keiko Fujimori, Roberto Sánchez"
La República,2026-06-01 20:34:40,"Papa León XIV visitará Perú en noviembre de este año, informó Presidencia",Narda Saavedra,https://larepublica.pe/politica/2026/06/01/papa-leon-xiv-visitara-peru-en-noviembre-de-este-ano-informo-presidencia-hnews-44532,Así lo confirmó Presidencia luego de una reunión protocolar entre el mandatario José María Balcázar y el cardenal Carlos Castillo.,Papa León XIV
La República,2026-06-01 19:59:26,José María Balcázar se vuelve a reunir con Jimmy Pflucker en Palacio de Gobierno tras encuentro en Miraflores,Ariadna Yaya,https://larepublica.pe/politica/2026/06/01/jose-maria-balcazar-se-vuelve-a-reunir-con-jimmy-pflucker-en-palacio-de-gobierno-tras-encuentro-en-miraflores-hnews-53291,El empresario y propietario de Panamericana Televisión ingresó este 1 de junio a Palacio de Gobierno para una reunión privada con el presidente José María Balcázar. El encuentro ocurrió pocos días después de que ambos fueran vistos compartiendo un almuerzo en un restaurante de Miraflores junto al excanciller Javier González-Olaechea.,"José María Balcázar, Palacio de Gobierno"
La República,2026-06-01 18:43:36,"Harvey Colchado sobre nuevo plan de gobierno de JP: ""Son herramientas para devolverle seguridad al Perú""",Ariadna Yaya,https://larepublica.pe/politica/2026/06/01/harvey-colchado-sobre-nuevo-plan-de-gobierno-de-juntos-por-el-peru-son-herramientas-para-devolverle-seguridad-al-peru-hnews-21810,"El virtual diputado por Lima de Ahora Nación aseguró que varias propuestas impulsadas por su agrupación fueron incorporadas al nuevo plan de gobierno de Juntos por el Perú, especialmente en materia de seguridad ciudadana, inteligencia policial y lucha contra la corrupción.","Harvey Colchado, Juntos Por el Perú, Elecciones 2026"
La República,2026-06-01 18:32:47,Keiko Fujimori no mencionó ningún caso de violaciones a los derechos humanos durante su presentación en el debate,Narda Saavedra,https://larepublica.pe/politica/2026/06/01/keiko-fujimori-no-menciono-ningun-caso-de-violaciones-a-los-derechos-humanos-durante-su-presentacion-en-el-debate-hnews-28644,"En su lugar, la candidata se refirió a los elementos fundamentales de los derechos humanos, como el acceso a los servicios básicos para vivir con dignidad, y exhortó no solo a 'mirar al pasado'.","Keiko Fujimori, Fuerza Popular, Elecciones 2026"
La República,2026-06-01 11:13:29,"Roberto Sánchez presenta nuevo plan de gobierno elaborado con Ahora Nación, Venceremos, Cívico Obras y Primero la Gente",Ariadna Yaya,https://larepublica.pe/politica/2026/06/01/roberto-sanchez-presenta-nuevo-plan-de-gobierno-elaborado-con-ahora-nacion-venceremos-civico-obras-y-primero-la-gente-hnews-19269,"El candidato de Juntos por el Perú presentó un programa de gobierno consensuado con diversas organizaciones políticas y sociales. La propuesta fue elaborada junto a un equipo técnico de 124 integrantes y plantea reformas en materia económica, seguridad ciudadana, institucionalidad, salud y educación.","Roberto Sánchez, Elecciones 2026"
La República,2026-06-01 16:14:27,Keiko Fujimori se aferra a narrativa del fraude a días de la segunda vuelta,Narda Saavedra,https://larepublica.pe/politica/2026/06/01/keiko-fujimori-se-aferra-a-narrativa-del-fraude-a-dias-de-la-segunda-vuelta-hnews-22166,"Durante su presentación en el debate presidencial de este domingo 31, en el bloque Fortalecimiento del Estado democrático y los derechos humanos, la candidata deslizó una vez más cuestionamientos contra la primera vuelta e indicó que le “preocupa”.","Keiko Fujimori, Fuerza Popular, Roberto Sánchez, Juntos Por el Perú"
La República,2026-06-01 12:55:47,"Un país sin puentes, por Rodrigo Barrenechea",Columnista invitado,https://larepublica.pe/opinion/2026/06/01/un-pais-sin-puentes-por-rodrigo-barrenechea-hnews-36655,"La geografía electoral del Perú muestra una marcada división entre el 'centro' dinámico y la 'periferia' tradicional, con candidatos como Sánchez y López Aliaga afianzando esta polaridad.",Elecciones 2026
La República,2026-06-01 12:37:46,"Leyes sin respaldo fiscal: el Congreso peruano y las finanzas públicas (2011–2025), por César Salinas",Columnista invitado,https://larepublica.pe/opinion/2026/06/01/leyes-sin-respaldo-fiscal-el-congreso-peruano-y-las-finanzas-publicas-20112025-por-cesar-salinas-hnews-13032,"Desde agosto de 2021, se han aprobado 229 leyes con impacto fiscal adverso, lo que triplica el promedio histórico, lo que supone una proyección de costo fiscal anual superior a S/35.000 millones.",
La República,2026-06-01 11:56:17,Helder Domínguez jura como nuevo presidente del Tribunal Constitucional en reemplazo de Luz Pacheco,Ariadna Yaya,https://larepublica.pe/politica/2026/06/01/helder-dominguez-jura-como-nuevo-presidente-del-tribunal-constitucional-en-reemplazo-de-luz-pacheco-hnews-12755,El nuevo titular del Tribunal Constitucional afirmó que buscará reducir los más de 8.000 expedientes pendientes en la institución y fortalecer la coordinación entre los magistrados para garantizar la estabilidad del máximo intérprete de la Constitución.,Tribunal Constitucional
La República,2026-05-31 05:00:00,"Roberto Sánchez ganó el juego político del debate, Keiko Fujimori lo desaprovechó",Mauricio Muñoz,https://larepublica.pe/politica/2026/05/31/debate-presidencial-2026-en-vivo-a-que-hora-y-por-donde-ver-el-keiko-fujimori-vs-roberto-sanchez-hnews-2425531,"CONFRONTADOS. En un debate determinante a una semana de la segunda vuelta, el candidato de Juntos por el Perú tuvo un mejor desenvolvimiento que el de Fuerza Popular. No faltaron los encontrones. Keiko Fujimori apeló a la presencia de Antauro Humala en el partido de Roberto Sánchez y en señalar que sus contrincantes representaban el caos y ellos el orden. Por su parte, Sánchez le recordó su poca experiencia laboral y la aprobación de las leyes procrimen por el fujimorismo. El momento de mayor tensión fue cuando Roberto Sánchez le dijo que él sí sabe “respetar a su madre”. La respuesta de Keiko Fujimori fue decirle “poco hombre”.","Debate Presidencial 2026, Keiko Fujimori, Roberto Sánchez, Elecciones 2026"
La República,2026-06-01 07:51:29,Portátiles de Juntos por el Perú y Fuerza Popular tuvieron su encuentro aparte previo al debate presidencial 2026,Diego Alva,https://larepublica.pe/politica/2026/06/01/portatiles-de-juntos-por-el-peru-y-fuerza-popular-tuvieron-su-encuentro-aparte-previo-al-debate-presidencial-2026-hnews-99372,La PNP tuvo que intervenir con una bomba lacrimógena para frenar el encuentro entre ambas portátiles.,"Juntos Por el Perú, Fuerza Popular, Debate Presidencial 2026"
La República,2026-05-31 07:43:32,"Gremios, colectivos y estudiantes marcharon contra Keiko Fujimori",Diego Alva,https://larepublica.pe/politica/2026/05/31/gremios-colectivos-y-estudiantes-marcharon-contra-keiko-fujimori-hnews-443331,"MOVILIZACIÓN. Liderados por el colectivo 'Keiko no va', ciudadanos en Lima, Arequipa, Cusco, Chiclayo y otras regiones se movilizaron para rechazar la candidatura de la lideresa de Fuerza Popular. La cuestionan por exaltar la dictadura de su padre.","Elecciones 2026, Roberto Sánchez, Keiko Fujimori"
La República,2026-05-31 08:37:41,Tribunal de Honor exhorta a Roberto Sánchez y Keiko Fujimori a no atacarse en el Debate Presidencial 2026,Josué Chávez Cardoza,https://larepublica.pe/politica/2026/05/31/tribunal-de-honor-del-jne-exhorta-a-roberto-sanchez-y-keiko-fujimori-a-no-atacarse-en-el-debate-presidencial-2026-hnews-2078054,Tribunal de Honor del Pacto Ético Electoral instó a los candidatos presidenciales de Juntos por el Perú y Fuerza Popular a evitar cualquier tipo de discriminación o agresión.,"Roberto Sánchez, Keiko Fujimori, JNE, Elecciones 2026"
La República,2026-05-31 11:08:25,Encuesta Presidencial IPSOS: Roberto Sánchez lidera en zona rural con 53.9% y Keiko Fujimori en Lima con 52.2%,Josué Chávez Cardoza,https://larepublica.pe/politica/2026/05/31/encuesta-presidencial-ipsos-roberto-sanchez-lidera-en-zona-rural-con-539-y-keiko-fujimori-en-lima-con-522-hnews-1492123,"De acuerdo con el simulacro de voto del 29 y 30 de mayo de Ipsos, Roberto Sánchez cuenta con mayor intención en el centro, sur y oriente del país. Fujimori, solo en Lima y el norte.","Ipsos Perú, Roberto Sánchez, Keiko Fujimori, Fuerza Popular, Juntos Por el Perú"
La República,2026-05-31 13:29:35,Transparencia desplegará 5.000 observadores para la segunda vuelta presidencial entre Fujimori y Sánchez,Josué Chávez Cardoza,https://larepublica.pe/politica/2026/05/31/transparencia-desplegara-5000-observadores-para-la-segunda-vuelta-presidencia-entre-fujimori-y-sanchez-hnews-2585524,"Además, la Asociación Civil Transparencia realizará un conteo rápido en colaboración con el Instituto Nacional Demócrata e Ipsos, y proyecta resultados preliminares entre las 8 y 9 de la noche.","Roberto Sánchez, Keiko Fujimori, Transparencia, Elecciones 2026"
La República,2026-05-31 17:08:03,Segunda vuelta entre Fujimori y Sánchez: ONPE traslada más de 380 mesas a nuevos locales de votación,Josué Chávez Cardoza,https://larepublica.pe/politica/2026/05/31/segunda-vuelta-entre-fujimori-y-sanchez-onpe-traslada-mas-de-380-mesas-a-nuevos-locales-de-votacion-hnews-2665039,"La ONPE reubicó 386 mesas de sufragio en Lima y Ucayali para la segunda vuelta presidencial del 7 de junio. Esto responde a huelgas y complicaciones en algunos locales de votación. Asimismo, el ente electoral informó que la reasignación se hizo por recomendación de las Fuerzas Armadas.","segunda vuelta electoral, Keiko Fujimori, Roberto Sánchez, ONPE"
La República,2026-05-31 09:20:40,Roberto Sánchez a Keiko Fujimori antes del debate presidencial: “La señora del Kaos escuchará sus verdades políticas”,Josué Chávez Cardoza,https://larepublica.pe/politica/2026/05/31/roberto-sanchez-a-keiko-fujimori-antes-del-debate-presidencial-la-senora-del-kaos-escuchara-sus-verdades-politicas-hnews-2602667,"A través de sus redes sociales, el candidato presidencial de Juntos por el Perú calificó como un ""día muy importante"" el debate presidencial contra Fujimori.","Roberto Sánchez, Keiko Fujimori, Debate Presidencial 2026, Elecciones 2026"
La República,2026-05-31 05:59:00,Jefe policial de Ayacucho proveía de armas y municiones a narco del VRAEM,Doris Aguirre,https://larepublica.pe/politica/2026/05/31/jefe-policial-de-ayacucho-proveia-de-armas-y-municiones-a-narco-del-vraem-2636400,"EL TOPO de la cocaína. Interceptaciones telefónicas detectaron que el capo de la droga, Raúl Avendaño, coordinaba la entrega de fusiles y proyectiles con el comandante PNP Arturo Cárdenas, quien se suponía que era parte de la lucha antidrogas. Un seguimiento comprobó que el jefe policial usaba su despacho para el negocio ilícito.","Policía Nacional del Perú, Ministerio Público, Dirandro"
La República,2026-05-31 23:49:47,Roberto Sánchez atribuyó una victoria “por walkover” a su equipo técnico frente al de Keiko Fujimori,Diana Sanchez Bustamante,https://larepublica.pe/politica/2026/05/31/roberto-sanchez-atribuyo-una-victoria-por-walkover-a-su-equipo-tecnico-frente-al-de-keiko-fujimori-1533260,La afirmación se realizó en el marco de una pregunta sobre financiamiento universitario y calidad educativa.,"Roberto Sánchez, Keiko Fujimori, Debate Presidencial 2026"
La República,2026-05-31 20:45:02,"Roberto Sánchez reta a Keiko Fujimori: ""¿Está dispuesta la señora Keiko a eliminar las leyes pro-crimen?""",Narda Saavedra,https://larepublica.pe/politica/2026/05/31/roberto-sanchez-reta-a-keiko-fujimori-esta-dispuesta-la-senora-keiko-a-eliminar-las-leyes-procrimen-hnews-2197745,"En el bloque destinado a seguridad ciudadana, Sánchez expuso el impacto de las leyes pro crimen en el aumento de la inseguridad.","Roberto Sánchez, Fuerza Popular, Elecciones 2026"
La República,2026-05-31 21:00:54,"Sánchez le recuerda a Keiko el comentario de Miki Torres: ""El pez muere por la boca y ha confesado sedición""",Narda Saavedra,https://larepublica.pe/politica/2026/05/31/sanchez-le-recuerda-a-keiko-la-comentario-de-miki-torres-el-pez-muera-por-la-boca-y-ha-confesado-sedicion-hnews-725245,"El candidato de Juntos por el Perú se refirió a lo dicho por Miguel Torres, quien señaló que diversos poderes se organizaron para sacar a Pedro Castillo de la presidencia.","Fuerza Popular, Keiko Fujimori, Roberto Sánchez, Elecciones 2026"
La República,2026-05-31 21:28:16,"Roberto Sánchez a Keiko Fujimori: ""Estudié con mi plata. No tengo tío que me regale mis estudios""",Narda Saavedra,https://larepublica.pe/politica/2026/05/31/roberto-sanchez-a-keiko-fujimori-estudie-con-mi-plata-no-tengo-tio-que-me-regale-mis-estudios-hnews-965557,"En el bloque Educación y Salud, el candidato de Juntos por el Perú hizo referencia al presunto pago de estudios académicos que realizó Montesinos a favor de Keiko Fujimori.",Keiko Fujimori
La República,2026-05-31 21:36:00,"Fujimori asegura que impulsará Beca 18 y Sánchez le responde: ""Todo el Perú sabe que se han burlado""",Narda Saavedra,https://larepublica.pe/politica/2026/05/31/keiko-fujimori-asegura-que-impulsara-beca-18-y-roberto-sanchez-le-responde-todo-el-peru-sabe-que-se-han-burlado-hnews-784548,Roberto Sánchez resaltó durante todo el debate la influencia de la bancada de Fuerza Popular en el retraso del financiamiento para Beca 18.,"beca 18, Fuerza Popular, Keiko Fujimori, Roberto Sánchez"
La República,2026-05-31 21:59:46,"Roberto Sánchez le dice Keiko Fujimori “Yo sí sé respetar a mi madre” y ella le responde ""poco hombre""",Narda Saavedra,https://larepublica.pe/politica/2026/05/31/roberto-sanchez-le-dice-keiko-fujimori-yo-si-se-respetar-a-mi-madre-y-ella-le-responde-poco-hombre-hnews-677257,La candidata de Fuerza Popular se dirigió a sus hijas y aseguró que ellas pueden confirmar que cuidó a Alberto Fujimori y a Susana Higuchi.,Roberto Sánchez
La República,2026-05-31 22:23:46,Debate presidencial 2026: así fue el enfrentamiento entre Keiko Fujimori y Roberto Sánchez en el Centro de Convenciones,Diego Gallegos,https://larepublica.pe/politica/2026/05/31/debate-presidencial-2026-asi-fue-el-enfrentamiento-entre-keiko-fujimori-y-roberto-sanchez-en-el-centro-de-convenciones-1568135,"A una semana de la segunda vuelta, ambos candidatos presidenciales estuvieron cara a cara y debatieron sobre temas de seguridad, derechos humanos, educación y economía.","Keiko Fujimori, Roberto Sánchez, Elecciones 2026, Fuerza Popular, Juntos Por el Perú"
La República,2026-05-31 22:11:07,"Roberto Sánchez en su mensaje final a Keiko Fujimori: ""El Perú le cerró filas a su legado de horror""",Mario Tumba,https://larepublica.pe/politica/2026/05/31/roberto-sanchez-en-su-mensaje-final-a-keiko-fujimori-el-peru-le-cerro-filas-a-su-legado-de-horror-2130568,"Durante sus palabras finales en el debate presidencial, el candidato de Juntos por el Perú le recordó a Keiko Fujimori sus tres derrotas electorales en 2011, 2016 y 2021.","Debate Presidencial 2026, Roberto Sánchez, Keiko Fujimori, Elecciones 2026"
La República,2026-05-30 15:00:00,Debate Presidencial 2026 entre Keiko Fujimori y Roberto Sánchez: ¿Cuáles son los temas y cuánto durará cada bloque?,Narda Saavedra,https://larepublica.pe/politica/2026/05/30/debate-presidencial-2026-entre-keiko-fujimori-y-roberto-sanchez-cuales-son-los-temas-y-cuanto-durara-cada-bloque-hnews-2828631,Se abordarán cuatro temas prioritarios para el país. Fuerza Popular y Juntos por el Perú presentarán sus propuestas de gobierno en los principales sectores.,"Keiko Fujimori, Roberto Sánchez, Debate Presidencial 2026"
La República,2026-05-31 21:55:11,"Sánchez le recuerda a Keiko que Fuerza Popular blindó a Boluarte: ""Deberían rendir cuentas por las 50 muertes""",Diana Sanchez Bustamante,https://larepublica.pe/politica/2026/05/31/sanchez-le-recuerda-a-keiko-que-fuerza-popular-blindo-a-boluarte-deberian-rendir-cuentas-por-las-50-muertes-3096776,"Durante el debate presidencial, el candidato de Juntos por el Perú cuestionó el respaldo de Fuerza Popular al Gobierno de Dina Boluarte y vinculó al partido con las muertes ocurridas durante las protestas sociales.","Keiko Fujimori, Roberto Sánchez, Dina Boluarte, Debate Presidencial 2026, Elecciones 2026"
La República,2026-05-31 21:53:31,"Roberto Sánchez sobre su propuesta económica: ""Nosotros no somos comunistas. Creemos en el trabajo""",Mauricio Muñoz,https://larepublica.pe/politica/2026/05/31/roberto-sanchez-sobre-su-propuesta-economica-nosotros-no-somos-comunistas-creemos-en-el-trabajo-hnews-1034625,"Además, el candidato de Juntos por el Perú insistió en su propuesta de subir el salario mínimo a 1.500 soles.","Roberto Sánchez, Keiko Fujimori, Debate Presidencial 2026"
La República,2026-05-31 21:33:34,"Roberto Sánchez responde a Keiko Fujimori: ""Yo sí he trabajado toda mi vida""",Mario Tumba,https://larepublica.pe/politica/2026/05/31/roberto-sanchez-responde-a-keiko-fujimori-yo-si-he-trabajado-toda-mi-vida-415121,El candidato de Juntos por el Perú respondió a los cuestionamientos de Keiko Fujimori destacando su trayectoria en la gestión pública y afirmando que él sí ha trabajado toda su vida.,"Debate Presidencial 2026, Roberto Sánchez, Keiko Fujimori"
La República,2026-05-31 20:53:53,"Sánchez a Fujimori: ""Han secuestrado hace 10 años el sistema de justicia y han corroído el país""",Mario Tumba,https://larepublica.pe/politica/2026/05/31/sanchez-a-fujimori-han-secuestrado-hace-10-anos-el-sistema-de-justicia-y-han-corroido-el-pais-2540977,"Roberto Sánchez arremetió contra la candidata de Fuerza Popular durante el Debate Presidencial 2026, al acusarla de haber debilitado el sistema de justicia y afectar el funcionamiento de las instituciones democráticas del país.","Debate Presidencial 2026, Keiko Fujimori, Roberto Sánchez"
La República,2026-05-31 20:27:26,"Roberto Sánchez: ""Hay que acabar con la dictadura del Congreso que dirige Keiko Fujimori""",Narda Saavedra,https://larepublica.pe/politica/2026/05/31/roberto-sanchez-hay-que-acabar-con-la-dictadura-del-congreso-que-dirige-keiko-fujimori-hnews-1134569,"En el debate presidencial, Sánchez arremetió desde un inicio contra la candidata naranja resaltando su influencia en el Parlamento.","Keiko Fujimori, Roberto Sánchez, Elecciones 2026"
La República,2026-05-31 20:19:18,Debate entre Keiko Fujimori y Roberto Sánchez se retrasó por problemas técnicos,Mario Tumba,https://larepublica.pe/politica/2026/05/31/debate-entre-keiko-fujimori-y-roberto-sanchez-se-retraso-por-problemas-tecnicos-1993827,"El debate presidencial tenía programado su inicio para las 8:00 de la noche; sin embargo, aunque ambos candidatos ya se encuentran en el lugar del evento, se han presentado retrasos en el comienzo de la actividad.","Debate Presidencial 2026, Roberto Sánchez, Keiko Fujimori, Elecciones 2026"
La República,2026-05-31 19:59:04,Keiko Fujimori y Roberto Sánchez se dan la la mano a minutos del debate presidencial: así fue el saludo,Narda Saavedra,https://larepublica.pe/politica/2026/05/31/keiko-fujimori-y-roberto-sanchez-se-dan-la-la-mano-a-minutos-del-debate-presidencial-asi-fue-el-saludo-hnews-2661598,"A minutos del debate presidencial, los candidatos fueron captados compartiendo un saludo protocolar.","Fuerza Popular, Juntos Por el Perú, Elecciones 2026"
La República,2026-05-31 18:06:17,Ministerio del Interior recurre a FAME para  comprar sin licitación 31.045 pistolas,Doris Aguirre,https://larepublica.pe/politica/2026/05/31/ministerio-del-interior-recurre-a-fame-para-comprar-sin-licitacion-31045-pistolas-1348872,"La modalidad de contratación favorecería a la compañía Industrias de Armas de Israel (IWI), que ha presentado la propuesta de su modelo Jericho. El representante de IWI, Diego Alfaro, durante el gobierno de Dina Boluarte, vendió, por intermedio de FAME y sin concurso público, 10.000 fusiles Arad 7 al Ejército y otros 7.323 fusiles Arad 5 a la PNP por un total de US$54 millones.","Policía Nacional del Perú, Ministerio del Interior, PCM"
La República,2026-05-31 19:23:49,"López Chau sobre la segunda vuelta: ""Es una elección entre la captura del Estado y quienes quieren liberarlo""",Narda Saavedra,https://larepublica.pe/politica/2026/05/31/alfonso-lopez-chau-sobre-la-segunda-vuelta-es-una-eleccion-entre-la-captura-del-estado-y-quienes-quieren-liberarlo-hnews-2785939,El excandidato presidencial de Ahora Nación resaltó que Juntos por el Perú aceptó sus sugerencias para mejorar su plan de gobierno.,"Alfonso López - chau, Fuerza Popular, Juntos Por el Perú, Elecciones 2026"
La República,2026-05-31 18:32:26,Reportan enfrentamientos entre militantes de Fuerza Popular y Juntos por el Perú,Narda Saavedra,https://larepublica.pe/politica/2026/05/31/reportan-enfrentamientos-entre-militantes-de-fuerza-popular-y-juntos-por-el-peru-hnews-1540576,Los simpatizantes de ambos partidos se concentran en los exteriores del Centro de Convenciones de Lima y confrontan sus posiciones de forma verbal.,"Elecciones 2026, Fuerza Popular, Juntos Por el Perú"
La República,2026-05-31 17:40:57,"Bajaron los robos, los homicidios y las extorsiones, pero aumentó el grooming",Óscar Chumpitaz,https://larepublica.pe/politica/2026/05/31/bajaron-los-robos-los-homicidios-y-las-extorsiones-pero-aumento-el-grooming-ciberdelitos-hnews-1983256,"Más de 800 mil menores en el Perú recibieron contenido sexual no solicitado a través de internet, según un estudio de CHS Alternativo. Dos de cada 10 niños, niñas y adolescentes aceptan encuentros presenciales. En tanto, la PNP asegura que la extorsión se redujo 46,85%, los homicidios 23,98%, los secuestros 18,96%, los robos 12,46% y los hurtos 7,25%.","Acoso Sexual, Ataque cibernético, Estafa, Extorsión"
La República,2026-05-31 16:57:06,"Manuel Rodríguez Cuadros sobre Antauro Humala: ""No forma parte de Juntos por el Perú""",Narda Saavedra,https://larepublica.pe/politica/2026/05/31/manuel-rodriguez-cuadros-sobre-antauro-humala-no-forma-parte-de-juntos-por-el-peru-hnews-690804,"En cambio, comentó que han llegado a acuerdos con Alfonso López Chau y Ricardo Belmont, excandidatos de Ahora Nación y el partido OBRAS, respectivamente.","Antauro Humala, Juntos Por el Perú, Elecciones 2026"
La República,2026-05-31 12:00:00,Plan de gobierno de Roberto Sánchez en las elecciones presidenciales 2026,Narda Saavedra,https://larepublica.pe/politica/2026/05/31/plan-de-gobierno-de-roberto-sanchez-en-las-elecciones-presidenciales-2026-hnews-509617,"El partido propone ""la transición hacia un Estado social y democrático de derecho con soberanía sobre los recursos naturales"".","Juntos Por el Perú, Fuerza Popular"
La República,2026-05-31 08:32:31,"Levistky: “Si hubiera un esfuerzo autoritario de parte del gobierno de Keiko, la oposición sería débil""",Alejandro Céspedes García,https://larepublica.pe/politica/2026/05/31/levistky-si-hubiera-un-esfuerzo-autoritario-de-parte-del-gobierno-de-keiko-la-oposicion-seria-debil-hnews-2509016,"A pocos días de la segunda vuelta electoral, Steven Levitsky, profesor de la Universidad de Harvard y coautor de Cómo mueren las democracias, conversó con La República sobre la crisis política peruana, el debilitamiento de las instituciones, los riesgos para la democracia y los escenarios que podrían abrirse tras la elección.","Keiko Fujimori, Fuerza Popular, Roberto Sánchez"
La República,2026-05-28 19:59:23,"Keiko Fujimori alcanza el 36% de intención de voto y Roberto Sánchez registra el 30%, según encuesta IEP",Narda Saavedra,https://larepublica.pe/politica/2026/05/28/encuesta-iep-keiko-fujimori-y-roberto-sanchez-fujimori-alcanza-el-36-de-intencion-de-voto-y-sanchez-registra-el-30-hnews-824068,"Fuerza Popular, de Keiko Fujimori, concentra la mayoría en Lima Metropolitana y en el norte del país, mientras que Juntos por el Perú, de Roberto Sánchez, tiene mayor representación en el centro, sur y oriente.","Keiko Fujimori, Roberto Sánchez, Encuesta IEP, ONPE, JNE, Elecciones 2026"
La República,2026-05-29 23:22:24,"Roberto Sánchez tiene el 40% del antivoto y Keiko Fujimori el 37%, según encuesta IEP",Diego Alva,https://larepublica.pe/politica/2026/05/29/encuesta-iep-roberto-sanchez-tiene-el-40-del-antivoto-y-keiko-fujimori-el-37-segunda-vuelta-hnews-460230,"Candidata de Fuerza Popular logró bajar de 50% a 37% el porcentaje de encuestados que definitivamente no votarían por ella, en comparación con las elecciones del 2021. Además, un 45% de entrevistados piensa que hubo fraude y 32% cree que hubo irregularidades que afectaron los comicios.",Elecciones 2026
La República,2026-05-31 11:40:54,"El Keikismo, un fujimorismo empeorado, por Rudecindo Vega",Rudecindo Vega,https://larepublica.pe/opinion/2026/05/31/el-keikismo-un-fujimorismo-empeorado-por-rudecindo-vega-hnews-2618601,"A diferencia de su padre, Keiko ha consolidado el fujimorismo en un solo partido y opera desde el Congreso, donde ejerce influencia tras bambalinas en el Ejecutivo a través de sus bancadas parlamentarias.",
La República,2026-05-29 18:00:00,Debate Presidencial 2026: ¿A qué hora y por dónde ver el Keiko Fujimori vs Roberto Sánchez?,Mauricio Muñoz,https://larepublica.pe/politica/2026/05/29/debate-presidencial-2026-a-que-hora-y-por-donde-ver-el-keiko-fujimori-vs-roberto-sanchez-hnews-978170,"Se acerca la segunda vuelta presidencial en Perú, donde Keiko Fujimori y Roberto Sánchez disputarán la presidencia. El debate organizado por el JNE se llevará a cabo el 31 de mayo a las 8.00 p. m. en el Centro de Convenciones.","Debate Presidencial 2026, Keiko Fujimori, Roberto Sánchez"
La República,2026-05-31 06:00:00,"Las ausencias en el debate: economías ilícitas, políticas ambientales y corrupción",Narda Saavedra,https://larepublica.pe/politica/2026/05/31/debate-presidencial-excluye-proteccion-ambiental-y-lucha-contra-la-violencia-de-genero-hnews-2957896,"Grandes ausencias. El 31 de mayo no se abordarán temas prioritarios relacionados con el medio ambiente, la violencia de género, las personas con discapacidad y la corrupción.","Fuerza Popular, Keiko Fujimori"
La República,2026-05-31 08:35:35,"El dilema de la economía, por Rosa María Palacios",Rosa María Palacios,https://larepublica.pe/opinion/2026/05/31/el-dilema-de-la-economia-por-rosa-maria-palacios-hnews-2719568,"""¿Esta es la responsabilidad económica que vencerá a Sánchez en el debate? ¿No son un par de irresponsables económicos los dos? Uno, promesa estatista aterradora; y la otra, realidad populista sin límites constitucionales"".","segunda vuelta electoral, Elecciones 2026"
La República,2026-05-31 07:52:17,Fujimorismo mete a diez congresistas con condenas: delitos van desde el hurto hasta la difamación,Mauricio Muñoz,https://larepublica.pe/politica/2026/05/31/fujimorismo-mete-a-diez-congresistas-con-condenas-delitos-van-desde-el-hurto-hasta-la-difamacion-hnews-2043888,"Un total de 21 virtuales congresistas —entre senadores y diputados— acreditaron tener sentencias judiciales en su haber. Además de Fuerza Popular, bancadas como Juntos por el Perú, Obras, Partido del Buen Gobierno, Ahora Nación y Renovación Popular también llevarán representantes con antecedentes judiciales al Parlamento.","Fuerza Popular, Juntos Por el Perú, Congreso del Perú"
La República,2026-05-29 17:46:55,JNE concluye evaluación curricular del concurso público para escoger a nuevo jefe de la ONPE,Mauricio Muñoz,https://larepublica.pe/politica/2026/05/29/onpe-concluye-segunda-fase-del-concurso-publico-para-escoger-a-nuevo-jefe-institucional-hnews-449239,"Los postulantes Carlos Loyola y Amparo Ortega obtuvieron 75 y 71 puntos, respectivamente, con lo que superaron el umbral mínimo establecido. Ambos candidatos demostraron competencias en experiencia y formación académica.","ONPE, Junta Nacional de Justicia, piero corvetto"
La República,2026-05-30 20:04:28,"Victor Caballero ""Curwen"": ""Siento que el antivoto de Fuerza Popular se mantiene""",Jazmín Bianchi,https://larepublica.pe/politica/2026/05/30/victor-caballero-keiko-fujimori-tiene-mas-ganas-de-ganar-una-eleccion-que-roberto-sanchez-hnews-1581424,"Keiko Fujimori ha aprendido a ejercer el poder sin necesidad de ganar la presidencia o tener una mayoría absoluta en el Congreso. En esta entrevista, Víctor Caballero, autor del libro 'Señora K. La ofensiva final', conversa con nosotros sobre las estrategias del fujimorismo para mantener el control político. Además, analiza el panorama de la segunda vuelta, su decisión de votar por Roberto Sánchez y cómo es hacer periodismo bajo el constante ataque de las redes sociales.","Keiko Fujimori, Roberto Sánchez"
La República,2026-05-30 17:44:25,"Roberto Sánchez tras reunión con colectivos: ""Todo el sistema de justicia está copado por la mafia""",Jazmín Bianchi,https://larepublica.pe/politica/2026/05/30/roberto-sanchez-tras-reunion-con-colectivos-todo-el-sistema-de-justicia-esta-copado-por-la-mafia-hnews-1457250,"Durante el encuentro para la firma del 'Compromiso por el Perú', el candidato presidencial Roberto Sánchez señaló que su propuesta de coalición busca contrarrestar una concentración de poder en el Congreso bicameral.",Roberto Sánchez
La República,2026-05-30 18:27:36,Marcha contra Keiko Fujimori: colectivos en Lima y regiones se movilizan contra lideresa de Fuerza Popular,Jazmín Bianchi,https://larepublica.pe/politica/2026/05/30/marcha-contra-keiko-fujimori-colectivos-en-lima-y-regiones-se-movilizan-contra-lideresa-de-fuerza-popular-hnews-1111530,"A pocos días de la segunda vuelta electoral, diversos colectivos convocaron a una movilización en contra de la candidata por Fuerza Popular, Keiko Fujimori. Organizaciones estudiantiles, gremios y activistas integran las protestas.",Keiko Fujimori
La República,2026-05-30 21:14:44,Alfonso López-Chau se une a la marcha nacional contra Keiko Fujimori,Jazmín Bianchi,https://larepublica.pe/politica/2026/05/30/alfonso-lopezchau-se-une-a-la-marcha-nacional-contra-keiko-fujimori-hnews-2884470,"El líder del partido Ahora Nación, Alfonso López-Chau, marchó junto a colectivos civiles en el centro de Lima. De este modo, sumó su respaldo a las movilizaciones contra la lideresa de Fuerza Popular a un día del debate presidencial.",Alfonso López - chau
La República,2026-05-30 17:40:24,"Roberto Burneo sobre las mesas de serie 900 mil: ""Vamos a tener fiscalizadores en cada uno""",Mario Tumba,https://larepublica.pe/politica/2026/05/30/roberto-burneo-sobre-las-mesas-de-serie-900-mil-vamos-a-tener-fiscalizadores-en-cada-uno-1514850,"El presidente del JNE informó que se desplegarán fiscalizadores en los centros poblados donde se ubican las mesas de la serie 900 mil, tras la desinformación registrada luego de la primera vuelta electoral.","Roberto Burneo, JNE, Elecciones 2026"
La República,2026-05-30 15:35:38,Keiko Fujimori plantea el uso de tecnología militar para controlar las fronteras,Jazmín Bianchi,https://larepublica.pe/politica/2026/05/30/keiko-fujimori-plantea-el-uso-de-tecnologia-militar-para-controlar-las-fronteras-hnews-874890,"La candidata de Fuerza Popular detalló que su propuesta incluye el uso de drones militares. Asimismo, Keiko Fujimori y el candidato de Juntos por el Perú, Roberto Sánchez, se enfrentarán el 31 de mayo en el debate presidencial para exponer sus medidas en seguridad, economía, salud y educación.","segunda vuelta electoral, Keiko Fujimori, Roberto Sánchez, Fuerzas Armadas del Perú"
La República,2026-05-30 14:01:14,Debate Presidencial 2026 entre Keiko Fujimori y Roberto Sánchez: ¿Cuáles son los temas y cuánto durará cada bloque?,Mario Tumba,https://larepublica.pe/politica/2026/05/30/debate-presidencial-2026-entre-keiko-fujimori-y-roberto-sanchez-cuales-son-los-temas-y-cuanto-durara-cada-bloque-2059230,El último debate de las Elecciones Generales 2026 se realizará este domingo 31 de mayo a las 8.00 p. m. y enfrentará a los candidatos Keiko Fujimori y Roberto Sánchez en cuatro bloques temáticos.,"Debate Presidencial 2026, Keiko Fujimori, Roberto Sánchez, Elecciones 2026"
La República,2026-05-30 13:42:53,Roberto Sánchez firma compromiso con organizaciones sociales para derogar leyes procrimen y de impunidad,Jazmín Bianchi,https://larepublica.pe/politica/2026/05/30/roberto-sanchez-firma-compromiso-con-organizaciones-sociales-para-derogar-leyes-procrimen-y-de-impunidad-hnews-988680,"Colectivos de derechos humanos, ambientales y sindicales se unieron para respaldar un acuerdo que busca frenar las leyes procrimen, así como la defensa de la salud, la educación pública, la economía familiar, el empleo digno y el desarrollo de mypes.",Roberto Sánchez
La República,2026-05-30 12:43:37,Municipalidad demanda a la minera Volcan: “El simple hecho de vivir en Pasco ya nos contamina”,Adrián Sarria Muñoz,https://larepublica.pe/politica/2026/05/30/municipalidad-demanda-a-la-minera-volcan-el-simple-hecho-de-vivir-en-pasco-ya-nos-contamina-hnews-2479380,"El alcalde provincial Julio Rupay interpuso un recurso de amparo contra la compañía minera Volcan y otras empresas de su mismo grupo empresarial. Solicita que el Poder Judicial ordene reparar fuentes de agua, suelos y zonas afectadas, además de disponer atención médica especializada para una población expuesta durante décadas al plomo, cadmio, mercurio y otros metales tóxicos.","Minería, Pasco, Contaminación ambiental"
La República,2026-05-30 11:59:43,Avanza País anuncia respaldo a Keiko Fujimori: partido logró 0.195% de votos en primera vuelta,Mario Tumba,https://larepublica.pe/politica/2026/05/30/avanza-pais-anuncia-respaldo-a-keiko-fujimori-partido-logro-0195-de-votos-en-primera-vuelta-1310130,"La agrupación política, que obtuvo poco más de 32.000 votos en las elecciones presidenciales, anunció su respaldo a la candidata de Fuerza Popular.","Elecciones 2026, Avanza País, Keiko Fujimori, Fuerza Popular"
La República,2026-05-30 10:30:19,Freddy Solano jura como nuevo ministro de Trabajo: nuevo cambio en el gabinete de José María Balcázar,Mario Tumba,https://larepublica.pe/politica/2026/05/30/freddy-solano-jura-como-nuevo-ministro-de-trabajo-nuevo-cambio-en-el-gabinete-de-jose-maria-balcazar-hnews-1635060,"El nuevo titular del MTPE asumió el cargo tras la renuncia de Óscar Fernández, en una ceremonia a puertas cerradas y sin convocatoria a la prensa.","MTPE, José María Balcázar, Ministerio de Trabajo"
La República,2026-05-29 09:40:09,Observatorio de Minería Ilegal plantea 10 propuestas para los primeros 100 días del próximo gobierno,Óscar Chumpitaz,https://larepublica.pe/politica/2026/05/29/observatorio-de-mineria-ilegal-plantea-10-propuestas-para-los-primeros-100-dias-del-proximo-gobierno-mineria-ilegal-hnews-360064,"Enfocadas en recuperar el control del territorio, combatir la impunidad y fortalecer la gobernanza sobre la cadena de valor del oro. Frente a la segunda vuelta electoral, la minería ilegal continúa siendo una de las principales amenazas para el país. Karina Garay, exfiscal en materia ambiental y miembro del OMI, considera fundamental ""el cierre definitivo del Reinfo"".","minería ilegal, Minería Informal, Amazonía, Ministerio de Energía y Minas"
La República,2026-05-29 16:21:56,LUM: Colectivo responsabiliza al Ministerio de Cultura de censurar libro sobre violencia contra mujeres migrantes,Jazmín Bianchi,https://larepublica.pe/politica/2026/05/29/lum-colectivo-responsabiliza-al-ministerio-de-cultura-de-censurar-libro-sobre-violencia-contra-mujeres-migrantes-765747,"El Colectivo Mujeres Migrantes Maltratadas denunció que el Ministerio de Cultura aplicó un ""veto político"" tras incluir a la congresista Ruth Luque en la presentación del libro.",
La República,2026-05-29 17:12:19,Ministerio de Cultura aparta al director del LUM por censura de presentación de libro sobre mujeres migrantes,Jazmín Bianchi,https://larepublica.pe/politica/2026/05/29/ministerio-de-cultura-aparta-al-director-del-lum-por-censura-de-presentacion-de-libro-sobre-mujeres-migrantes-hnews-2476281,"En su reemplazo, la institución designó temporalmente a Sonia Molina Gonzáles a partir de este 29 de mayo.",Lugar de la Memoria
La República,2026-05-29 15:34:39,Colectivos convocan a marcha nacional contra Keiko Fujimori para este sábado 30 de mayo,Jazmín Bianchi,https://larepublica.pe/politica/2026/05/29/colectivos-convocan-a-marcha-nacional-contra-keiko-fujimori-para-este-sabado-30-de-mayo-hnews-538327,"La movilización se realizará a las 5.00 p. m. en la Plaza San Martín. Además, los colectivos firmarán un acuerdo en defensa de la democracia con el candidato Roberto Sánchez.","Keiko Fujimori, Roberto Sánchez, Elecciones 2026"
La República,2026-05-29 14:11:54,Fuerza Popular y Juntos por el Perú cerrarán sus campañas en Lima el jueves 4 de junio,Narda Saavedra,https://larepublica.pe/politica/2026/05/29/fuerza-popular-y-juntos-por-el-peru-cerraran-sus-campanas-en-lima-el-jueves-4-de-junio-hnews-904017,"Juntos por el Perú hará su cierre de campaña en la plaza Dos de Mayo. El partido de Keiko Fujimori aún no da detalles de dónde será su actividad final, pero ya confirmó la fecha.","Fuerza Popular, Juntos Por el Perú"
La República,2026-05-29 14:24:56,¿Cuándo es el Debate Presidencial 2026 entre Keiko Fujimori y Roberto Sánchez?,Narda Saavedra,https://larepublica.pe/politica/2026/05/29/cuando-es-el-debate-presidencial-2026-entre-keiko-fujimori-y-roberto-sanchez-hnews-2807693,"Se trata de la última fecha en que ambos partidos, Fuerza Popular y Juntos por el Perú, darán a conocer sus propuestas de gobierno y posturas sobre las principales problemáticas del país en transmisión nacional.","Roberto Sánchez, Keiko Fujimori"
La República,2026-05-29 09:37:06,Roberto Sánchez alista cierre de campaña en el sur del país y en Lima,Narda Saavedra,https://larepublica.pe/politica/2026/05/29/roberto-sanchez-alista-cierre-de-campana-en-el-sur-del-pais-y-en-lima-hnews-2097744,"En el sur, el candidato de Juntos por el Perú programó cierres de campaña en Cusco, Arequipa y Puno.",Roberto Sánchez
La República,2026-05-28 20:46:17,"Encuesta IEP entre Keiko Fujimori y Roberto Sánchez: indecisos se duplican y llegan a 26%, blanco y nulo cae al 6%",Narda Saavedra,https://larepublica.pe/politica/2026/05/28/encuesta-iep-indecisos-se-duplican-y-llegan-a-26-blanco-y-nulo-cae-al-6-roberto-sanchez-keiko-fujimori-hnews-1026872,"ENCUESTA IEP. A 10 días de la segunda vuelta, Keiko Fujimori tiene 36% de intención de voto y Roberto Sánchez, 30%. La opción del voto blanco y nulo pierde respaldo, pese a la posición marcada por partidos como El Buen Gobierno. Un 65% ya decidió su voto.",
La República,2026-05-29 11:58:12,Pedro Castillo: EsSalud inicia auditoría por filtración de historia clínica del expresidente,Jazmín Bianchi,https://larepublica.pe/politica/2026/05/29/pedro-castillo-essalud-inicia-auditoria-por-filtracion-de-historia-clinica-del-expresidente-hnews-877540,"Tras la difusión del caso, EsSalud aclaró que sus plataformas digitales son seguras y que los datos de los pacientes no corren peligro.","Pedro Castillo, EsSalud"
La República,2026-05-28 23:01:50,Caso Cócteles: PJ votará apelación del Ministerio Público sobre archivamiento de la acusación contra investigados,Mauricio Muñoz,https://larepublica.pe/politica/2026/05/28/caso-cocteles-pj-votara-apelacion-del-ministerio-publico-sobre-archivamiento-de-la-acusacion-contra-investigados-hnews-1859956,"La defensa de Fujimori sostiene que no hay fundamentos para continuar el proceso, mientras el fiscal argumenta que aún existen elementos para avanzar. Se espera una decisión en los próximos días sobre el recurso presentado.","Caso cócteles, Poder Judicial, Fuerza Popular, Keiko Fujimori"
La República,2026-05-29 11:06:33,"José María Balcázar pide frenar los enfrentamientos: “Si por mí fuera, daría amnistía a todos los políticos investigados”",Jazmín Bianchi,https://larepublica.pe/politica/2026/05/29/jose-maria-balcazar-pide-frenar-los-enfrentamientos-si-por-mi-fuera-daria-amnistia-a-todos-los-politicos-investigados-hnews-1970231,"Sus declaraciones se dan a pocos días de la segunda vuelta electoral y en un contexto en el que Roberto Sánchez, candidato a la presidencia, hizo pública su intención de indultar a Pedro Castillo si gana los comicios.",
La República,2026-05-29 10:24:21,"Harvey Colchado sobre intento de la JNJ de suspender a juez Carhuancho: ""Aquel funcionario que incomoda, termina perseguido""",Mauricio Muñoz,https://larepublica.pe/politica/2026/05/29/harvey-colchado-sobre-intento-de-la-jnj-de-suspender-a-juez-carhuancho-aquel-funcionario-que-incomoda-termina-perseguido-964076,El virtual diputado de Ahora Nación compara la situación actual con la dictadura de Fujimori y advierte que la persecución de funcionarios incómodos podría amenazar la integridad de las instituciones democráticas.,"Harvey Colchado, Richard Concepción Carhuancho, Junta Nacional de Justicia"
La República,2026-05-25 11:25:17,Cuándo será el debate presidencial entre Keiko Fujimori y Roberto Sánchez: fecha confirmada,Josué Chávez Cardoza,https://larepublica.pe/politica/2026/05/25/cuando-es-el-debate-presidencial-segunda-vuelta-2026-keiko-fujimori-vs-roberto-sanchez-fecha-hora-y-donde-ver-hnews-571550,"Se acerca la segunda vuelta presidencial en Perú, con Keiko Fujimori y Roberto Sánchez como candidatos principales. El debate organizado por el JNE se llevará a cabo el 31 de mayo a las 8 de la noche en el Centro de Convenciones.","Debate Presidencial 2026, Keiko Fujimori, Roberto Sánchez, Fuerza Popular, Juntos Por el Perú, ONPE, JNE"
La República,2026-05-28 13:35:27,"Delia Espinoza sobre renuncia de Luz Pacheco al TC: ""De pronto está quemando un poco el puesto""",Josué Chávez Cardoza,https://larepublica.pe/politica/2026/05/28/delia-espinoza-sobre-renuncia-de-luz-pacheco-al-tc-de-pronto-esta-quemando-un-poco-el-puesto-hnews-1042580,"La decana del CAL consideró que las razones de Pacheco para renunciar a la presidencia del TC no justifican su dimisión. Además, consideró que, anteriormente, el máximo intérprete de la Constitución cometió ""errores"" al interferir en procesos judiciales en curso.","Delia Espinoza, Luz Pacheco Zerga, Tribunal Constitucional"
La República,2026-05-28 18:07:24,El detrás de la renuncia de Luz Pacheco: magistrados del TC le dieron la espalda al respaldar a un alto funcionario,Josué Chávez Cardoza,https://larepublica.pe/politica/2026/05/28/el-detras-de-la-renuncia-de-luz-pacheco-magistrados-del-tc-le-dieron-la-espalda-al-respaldar-a-un-alto-funcionario-hnews-1847412,"Pacheco expresó su desconfianza hacia el Pleno del TC y argumentó que los magistrados optaron por respaldar a Rodolfo Albán Guevara, quien había presentado su renuncia.","Tribunal Constitucional, Luz Pacheco Zerga"
La República,2026-05-28 20:31:49,Keiko Fujimori realizó mitin en Arequipa en medio de protestas y fuerte resguardo policial,Mirelia Quispe,https://larepublica.pe/politica/2026/05/28/keiko-fujimori-realizo-mitin-en-arequipa-en-medio-de-protestas-y-fuerte-resguardo-policial-hnews-933520,"Durante su mitin en Arequipa, la lideresa de Fuerza Popular cuestionó la compra de arroz importado y pidió al Gobierno declarar en emergencia nacional a la agricultura.","Keiko Fujimori, Arequipa, Fuerza Popular, PNP"
La República,2026-05-28 21:05:54,Juntos por el Perú: equipo ecónomico reitera ante prensa internacional que subirán el sueldo mínimo,Mauricio Muñoz,https://larepublica.pe/politica/2026/05/28/juntos-por-el-peru-equipo-economico-reitera-ante-prensa-internacional-que-subiran-el-sueldo-minimo-1097488,"El equipo económico del partido de Roberto Sánchez, liderado por Pedro Francke y Oscar Dancourt, aseguró que buscan bajar la inflación y fomentar el crecimiento económico.","Juntos Por el Perú, Elecciones 2026"
La República,2026-05-28 19:03:47,"“Fujimori nunca más"": colectivos sikuris protestan contra Keiko durante mitin en Arequipa",Josué Chávez Cardoza,https://larepublica.pe/politica/2026/05/28/fujimori-nunca-mas-colectivos-sikuris-protestan-contra-keiko-durante-mitin-en-arequipa-hnews-400428,"Ciudadanos arequipeños realizan una protesta a pocos metros del mitin presidencial que Keiko Fujimori encabeza en el local de Fuerza Popular. Sin embargo, la PNP realizó un cordón de seguridad para impedir el paso de los manifestantes.","Keiko Fujimori, Fuerza Popular, Elecciones 2026, Arequipa"
La República,2026-05-28 18:17:54,Sánchez retoma campaña en regiones y Fujimori llega de incógnito al sur en medio de protestas,Mauricio Muñoz,https://larepublica.pe/politica/2026/05/28/sanchez-retoma-campana-en-regiones-y-fujimori-llega-de-incognito-al-sur-en-medio-de-protestas-hnews-788004,"En Huánuco, Sánchez se enfocó en los problemas hídricos, prometiendo priorizar el acceso al agua potable y la modernización de infraestructuras. Fujimori, por su parte, trató de reivindicar a su padre en Arequipa.","Roberto Sánchez, Keiko Fujimori, Elecciones 2026"
La República,2026-05-28 12:09:42,Madre del niño asesinado por el Grupo Colina: “Los Fujimori nunca pidieron perdón”,Rosmery Tapara,https://larepublica.pe/politica/2026/05/28/madre-del-nino-asesinado-por-el-grupo-colina-los-fujimori-nunca-pidieron-perdon-alberto-fujimori-keiko-fujimori-fuerza-popular-grupo-colina-hnews-2586976,"Keiko Fujimori ha vuelto a afirmar que su padre no tuvo responsabilidad por las matanzas perpetradas por efectivos del Servicio de Inteligencia del Ejército (SIE), pese a las pruebas documentales y testimonios que sirvieron para condenarlo. Rosa Rojas Borda, a cuyo esposo e hijo de 8 años asesinaron los militares en Barrios Altos, encara a la candidata por su doble discurso: llama a la “reconciliación”, pero se niega a reconocer las sentencias judiciales contra su padre.","Keiko Fujimori, Alberto Fujimori, Fuerza Popular, Grupo Colina"
La República,2026-05-28 13:50:04,"Debate presidencial 2026: orden de intervención, temas y reglas del cara a cara entre Keiko Fujimori y Roberto Sánchez",Narda Saavedra,https://larepublica.pe/politica/2026/05/28/debate-presidencial-2026-orden-de-intervencion-temas-y-reglas-del-cara-a-cara-entre-keiko-fujimori-y-roberto-sanchez-hnews-1523368,La transmisión del debate se realizará en las cuentas oficiales del Jurado Nacional de Elecciones a las 8.00 p. m.,"Keiko Fujimori, Roberto Sánchez, Debate Presidencial 2026"
La República,2026-05-28 08:49:44,Juntos por el Perú suma a equipo técnico de López Chau para fortalecer su plan de Gobierno,Narda Saavedra,https://larepublica.pe/politica/2026/05/28/juntos-por-el-peru-suma-a-equipo-tecnico-de-lopez-chau-para-fortalecer-su-plan-de-gobierno-hnews-1801100,"El objetivo, indicó el candidato presidencial, es fortalecer su propuesta de 'gobierno unitario y popular'.","Roberto Sánchez, Alfonso López - chau"
La República,2026-05-28 14:49:05,Delia Espinoza: Poder Judicial declara inaplicable la inhabilitación por 10 años que le impuso el Congreso,Narda Saavedra,https://larepublica.pe/politica/2026/05/28/delia-espinoza-poder-judicial-declara-inaplicable-la-inhabilitacion-por-10-anos-que-le-impuso-el-congreso-hnews-2483628,"El Congreso inhabilitó a Espinoza con los votos de las bancadas de Fuerza Popular, Alianza para el Progreso (APP), Renovación Popular y Avanza País.",Delia Espinoza
La República,2026-05-28 10:39:20,Caso Cirugías: Ministerio Público archiva investigación contra Dina Boluarte por supuesta falsedad genérica en firma de decretos,Narda Saavedra,https://larepublica.pe/politica/2026/05/28/ministerio-publico-archiva-investigacion-contra-dina-boluarte-por-presunta-falsedad-generica-en-firma-de-decretos-hnews-829528,"Caso Cirugías. De acuerdo con el estudio Portugal, se comprobó que las firmas en decretos supremos ""pertenecían al puño y letra"" de Boluarte.","Ministerio Público, Dina Boluarte"
La República,2026-05-28 13:45:27,Arequipa: colectivos anuncian movilizaciones en contra de Keiko tras su llegada,Mirelia Quispe,https://larepublica.pe/politica/2026/05/28/arequipa-colectivos-anuncian-movilizaciones-en-contra-de-keiko-tras-su-llegada-hnews-987168,"La candidata de Fuerza Popular podría presentarse a las 4.00 p. m. en la Quinta Salas, bajo el puente Grau, mientras grupos opositores se concentran en el óvalo Grau con consignas contra su candidatura.","Keiko Fujimori, Fuerza Popular, Elecciones 2026, Arequipa"
La República,2026-05-25 21:57:15,Seis empresas vinieron a invertir mil millones cada una en gas peruano y el Estado las ahuyentó a todas: la historia que explica la crisis actual según un exministro de Energía y Minas,Alejandro Céspedes García,https://larepublica.pe/politica/2026/05/25/seis-empresas-vinieron-a-invertir-mil-millones-cada-una-en-gas-peruano-y-el-estado-las-ahuyento-a-todas-la-historia-que-explica-la-crisis-actual-segun-un-exministro-de-energia-y-minas-hnews-1369500,Lo que pudo ser y no fue: cómo el Perú desperdició su mejor oportunidad de industrializar el gas y condenó al país a depender de reservas que se agotan en una década,Perú Futuro Energético
La República,2026-05-06 10:25:50,"Senadores nacionales y regionales electos 2026, según conteo oficial ONPE",Jazmín Bianchi,https://larepublica.pe/politica/2026/05/06/senadores-nacionales-y-regionales-electos-resultados-onpe-de-elecciones-peru-2026-hnews-352808,"Las proyecciones del nuevo Congreso indican que Fuerza Popular tendría 22 senadores, seguido por Juntos por el Perú con 14 y Renovación Popular con 8 escaños, consolidándose como las principales fuerzas políticas en la Cámara Alta.","Elecciones 2026, ONPE, JNE, Fuerza Popular, Juntos Por el Perú"
La República,2026-05-26 10:13:22,"Cívico Obras, de Ricardo Belmont, apoyará a Roberto Sánchez en segunda vuelta: ""Es tiempo de volver a unir al Perú""",Josué Chávez Cardoza,https://larepublica.pe/politica/2026/05/26/civico-obras-de-ricardo-belmont-apoyara-a-roberto-sanchez-en-segunda-vuelta-es-tiempo-de-volver-a-unir-al-peru-hnews-1691664,"A pesar del respaldo a Roberto Sánchez, Cívico Obras advirtió que sus senadores y diputados realizarán una labor firme de vigilancia y fiscalización.","Ricardo Belmont, Roberto Sánchez, Juntos Por el Perú, Elecciones 2026"
La República,2026-05-27 10:47:10,Luz Pacheco renuncia a la presidencia del Tribunal Constitucional antes de culminar su mandato,Mauricio Muñoz,https://larepublica.pe/politica/2026/05/27/luz-pacheco-renuncia-a-la-presidencia-del-tribunal-constitucional-antes-de-culminar-su-mandato-hnews-2609307,Pacheco Zerga continuará como magistrada del máximo intérprete de la Constitución. Helder Dominguez Haro asumiría la presidencia del TC.,"Luz Pacheco Zerga, Tribunal Constitucional"
La República,2026-05-27 08:18:02,"Ernesto Zunini revela qué le dijo Rosangella Barbarán al encararlo tras debate: ""Se acercó a reclamarme por las leyes procrimen""",Mauricio Muñoz,https://larepublica.pe/politica/2026/05/27/ernesto-zunini-revela-que-le-dijo-rosangella-barbaran-al-encararlo-tras-debate-se-acerco-a-reclamarme-por-las-leyes-procrimen-hnews-1382238,"Los virtuales diputados de Juntos por el Perú y Fuerza Popular fueron captados discutiendo tras el debate técnico. Previamente, ambos habían debatido en el bloque de juventud y deporte.","Rosangella Barbarán, Debate Presidencial 2026"
La República,2026-05-27 20:55:10,"Falleció Carlos Oliva, exministro de Economía y Finanzas, a los 61 años",Jazmín Bianchi,https://larepublica.pe/politica/2026/05/27/fallecio-carlos-oliva-exministro-de-economia-y-finanzas-a-los-61-anos-hnews-1894698,"Carlos Oliva falleció debido a complicaciones médicas. El exministro de Economía y Finanzas, quien encabezó el MEF entre 2018 y 2019 recibió un mensaje de condolencias a sus familiares y amigos mediante un comunicado oficial de la entidad.","Carlos Oliva, Ministerio de Economía, Duelo Nacional"
La República,2026-05-25 20:54:57,El gas que mueve la economía del Perú se acaba en 10 años: qué pasará con la electricidad y el transporte si no se actúa pronto,Alejandro Céspedes García,https://larepublica.pe/politica/2026/05/25/el-gas-que-mueve-la-economia-del-peru-se-acaba-en-10-anos-que-pasara-con-la-electricidad-y-el-transporte-si-no-se-actua-pronto-hnews-1141975,"El único yacimiento que abastece al mercado interno tiene reservas para una década. Si el Perú no encuentra nuevas reservas, la electricidad y el transporte pueden costar hasta 15 veces más. Ningún candidato tiene un plan.",Perú Futuro Energético
La República,2026-05-27 18:26:44,"Luz Pacheco dejó la presidencia del TC tras perder apoyo de magistrados: ""Continuaré ejerciendo funciones""",Jazmín Bianchi,https://larepublica.pe/politica/2026/05/27/luz-pacheco-renuncia-a-la-presidencia-del-tc-tras-rechazo-del-pleno-a-remover-a-alto-funcionario-hnews-2023812,La magistrada señaló que permanecerá en el cargo hasta el próximo 31 de mayo y continuará ejerciendo funciones como integrante del TC.,"Luz Pacheco Zerga, Tribunal Constitucional"
La República,2026-05-27 20:59:49,Ollanta Humala denuncia a juez Richard Concepción Carhuancho por presunto abuso de autoridad y prevaricato,Josué Chávez Cardoza,https://larepublica.pe/politica/2026/05/27/ollanta-humala-denuncia-a-juez-richard-concepcion-carhuancho-por-presunto-abuso-de-autoridad-y-prevaricato-hnews-682209,"Humala sostiene que el juez aprobó incorrectamente la colaboración eficaz de Martín Belaúnde, a pesar de que Bolivia denegó su extradición en dos ocasiones. El expresidente, condenado a 15 años de prisión, presentó la denuncia ante la Fiscalía Superior de Lima-Breña-Rímac-Jesús María, mientras espera la apelación de su sentencia.","Ollanta Humala, Richard Concepción Carhuancho, Poder Judicial"
La República,2026-05-28 07:11:26,TGP despidió a trabajadores que formaron el sindicato de la empresa,Adrián Sarria Muñoz,https://larepublica.pe/politica/2026/05/28/tgp-despidio-a-trabajadores-que-formaron-el-sindicato-de-la-empresa-hnews-1419336,"Poco después del reconocimiento del primer sindicato de trabajadores de Transportadora de Gas del Perú, la empresa despidió a 14 trabajadores bajo la figura de “pérdida de confianza”, entre ellos a miembros de la junta directiva del gremio sindical. Tras casi dos años, varios continúan litigando para retornar a sus puestos. TGP rechaza haber cometido prácticas antisindicales, pero la Sunafil determinó que sí perpetró vulneraciones.","gas natural, Gas de Camisea, Sindicatos, Empresas"
La República,2026-05-27 22:40:16,"Keiko Fujimori asegura que capturará al prófugo Vladimir Cerrón, pero Fuerza Popular evitó investigar el caso Cofre",Josué Chávez Cardoza,https://larepublica.pe/politica/2026/05/27/keiko-fujimori-asegura-que-capturara-al-profugo-vladimir-cerron-pero-fuerza-popular-evito-investigar-el-caso-cofre-hnews-1525581,"En noviembre del 2024, más de 12 congresistas de Fuerza Popular votaron en abstención para que el Congreso le otorgue facultades a la Comisión de Fiscalización para investigar el caso Cofre.","Keiko Fujimori, Fuerza Popular, Vladimir Cerrón"
La República,2026-05-27 18:43:39,Las diferencias de Juntos por el Perú y Fuerza Popular en las votaciones más controversiales del actual Congreso,Josué Chávez Cardoza,https://larepublica.pe/politica/2026/05/27/las-diferencias-de-juntos-por-el-peru-y-fuerza-popular-en-las-votaciones-mas-controversiales-del-actual-congreso-hnews-1069794,"El fujimorismo apoyó el retorno a la bicameralidad, mientras que JP se opuso. En la elección de magistrados del TC, el partido de izquierda votó a favor en ciertas oportunidades. Sin embargo, estuvo en contra de la designación de Josué Gutiérrez como defensor del Pueblo y de la inhabilitación de Zoraida Ávalos.","Congreso del Perú, Roberto Sánchez, Fuerza Popular, Keiko Fujimori, Juntos Por el Perú"
La República,2026-05-28 00:48:58,"Tres urgencias educativas para la segunda vuelta, por Misión Educación",Misión Educación,https://larepublica.pe/opinion/2026/05/28/tres-urgencias-educativas-para-la-segunda-vuelta-por-mision-educacion-ernesto-cavassa-hnews-785781,"""En los planes de gobierno persiste, además, un vacío importante: cómo se implementarán las propuestas, con qué recursos y bajo qué metas verificables""",
La República,2026-05-28 00:42:18,"Humala fuera de control, por Mirko Lauer",Mirko Lauer,https://larepublica.pe/opinion/2026/05/28/humala-fuera-de-control-por-mirko-lauer-hnews-1079892,"Sánchez, al intentar distanciarse de Humala, corre el riesgo de perder apoyo electoral, mientras surge la pregunta de cómo manejará la situación y el desafío que representa dentro de su propio partido.",
La República,2026-05-27 12:46:32,Jefe de la ONPE advierte que paro agrario pone en riesgo la distribución de material electoral,Jazmín Bianchi,https://larepublica.pe/politica/2026/05/27/jefe-de-la-onpe-advierte-que-paro-agrario-pone-en-riesgo-la-distribucion-de-material-electoral-hnews-2153439,"El jefe de la ONPE, Bernardo Pachas, advirtió que el gobierno debe solucionar el paro agrario para garantizar la segunda vuelta.",
La República,2026-05-27 13:37:51,"Sánchez anuncia que renunciará y convocará a elecciones si enfrenta un Congreso obstruccionista: ""Acá nadie arruga""",Mauricio Muñoz,https://larepublica.pe/politica/2026/05/27/roberto-sanchez-renunciare-y-convocare-elecciones-si-enfrento-un-congreso-hostil-hnews-2082186,"Durante un mitín en Ventanilla, el candidato de Juntos por el Perú anunció que no dudaría en tomar esa decisión en caso de que fuera necesaria. El adelanto de elecciones ya ha sido planteado anteriormente sin mayor éxito. Por otro lado, Keiko tuvo un ácido momento en Huancayo.","Roberto Sánchez, Elecciones 2026"
La República,2026-05-27 15:13:32,No se instaló juicio oral contra Roberto Sánchez: PJ evaluará pedido de nulidad el 4 de junio,Jazmín Bianchi,https://larepublica.pe/politica/2026/05/27/no-se-instalo-juicio-oral-contra-roberto-sanchez-pj-evaluara-pedido-de-nulidad-el-4-de-junio-hnews-1394793,"A pocos días de la segunda vuelta, el juez Adolfo Farfán reprogramó la audiencia contra Roberto Sánchez por presunta falsa declaración ante la ONPE.","Poder Judicial, Roberto Sánchez"
La República,2026-05-26 18:20:33,"José Domingo Pérez tilda a la JNJ de ""pacto mafioso"": Hay persecución a jueces y fiscales",Jazmín Bianchi,https://larepublica.pe/politica/2026/05/26/jose-domingo-perez-tilda-a-la-jnj-de-pacto-mafioso-hay-persecucion-a-jueces-y-fiscales-hnews-1662830,"Durante la audiencia, el exfiscal acusó a los miembros de la JNJ de mantener un patrón de hostigamiento contra los magistrados que ""no se han sometido a intereses de poder"".","José Domingo Pérez, Junta Nacional de Justicia, Poder Judicial"
La República,2026-05-27 12:54:49,Hallan restos de niño asesinado en 1984 por efectivos de la Marina en Ayacucho,Adrián Sarria Muñoz,https://larepublica.pe/politica/2026/05/27/hallan-restos-de-nino-asesinado-en-1984-por-efectivos-de-la-marina-en-ayacucho-hnews-1225584,"Francisco Ticlla Figueroa tenía nada más que 8 años cuando fue alcanzado por disparos de miembros de una patrulla de la Marina en Acco, distrito de Tambo, provincia de La Mar. Cuarenta y dos años después, su hermana Emilia Ticlla Figueroa ayudó a ubicar el lugar donde fue enterrado de manera clandestina por su familia, que temía represalias durante el periodo de violencia.","terrorismo, Marina de Guerra, violencia, Ayacucho, niños"
La República,2026-05-27 10:50:34,"El riesgo de quedar anclados, por César Azabache Caracciolo",César Azabache,https://larepublica.pe/opinion/2026/05/27/el-riesgo-de-quedar-anclados-por-cesar-azabache-caracciolo-hnews-303669,"""En la lista de ausencias también está el problema de la justicia, que encuentra sentido en coordenadas distintas"".",
La República,2026-05-25 08:01:06,"Juntos por el Perú denunciará a Miguel Torres por presunta conspiración contra Pedro Castillo: ""Ha confesado un delito""",Josué Chávez Cardoza,https://larepublica.pe/politica/2026/05/25/roberto-sanchez-presentara-denuncia-penal-por-presunto-complot-contra-pedro-castillo-han-confesado-su-delito-hnews-553825,"El candidato a la vicepresidencia de Fuerza Popular, Miguel Torres, señaló que el Congreso y la Fiscalía unieron esfuerzos para sacar a Pedro Castillo del Ejecutivo. La denuncia la presentarán el exfiscal José Domingo Pérez y el abogado de JP, Roy Mendoza.","Roberto Sánchez, Miguel Torres, Pedro Castillo, Fuerza Popular"
La República,2026-05-26 07:58:05,"Pedro Francke sobre Antauro Humala: ""No ayuda al país, suelta ideas violentas que al Perú no le hace ningún favor""",Josué Chávez Cardoza,https://larepublica.pe/politica/2026/05/26/pedro-francke-sobre-antauro-humala-no-ayuda-al-pais-suelta-ideas-violentas-que-al-peru-no-le-hace-ningun-favor-hnews-1039376,"El economista y miembro del equipo técnico de Juntos por el Perú, Pedro Francke, aseguró que no conoce a Antauro Humala y opinó que ""debería irse a su casa"".","Pedro Francke, Juntos Por el Perú, Antauro Humala, Roberto Sánchez"
La República,2026-05-26 09:01:17,Víctor Polay Campos irá a juicio oral por caso Las Gardenias: delitos de terrorismo y homicidio no prescribieron,Josué Chávez Cardoza,https://larepublica.pe/politica/2026/05/26/victor-polay-campos-ira-a-juicio-oral-por-caso-las-gardenias-delitos-de-terrorismo-y-homicidio-no-prescribieron-hnews-1511042,"El cabecilla del MRTA, Víctor Polay Campos, es investigado por la ejecución de ocho hombres que pertenecían a la comunidad LGBTI en la discoteca Las Gardenias, en Tarapoto, entre 1989 y 1992.","Poder Judicial, MRTA"
La República,2026-05-26 16:42:11,Alianza para el Progreso no descarta cambiar de nombre tras fracaso en las Elecciones 2026,Josué Chávez Cardoza,https://larepublica.pe/politica/2026/05/26/alianza-para-el-progreso-entrara-en-reestructuracion-tras-fracaso-en-las-elecciones-2026-no-descarta-cambiar-de-nombre-hnews-1763008,"El partido de César Acuña entrará en reestructuración. El secretario general de APP, Humberto Acuña, afirmó que ningún miembro de su familia integrará la nueva representación del partido en las elecciones regionales y municipales.","Alianza para el Progreso, Cesar Acuña, Elecciones Regionales y Municipales 2026"
La República,2026-05-26 12:23:23,"Rospigliosi explota con periodista por decir que ""Keiko vivía con plata de Montesinos"": ""¡Cállese, señor!""",Josué Chávez Cardoza,https://larepublica.pe/politica/2026/05/26/fernando-rospigliosi-explota-con-periodista-por-decir-que-keiko-vivia-con-plata-de-montesinos-callese-senor-hnews-1189240,"El congresista evitó responder directamente sobre sus declaraciones pasadas, cambió de tema y se refirió al debate técnico del pasado domingo, donde acusó a otros de difundir ""mentiras groseras"".","Fernando Rospigliosi, Keiko Fujimori, Vladimiro Montesinos"
La República,2026-05-26 20:29:58,Mesías Guevara y militantes del Partido Morado anuncian voto por Roberto Sánchez,Narda Saavedra,https://larepublica.pe/politica/2026/05/26/mesias-guevara-y-militantes-del-partido-morado-anuncian-voto-por-roberto-sanchez-hnews-915850,"Por medio de un comunicado, fundamentaron que ""el voto en blanco o viciado no es suficiente para derrotar el fujimorismo"". La posición institucional del partido es no respaldar a ninguno de los dos candidatos, pero dejó el voto libre a sus militantes.",Mesías Guevara
La República,2026-05-26 20:10:43,Rechazo masivo a Keiko Fujimori en Huancayo: PNP usa bombas lacrimógenas para dispersar a manifestantes,Narda Saavedra,https://larepublica.pe/politica/2026/05/26/rechazo-masivo-a-keiko-fujimori-en-huancayo-pnp-usa-bombas-lacrimogenas-para-dispersar-a-manifestantes-hnews-1853592,"Decenas de ciudadanos manifestaron su rechazo a la visita de la candidata presidencial. Incluso, impidieron el paso de un bus de la orquesta Hermanos Yaipén, que llegó para participar en el mitin.",Keiko Fujimori
La República,2026-05-26 22:09:11,JNJ arremete contra la justicia: suspenderá a Concepción Carhuancho,César Romero Calle,https://larepublica.pe/politica/2026/05/26/jnj-arremete-contra-la-justicia-suspendera-a-concepcion-carhuancho-hnews-720122,"En tanto, el exfiscal José Domingo Pérez acusa a la Junta Nacional de Justicia y a su presidenta, María Teresa Cabrera, de hostigar a los jueces que no se han sometido al poder de las mafias políticas.",Junta Nacional de Justicia
La República,2026-05-26 20:00:59,Colectivos de Huancayo expulsan a los Hermanos Yaipén contratados para mitin de Keiko Fujimori,Jazmín Bianchi,https://larepublica.pe/politica/2026/05/26/colectivos-de-huancayo-expulsan-a-los-hermanos-yaipen-contratados-para-mitin-de-keiko-fujimori-hnews-992862,Ciudadanos salieron a las calles para protestar contra la lideresa de Fuerza Popular. La indignación de la población local se hizo presente a solo unos metros del lugar donde se realizaba el mitin.,
La República,2026-05-26 15:36:04,Steven Levitsky: Solo el voto por Roberto Sánchez ayuda a derrotar al fujimorismo,César Romero Calle,https://larepublica.pe/politica/2026/05/26/steven-levitsky-solo-el-voto-por-roberto-sanchez-ayuda-a-derrotar-al-fujimorismo-hnews-1977638,"El politólogo e investigador de la Universidad de Harvard Steven Levitsky considera que el voto en blanco o viciado ""puede hacerte sentir bien, pero no ayuda a combatir la amenaza que representa el fujimorismo"", que, de llegar a controlar el Ejecutivo, tendrá mucho poder y amigos en Washington para seguir construyendo un Estado mafioso y autoritario.","Steven Levitsky, Elecciones 2026, Keiko Fujimori, Roberto Sánchez"
La República,2026-05-26 17:54:41,Resguardo de Roberto Sánchez detiene a hombre armado durante mitin en Huaral,Narda Saavedra,https://larepublica.pe/politica/2026/05/26/resguardo-de-roberto-sanchez-detiene-a-hombre-armado-durante-mitin-en-huaral-hnews-1596998,Agentes de la PNP detuvieron a un ciudadano armado mientras el candidato brindaba un discurso.,"Roberto Sánchez, Juntos Por el Perú"
La República,2026-05-26 19:37:42,Roberto Sánchez: PJ evalúa este miércoles si inicia juicio oral en su contra por presunta declaración falsa,Narda Saavedra,https://larepublica.pe/politica/2026/05/26/roberto-sanchez-pj-evalua-este-miercoles-si-inicia-juicio-oral-en-su-contra-por-presunta-declaracion-falsa-hnews-762892,La citación vino del Trigésimo Tercer Juzgado de Investigación Preparatoria y se programó la audiencia para las 8.00 a. m.,"Roberto Sánchez, Poder Judicial"
La República,2026-05-26 14:30:40,"Mark Vito contará la verdad del caso caso Cócteles, a 48 horas de audiencia judicial clave",César Romero Calle,https://larepublica.pe/politica/2026/05/26/mark-vito-contara-la-verdad-del-caso-caso-cocteles-keiko-fujimori-a-48-horas-de-audiencia-en-sala-de-apelaciones-675558,"A dos días de que la Sala de Apelaciones Nacional defina si el exesposo de Keiko Fujimori continuará siendo juzgado por el caso Cócteles, el ahora tiktoker Mark Vito Villanella anunció que contará toda la verdad en un video para salvar su pellejo. ""Voy a subir un video que va a sorprender a todo el país"", anunció.","Caso cócteles, Keiko Fujimori, Mark Vito"
La República,2026-05-26 16:06:30,“Keiko Fujimori nunca nos pidió perdón”,Rosmery Tapara,https://larepublica.pe/politica/2026/05/26/keiko-fujimori-nunca-nos-pidio-perdon-fuerza-popular-dina-boluarte-manifestaciones-en-puno-hnews-2542280,"Recientemente, el 20 de mayo, la candidata Keiko Fujimori aseguró que, en un viaje anterior a Puno, el 18 de marzo de este año, pidió perdón a los familiares de los civiles asesinados durante las protestas de Juliaca, el 9 de enero del 2023. El representante de los familiares de los fallecidos respondió que la afirmación es falsa y que, más bien, el partido fujimorista Fuerza Popular obstruyó las investigaciones fiscales.","Keiko Fujimori, Fuerza Popular, Dina Boluarte, Puno, Congreso del Perú"
La República,2026-05-26 16:36:40,JNJ evalúa suspender por seis meses al juez Carhuancho por cantar en un evento y dictar conferencias,Jazmín Bianchi,https://larepublica.pe/politica/2026/05/26/jnj-evalua-suspender-por-seis-meses-al-juez-concepcion-carhuancho-tras-cantar-en-un-evento-y-dictar-conferencias-952068,El abogado Juan Monroy Gálvez defendió al juez ante el pleno de la JNJ. La defensa asegura que los cargos no tienen sustento legal.,"Junta Nacional de Justicia, Richard Concepción Carhuancho"
La República,2026-05-26 14:20:16,"Roberto Sánchez anuncia que nueva Constitución será consultada con referéndum: ""Si dicen que no, estamos en capacidad de entender""",Narda Saavedra,https://larepublica.pe/politica/2026/05/26/roberto-sanchez-anuncia-que-nueva-constitucion-sera-consultada-con-referendum-si-dicen-que-no-estamos-en-capacidad-de-entender-hnews-1103674,"El candidato explicó que sí considerarán un cambio en la actual Constitución, ya que esta ha sido modificada por el Congreso.","Roberto Sánchez, Juntos Por el Perú"
La República,2026-05-26 14:51:10,"Cancillería: ""La minería representa aproximadamente el 11% del PBI y cerca del 67% de nuestras exportaciones""",Narda Saavedra,https://larepublica.pe/politica/2026/05/26/cancilleria-la-mineria-representa-aproximadamente-el-11-del-pbi-y-cerca-del-67-de-nuestras-exportaciones-hnews-1114204,"El ministro de Relaciones Exteriores especificó que la superficie minera destinada a exploración y exportación es de aproximadamente 2 millones de hectáreas (1,56% del territorio nacional).",Cancillería del Perú
La República,2026-05-26 12:11:26,Guillermo Bermejo: Poder Judicial rechaza suspender su condena por afiliación terrorista,Jazmín Bianchi,https://larepublica.pe/politica/2026/05/26/guillermo-bermejo-poder-judicial-rechaza-suspender-su-condena-por-afiliacion-terrorista-hnews-1891448,"Los magistrados rechazaron la solicitud del exparlamentario tras detectar datos inexactos sobre su vivienda, ausencia de arraigo laboral y la gravedad del delito de terrorismo.","Poder Judicial, Guillermo Bermejo, terrorismo"
La República,2026-05-26 11:58:24,"Perú fortalece la lucha contra la extorsión, el secuestro y el sicariato",Óscar Chumpitaz,https://larepublica.pe/politica/2026/05/26/peru-fortalece-la-lucha-contra-la-extorsion-el-secuestro-y-el-sicariato-investigacion-hnews-2576288,La Policía Nacional y el Ministerio Público reciben desde este miércoles una capacitación de la Guardia Civil de España sobre técnicas de investigación de estos delitos con el fin de detener a las bandas de crimen organizado.,"Dirincri, Ministerio Público, Ministerio del Interior, Extorsión"
La República,2026-05-26 08:16:00,"PetroPerú: privatizar no es la única salida, advierten sus expresidentes en La República",Alejandro Céspedes García,https://larepublica.pe/politica/2026/05/26/petroperu-privatizar-no-es-la-unica-salida-advierten-sus-expresidentes-en-la-republica-hnews-2083100,"Tres exjefes de empresas estatales petroleras revelan que puede generar 500 millones de dólares al año, que el Estado no ha puesto un sol en la refinería de Talara y que el auxilio prometido de 2,000 millones de dólares aún no llega.",Perú Futuro Energético
La República,2026-05-26 06:49:00,Chalecos antibalas mexicanos para la PNP incumplen norma técnica,Doris Aguirre,https://larepublica.pe/politica/2026/05/26/chalecos-antibalas-mexicanos-para-la-pnp-incumplen-norma-tecnica-policia-nacional-del-peru-mininter-cgr-hnews-1125925,"Según las bases de la licitación, el fabricante debe someter a pruebas el artículo de seguridad en un laboratorio independiente instalado en un país diferente al del confeccionista. Pero el contratista azteca Armor Life Lab solicitó las evaluaciones a la firma First Lab Quality Solutions, ubicada en Puebla, México.","Policía Nacional del Perú, Ministerio del Interior, Contraloría General de la República"
La República,2026-05-25 08:44:12,Elecciones regionales y municipales 2026: Más del 90% de mesas fueron instaladas durante las elecciones primarias,Josué Chávez Cardoza,https://larepublica.pe/politica/2026/05/25/elecciones-regionales-y-municipales-2026-mas-del-90-de-mesas-fueron-instaladas-durante-las-elecciones-primarias-hnews-1171575,"El último domingo 24 de mayo, 74 partidos políticos eligieron a sus candidatos a través de la modalidad de delegados. Los comicios electorales se realizarán el domingo 4 de octubre.","Elecciones Regionales y Municipales 2026, ONPE"
La República,2026-05-25 09:15:30,País para Todos anuncia que no apoyará ni Keiko Fujimori ni a Roberto Sánchez en la segunda vuelta presidencial,Josué Chávez Cardoza,https://larepublica.pe/politica/2026/05/25/pais-para-todos-anuncia-que-no-apoyara-a-keiko-fujimori-y-roberto-sanchez-en-segunda-vuelta-presidencial-hnews-1127025,El partido que llevó al cómico Carlos Álvarez como candidato presidencial sostuvo que se tomó la decisión de acuerdo a sus principios.,"Keiko Fujimori, Carlos Álvarez, Roberto Sánchez"
La República,2026-05-25 21:10:17,"Ciudadanos protestan por visita de Keiko Fujimori en Huancayo: ""Aquí la repudiamos""",Narda Saavedra,https://larepublica.pe/politica/2026/05/25/ciudadanos-protestan-por-visita-de-keiko-fujimori-en-huancayo-aqui-la-repudiamos-hnews-2207600,La lideresa celebró su cumpleaños en Huancayo a puerta cerrada y sin acceso a la prensa. Un grupo de opositores a la candidata presidencial se reunió en la plaza Constitución para rechazar su presencia.,"Keiko Fujimori, Huancayo"
La República,2026-05-25 22:57:01,"Roberto Sánchez sobre debate presidencial con Keiko Fujimori: ""Le vamos a decir sus verdades""",Narda Saavedra,https://larepublica.pe/politica/2026/05/25/roberto-sanchez-sobre-debate-presidencial-con-keiko-fujimori-le-vamos-a-decir-sus-verdades-hnews-494975,"""Le vamos a decir que ella es la responsable de este caos por más que quiera vestirse de orden"", dijo durante un mitin en Lima.","Roberto Sánchez, Keiko Fujimori"
La República,2026-05-25 20:50:18,"""En cuatro años no se perforó un solo pozo exploratorio en el Perú"", según expertos en foro de La República",Alejandro Céspedes García,https://larepublica.pe/politica/2026/05/25/en-cuatro-anos-no-se-perforo-un-solo-pozo-exploratorio-en-el-peru-segun-expertos-en-foro-de-la-republica-hnews-1863525,"Colombia perfora 80 pozos al año. El Perú, cero. El país consume 265.000 barriles diarios y produce apenas 30.000. Y ningún candidato tiene un plan para cerrar esa brecha.",Perú Futuro Energético
La República,2026-05-19 10:21:00,Las preguntas sobre el gas que Fujimori y Sánchez deben responder antes del 7 de junio,Alejandro Céspedes García,https://larepublica.pe/politica/2026/05/19/las-preguntas-sobre-el-gas-que-fujimori-y-sanchez-deben-responder-antes-del-7-de-junio-hnews-477540,"El contrato de exportación vence en 2028, las reservas duran 10 años y el país no tiene plan. Esto es lo que la segunda vuelta no está debatiendo.","Elecciones 2026, Keiko Fujimori, Roberto Sánchez, Perú Futuro Energético"
La República,2026-05-18 16:48:24,"El Perú discute su futuro energético: tres foros abrirán el debate sobre gas, Petroperú y energías renovables",Alejandro Céspedes García,https://larepublica.pe/politica/2026/05/18/el-peru-discute-su-futuro-energetico-tres-foros-abriran-el-debate-sobre-gas-petroperu-y-energias-renovables-hnews-940014,"El Grupo La República reunirá a exministros, especialistas y representantes del sector energético en un ciclo de debates que abordará la masificación del gas, el futuro de Petroperú y la transición hacia energías renovables. Cada foro partirá de un diagnóstico del sector, discutirá las prioridades regulatorias y de inversión para los próximos cinco años y buscará construir consensos mínimos para una visión energética del país hacia 2050.","Elecciones 2026, Gas de Camisea, Petroperú, Perú Futuro Energético"
La República,2026-05-25 19:38:58,Poder Judicial confirma condena de 9 años contra gobernadora de Lima por peculado,Narda Saavedra,https://larepublica.pe/politica/2026/05/25/poder-judicial-confirma-condena-de-9-anos-contra-gobernadora-de-lima-por-peculado-hnews-2495950,"Rosa Vásquez fue condenada el 2025. Este año el Juzgado ratificó su decisión y ordenó su captura inmediata. Además, se le pide el pago de reparación civil por S/1.900.000 junto a Wálter Tovar Macutela, quien fue sentenciado en el mismo caso por su participación en delitos contra la administración pública.",Poder Judicial
La República,2026-05-25 20:08:20,"PetroPerú puede generar 500 millones de dólares al año y ningún candidato lo sabe, revelan expertos en foro de La República",Alejandro Céspedes García,https://larepublica.pe/politica/2026/05/25/petroperu-puede-generar-500-millones-de-dolares-al-ano-y-ningun-candidato-lo-sabe-revelan-expertos-en-foro-de-la-republica-hnews-2394625,"Tres expresidentes de la empresa coinciden en que es viable y rentable, pero advierten que la injerencia política y una ley del Congreso la llevaron al borde del colapso. El próximo gobierno heredará el problema sin resolver.",Perú Futuro Energético
La República,2026-05-25 19:58:26,"""Tenemos petróleo y aun así importamos el 80% del combustible que usamos cada día"", advierten expertos reunidos por La República",Alejandro Céspedes García,https://larepublica.pe/politica/2026/05/25/tenemos-petroleo-y-aun-asi-importamos-el-80-del-combustible-que-usamos-cada-dia-advierten-expertos-reunidos-por-la-republica-hnews-926325,"En el marco del segundo foro del ciclo Perú: Futuro Energético organizado por La República, tres expresidentes de PetroPerú debaten este lunes 25 de mayo qué debe hacer el próximo gobierno con una empresa pública con estas características y que ningún candidato ha explicado cómo va a gestionar.",Perú Futuro Energético
La República,2026-05-25 17:53:56,ONPE: Contraloría determina responsabilidad en 10 funcionarios tras irregularidades en la primera vuelta,Jazmín Bianchi,https://larepublica.pe/politica/2026/05/25/onpe-contraloria-determina-responsabilidad-en-10-funcionarios-tras-irregularidades-en-la-primera-vuelta-hnews-1436100,El informe revela favorecimiento indebido a la empresa Galaga SAC y la aprobación de más de S/ 650 mil en desembolsos adicionales para el traslado del material electoral.,"ONPE, Elecciones 2026"
La República,2026-05-25 19:10:26,Debate técnico: expertos indican vacíos en propuestas de Juntos por el Perú y Fuerza Popular,Mauricio Muñoz,https://larepublica.pe/politica/2026/05/25/debate-tecnico-expertos-indican-vacios-en-propuestas-de-juntos-por-el-peru-y-fuerza-popular-hnews-1487350,Las iniciativas económicas incluyen el programa 'Mi Primera Chamba' y la exoneración de impuestos a nuevos emprendimientos. Especialistas advierten sobre la necesidad de enfoques más estructurados.,"Debate Presidencial 2026, Fuerza Popular, Juntos Por el Perú"
La República,2026-05-25 19:07:17,Congreso reformó más de 50 artículos de la Constitución,Narda Saavedra,https://larepublica.pe/politica/2026/05/25/congreso-reformo-mas-de-50-articulos-de-la-constitucion-hnews-1652250,"El mayor paquetazo de reformas se dio en marzo de 2024 con la Ley N.º 31988, con la que se modificaron 53 artículos de la Carta Magna para el retorno a la bicameralidad.","Comisión de Constitución, Congreso del Perú"
La República,2026-05-25 18:49:36,"Daniel Barragán, virtual senador por OBRAS: “Lo primero que haremos es eliminar las leyes procrimen”",Diego Alva,https://larepublica.pe/politica/2026/05/25/daniel-barragan-virtual-senador-por-obras-lo-primero-que-haremos-es-eliminar-las-leyes-procrimen-hnews-1732650,"El virtual senador asegura que Ricardo Belmont mantendrá la conducción de las bancadas en el Congreso y que existe un interés de los medios por mantener ""oculto"" al exalcalde de Lima.",
La República,2026-05-04 18:35:00,¿Cuándo es la segunda vuelta de las Elecciones Presidenciales 2026 en Perú?,Renato Cardenas,https://larepublica.pe/politica/2026/05/04/elecciones-presidenciales-2026-cuando-es-la-segunda-vuelta-entre-keiko-fujimori-fuerza-popular-y-roberto-sanchez-juntos-por-el-peru-hnews-318624,"Conoce cuándo será la segunda vuelta de las Elecciones 2026, quiénes participarán y cómo se definirá al próximo presidente. Revisa la fecha oficial, el proceso y todo lo que debes saber para esta etapa decisiva.","ONPE, JNE, Keiko Fujimori, Roberto Sánchez"
La República,2026-05-25 18:34:55,"Familiares de víctimas: “Ante el peligro del poder absoluto del fujimorismo; ni nulo, blanco o viciado”",Diego Alva,https://larepublica.pe/politica/2026/05/25/familiares-de-victimas-ante-el-peligro-del-poder-absoluto-del-fujimorismo-ni-nulo-blanco-o-viciado-hnews-433975,Familiares de víctimas de crímenes de Estado durante la dictadura de Fujimori afirmaron que un gobierno de Fuerza Popular significaría darle poder a quienes representan la impunidad y han afectado los derechos humanos.,
La República,2026-05-25 18:34:20,"¿Quién es ‘Julio Chapo’, el terrorista sentenciado a cadena perpetua?",Óscar Chumpitaz,https://larepublica.pe/politica/2026/05/25/quien-es-julio-chapo-el-terrorista-sentenciado-a-cadena-perpetua-terrorismo-hnews-1088375,"Según el Poder Judicial, Hugo Sixto Campos Córdova integró un grupo de aniquilamiento del Militarizado Partido Comunista del Perú-Sendero Luminoso (MPCP-SL) que ejecutó a tres personas. En 2019 fue capturado cuando iba a realizar atentados en Huancavelica.","Sendero Luminoso, Dircote, Ministerio Público, VRAEM"
La República,2026-05-25 17:05:00,Walter Ayala exige a José María Balcázar cumplir su palabra e indultar a Pedro Castillo,Jazmín Bianchi,https://larepublica.pe/politica/2026/05/25/walter-ayala-exige-a-jose-maria-balcazar-cumplir-su-palabra-e-indultar-a-pedro-castillo-hnews-1193525,"El vocero de Juntos por el Perú recordó que el beneficio es una decisión ""netamente política"" y usó como precedente el caso de Alberto Fujimori.","Pedro Castillo, José María Balcázar, Indulto, Pedro Castillo Terrones"
La República,2026-05-24 08:08:56,Debate presidencial 2026: así fue el enfrentamiento entre los equipos técnicos de Keiko Fujimori y Roberto Sánchez,Josué Chávez Cardoza,https://larepublica.pe/politica/2026/05/24/debate-presidencial-2026-en-vivo-equipos-tecnicos-de-keiko-fujimori-y-roberto-sanchez-se-enfrentaran-esta-noche-332952,"El debate técnico presidencial reunió a los equipos de Keiko Fujimori y Roberto Sánchez, quienes confrontaron propuestas sobre reforma del Estado, economía, salud y juventud durante el encuentro organizado por el JNE.","Keiko Fujimori, Roberto Sánchez, Fuerza Popular, Juntos Por el Perú, Elecciones 2026"
La República,2026-05-25 14:28:38,Nueve congresistas pasarán de ganar menos del sueldo mínimo a más de 32 mil soles,Mauricio Muñoz,https://larepublica.pe/politica/2026/05/25/7-diputados-y-2-senadores-pasaran-de-ganar-menos-del-sueldo-minino-a-los-mas-de-15000-soles-de-sueldo-del-congreso-hnews-2077572,"De acuerdo con las declaraciones juradas revisadas por La República, 122 congresistas verían incrementados sus ingresos personales al asumir funciones y acceder al salario mensual de S/15.600.",Congreso del Perú
La República,2026-05-24 20:51:01,"Ernesto Zunini de Juntos por el Perú: ""Hay que tener audacia para hablar de juventud con los antecedentes del fujimorismo""",Mauricio Muñoz,https://larepublica.pe/politica/2026/05/24/ernesto-zunini-de-juntos-por-el-peru-hay-que-tener-audacia-para-hablar-de-juventud-con-los-antecedentes-del-fujimorismo-hnews-1682640,Zunini destacó la urgencia de ampliar becas para jóvenes en pobreza marginal. Sus declaraciones se dieron en debate con la congresista fujimorista Rosangella Barbarán.,"Juntos Por el Perú, Debate Presidencial 2026"
La República,2026-05-25 14:05:54,"Carlos Neuhaus resaltó logro de los Panamericanos, pero ignora que Fuerza Popular pidió cancelarlos",Jazmín Bianchi,https://larepublica.pe/politica/2026/05/25/carlos-neuhaus-resalto-logro-de-los-panamericanos-pero-ignora-que-fuerza-popular-pidio-cancelarlos-hnews-500475,"Durante el debate técnico, Carlos Neuhaus, desde el partido fujimorista, celebró el logro de los Panamericanos 2019. Sin embargo, entre 2016 y 2017, Fuerza Popular veía la gestión de los juegos como ""un gasto irresponsable"" y apoyó cancelar el evento.",
La República,2026-05-24 22:21:36,"Pedro Francke sobre plan económico de Juntos por el Perú: ""No habrá estatizaciones. Respetaremos al BCR""",Narda Saavedra,https://larepublica.pe/politica/2026/05/24/pedro-francke-sobre-plan-economico-de-juntos-por-el-peru-no-habra-estatizaciones-respetaremos-al-bcr-hnews-974784,También resaltó que solicitarán a Julio Velarde que continúe en su puesto y recordó que el economista alertó que las leyes aprobadas por el Congreso afectaban al país.,"Pedro Francke, Juntos Por el Perú, Elecciones 2026"
La República,2026-05-24 22:39:01,Llaman la atención al médico José Recoba de Fuerza Popular por mostrar una foto de Pedro Castillo durante el debate,Narda Saavedra,https://larepublica.pe/politica/2026/05/24/llaman-la-atencion-a-jose-recoba-de-fuerza-popular-por-mostrar-una-foto-de-pedro-castillo-durante-el-debate-hnews-1092384,"El médico mostró una fotografía de Pedro Castillo durante su participación en el debate técnico, lo que generó que la moderadora le recordara que mostrar fotos está prohibido.",Pedro Castillo
La República,2026-05-22 11:20:27,Debate técnico entre el equipo de Fujimori y Sánchez: ¿Cuáles son los temas y quiénes participan?,Narda Saavedra,https://larepublica.pe/politica/2026/05/22/jne-presenta-los-temas-y-formato-del-debate-tecnico-y-presidencial-entre-keiko-fujimori-y-roberto-sanchez-hnews-1674816,Los debates fueron programados para este 24 y 31 de mayo tras un acuerdo entre Fuerza Popular y Juntos por el Perú.,"JNE, Keiko Fujimori"
La República,2026-05-24 17:57:58,Debate técnico 2026: JNE hace oficial la lista de expertos de Fuerza Popular y Juntos por el Perú,Narda Saavedra,https://larepublica.pe/politica/2026/05/24/debate-tecnico-2026-jne-hace-oficial-la-lista-de-expertos-de-fuerza-popular-y-juntos-por-el-peru-hnews-1304064,El candidato presidencial Roberto Sánchez precisó que el exfiscal anticorrupción&nbsp;José Domingo Pérez no formará parte del debate técnico previsto para esta noche.,"JNE, Fuerza Popular, Juntos Por el Perú"
La República,2026-05-24 15:03:06,"Roberto Sánchez cuestiona decisión de Jorge Nieto de viciar su voto: ""Ya está grandecito para asumir responsabilidad""",Narda Saavedra,https://larepublica.pe/politica/2026/05/24/roberto-sanchez-cuestiona-decision-de-jorge-nieto-de-viciar-su-voto-ya-esta-grandecito-para-asumir-responsabilidad-hnews-938136,"Nieto había informado que el Comité Ejecutivo Nacional de su partido había tenido ""una discusión prolongada e intensa"" y concluyeron que viciarán su voto y escribirán en la boleta electoral: 'queremos un buen gobierno'.","Roberto Sánchez, Jorge Nieto"
La República,2026-05-25 13:13:07,José Domingo Pérez anuncia querella contra Rosangella Barbarán por acusación sobre mascotas de PPK,Mauricio Muñoz,https://larepublica.pe/politica/2026/05/25/jose-domingo-perez-anuncia-querella-contra-rosangella-barbaran-por-acusacion-sobre-mascotas-de-ppk-hnews-487225,El exfiscal señaló que está acostumbrado a que los insultos provengan del sector fujimorista.,"Rosangella Barbarán, José Domingo Pérez, PPK"
La República,2026-05-23 22:47:56,Presunto involucrado sindica a regidora en asesinato de alcalde de 26 de Octubre en Piura,Ariadna Yaya,https://larepublica.pe/politica/2026/05/23/victor-hugo-febre-presunto-sicario-sindica-a-regidora-en-asesinato-de-alcalde-de-23-de-octubre-en-piura-hnews-1623662,El detenido aseguró en su declaración ante la Policía que recibió US$2.500 para seguir los movimientos del alcalde Víctor Hugo Febre antes del crimen. La regidora Patricia Niño negó las acusaciones y anunció denuncias por difamación e injuria.,"Piura, PNP"
La República,2026-05-23 11:43:25,"Jorge Nieto sobre postura del Partido del Buen Gobierno: ""Los invitamos a viciar su voto""",Jazmín Bianchi,https://larepublica.pe/politica/2026/05/23/jorge-nieto-sobre-postura-del-partido-del-buen-gobierno-los-invitamos-a-viciar-su-voto-hnews-1946950,"El excandidato presidencial sostuvo que su partido será oposición, ya sea con un eventual gobierno de Keiko Fujimori o de Roberto Sánchez.",
La República,2026-05-25 12:02:24,Debate de equipos técnicos: Rosangella Barbarán encaró a Ernesto Zunini de Juntos por el Perú tras el encuentro,Mauricio Muñoz,https://larepublica.pe/politica/2026/05/25/debate-de-equipos-tecnicos-rosangella-barbaran-encaro-a-ernesto-zunini-de-juntos-por-el-peru-tras-el-encuentro-hnews-1621275,Zunini y Barbarán intercambiaron pullas durante su debate en el bloque de juventud y deporte. La congresista también habría buscado encarar a Gustavo Guerra García.,"Debate Presidencial 2026, Rosangella Barbarán"
La República,2026-05-24 22:12:06,"Pedro Francke: ""Vamos a derogar las 8 leyes procrimen que votó la bancada fujimorista""",Mauricio Muñoz,https://larepublica.pe/politica/2026/05/24/pedro-francke-vamos-a-derogar-las-8-leyes-procrimen-que-voto-la-bancada-fujimorista-hnews-2182152,"El economista de Juntos por el Perú asegura que dichas leyes fomentan el crimen y perjudican a emprendedores, al facilitar ataques y extorsiones contra nuevos negocios en el país.","Pedro Francke, Elecciones 2026"
La República,2026-05-25 11:21:30,"Gustavo Gorriti sobre Keiko Fujimori: ""En los hechos, fue ella quien gobernó desde su dominio en el Congreso""",Mauricio Muñoz,https://larepublica.pe/politica/2026/05/25/gustavo-gorriti-sobre-keiko-fujimori-en-los-hechos-fue-ella-quien-goberno-desde-su-dominio-en-el-congreso-hnews-1023950,El periodista comentó los daños causados por el Congreso a las instituciones democráticas. Gorriti también advirtió sobre la debilidad estructural que enfrentaría un gobierno de Roberto Sánchez.,"Gustavo Gorriti, Keiko Fujimori, Congreso del Perú"
La República,2026-05-25 08:28:42,Un debate con promesas y acusaciones mutuas,Narda Saavedra,https://larepublica.pe/politica/2026/05/25/un-debate-con-promesas-y-acusaciones-mutuas-hnews-800625,"Juntos por el Perú quedó mejor parado en el debate técnico. El fujimorismo se presentó como el “orden” frente al “caos” que, según ellos, representa Roberto Sánchez. Juntos por el Perú les recordó que su influencia en el Congreso es una dictadura y que apoyaron leyes procrimen, las cuales prometió derogar.","JNE, Keiko Fujimori, Juntos Por el Perú, Debate Presidencial 2026"
La República,2026-05-24 12:58:19,Congreso: Colegio de Tecnólogos rechaza creación del Colegio de Fisioterapeutas porque afectaría a 9.000 especialistas,Josué Chávez Cardoza,https://larepublica.pe/politica/2026/05/24/congreso-colegio-de-tecnologos-rechaza-creacion-del-colegio-de-fisioterapeutas-porque-afectaria-a-9000-especialistas-hnews-762888,"El Consejo Nacional de Decanos de los Colegios Profesionales y el Colegio de Tecnólogos advirtieron que la iniciativa del Congreso traería riesgos legales, académicos y transgrediría el sistema de salud. El decano Waynner Sánchez García pidió a la Comisión de Salud del Congreso que se llegue a un consenso para analizar la situación.","Congreso del Perú, Colegio Médico del Perú, Minsa, Ministerio de Salud"
La República,2026-05-24 08:57:35,PPK: Poder Judicial rechaza archivar investigación por presunto lavado de activos en 2016,Josué Chávez Cardoza,https://larepublica.pe/politica/2026/05/24/ppk-poder-judicial-rechaza-archivar-investigacion-por-presunto-lavado-de-activos-en-2016-hnews-768528,"El proceso judicial contra el expresidente se inició en 2018 cuando diversos ciudadanos negaron haber aportado a su campaña presidencial de 2016. Con la decisión de la jueza Margarita Salcedo, Pedro Pablo Kuczynski seguirá bajo investigación de la Fiscalía.","PPK, Poder Judicial"
La República,2026-05-25 05:15:00,Sala de Apelaciones rechazó la recusación de juez del caso Gasoducto,César Romero Calle,https://larepublica.pe/politica/2026/05/25/sala-de-apelaciones-rechazo-la-recusacion-de-juez-del-caso-gasoducto-2187325,Leodan Cristóbal. La Sala de Apelaciones consideró que no hay causal para dudar de la imparcialidad del magistrado y que la recusación de la fiscalía y la procuraduría tuvo objetivos dilatorios en el control de la acusación en el caso del Gasoducto del Sur contra el expresidente Ollanta Humala y otros.,
La República,2026-05-24 21:14:36,"Ernesto Zunini a Rosangella Barbarán: “Es bueno escuchar que nuestros adversarios hablen de becas cuando dejaron fuera a 90 mil jóvenes""",Mauricio Muñoz,https://larepublica.pe/politica/2026/05/24/ernesto-zunini-a-rosangella-barbaran-es-bueno-escuchar-que-nuestros-adversarios-hablen-de-becas-cuando-dejaron-fuera-a-90-mil-jovenes-hnews-1378872,El virtual diputado de Juntos por el Perú señaló el papel de Fuerza Popular en el último Congreso.,Juntos Por el Perú
La República,2026-05-21 16:56:01,"Debate de equipos técnicos Keiko Fujimori vs. Roberto Sánchez: hora, temas y dónde ver hoy",Ariadna Yaya,https://larepublica.pe/politica/2026/05/21/debate-tecnico-keiko-fujimori-vs-roberto-sanchez-fecha-hora-temas-y-donde-ver-en-vivo-segunda-vuelta-elecciones-presidenciales-2026-hnews-2094771,"El JNE confirmó que los equipos técnicos de Fuerza Popular y Juntos por el Perú expondrán sus propuestas sobre economía, salud, infraestructura y reforma del Estado antes de la segunda vuelta electoral del 7 de junio. El encuentro contará con moderadores, transmisión en vivo y participación de especialistas de ambas agrupaciones políticas.",
La República,2026-05-24 18:39:03,Debate de equipos técnicos: estos serán los cruces entre Fuerza Popular y Juntos por el Perú,Mauricio Muñoz,https://larepublica.pe/politica/2026/05/24/debate-de-equipos-tecnicos-estos-seran-los-cruces-entre-fuerza-popular-y-juntos-por-el-peru-hnews-1933992,"En economía, dos exministros debatirán cara a cara: Pedro Francke (Juntos por el Perú) se enfrentará a Luis Carranza (Fuerza Popular).","Fuerza Popular, Juntos Por el Perú"
La República,2026-05-24 17:30:00,Las economías ilegales buscan el control territorial de la Amazonía,Óscar Chumpitaz,https://larepublica.pe/politica/2026/05/24/avance-del-narcotrafico-y-de-la-mineria-ilegal-amenaza-aun-mas-la-amazonia-amazonia-en-peligro-hnews-1366200,Seguridad ambiental. Diversas organizaciones indígenas y de sociedad civil han realizado un estudio para alertar al próximo gobierno de que deberá decidir entre contener el avance criminal en la Amazonía o enfrentar la consolidación de nuevos poderes ilegales. Advierten que la expansión del narcotráfico y la minería ilegal es mayor que la estimada por el Estado.,"Amazonía, minería ilegal, Narcotráfico, Contaminación ambiental"
La República,2026-05-24 06:49:00,"Sánchez y Fujimori: rivales en las urnas, pero votaron juntos en el Congreso",Rosmery Tapara,https://larepublica.pe/politica/2026/05/24/roberto-sanchez-y-keiko-fujimori-rivales-en-las-urnas-pero-votaron-juntos-en-el-congreso-fuerza-popular-juntos-por-el-peru-hnews-750789,"Frente a frente. Una revisión de las actas de votación en el Legislativo demuestra que el candidato Roberto Sánchez (JP), o miembros de su bancada, votaron junto con el fujimorismo a favor de proyectos de ley controvertidos, como impedir que la Policía intervenga a mineros del REINFO en posesión de explosivos o participar en la elección de los miembros del polémico Tribunal Constitucional.","Keiko Fujimori, Roberto Sánchez, Fuerza Popular, Juntos Por el Perú, Congreso del Perú"
La República,2026-05-24 16:32:13,Elecciones Regionales y Municipales 2026: 74 partidos elegirán a sus representantes vía modalidad de delegados,Mauricio Muñoz,https://larepublica.pe/politica/2026/05/24/elecciones-regionales-y-municipales-2026-74-partidos-elegiran-a-sus-representantes-via-modalidad-de-delegados-hnews-1667088,Este sistema permite que un grupo de delegados vote por los precandidatos de cada partido y elija al representante con más votos. Elecciones primarias se realizan este 24 de mayo.,Elecciones 2026
La República,2026-05-24 09:52:41,"Ahora Nación anuncia voto a favor de Roberto Sánchez: ""Abstenernos o viciar el voto beneficia a Keiko Fujimori""",Josué Chávez Cardoza,https://larepublica.pe/politica/2026/05/24/ahora-nacion-anuncia-voto-a-favor-de-roberto-sanchez-abstenernos-o-viciar-el-voto-beneficia-a-keiko-fujimori-hnews-2012592,El partido de Alfonso López Chau indicó que la decisión fue tomada por el Comité Ejecutivo Nacional y los congresistas electos de Ahora Nación.,"Roberto Sánchez, Alfonso López - chau, Keiko Fujimori, Juntos Por el Perú, Elecciones 2026"
La República,2026-05-24 13:23:34,Detectives siguieron la pista digital para capturar a presuntos asesinos del alcalde Víctor Febre,Óscar Chumpitaz,https://larepublica.pe/politica/2026/05/24/detectives-siguieron-la-pista-digital-para-capturar-a-presuntos-asesinos-del-alcalde-victor-febre-crimenes-hnews-1616424,Cámaras de videovigilancia de la municipalidad de Veintiséis de Octubre (Piura) permitieron rastrear a los criminales que hicieron vigilancia y seguimiento al burgomaestre antes de que fuera victimado. Uno de los sicarios detenidos confesó que una regidora le dio US$2.500 para que hiciera el reglaje.,"Dirincri, Piura, Crímenes, Investigación"
La República,2026-05-24 14:10:46,Debate presidencial 2026: Fuerza Popular no presenta su equipo técnico a horas del debate contra Juntos por el Perú,Mauricio Muñoz,https://larepublica.pe/politica/2026/05/24/debate-presidencial-2026-fuerza-popular-no-presenta-su-equipo-tecnico-a-horas-del-debate-contra-juntos-por-el-peru-hnews-1618080,"Fujimori anunció que los integrantes no serán divulgados hasta días antes del encuentro. Se menciona a posibles integrantes, como Fernando Rospigliosi en seguridad y Luis Carranza en economía.","Fuerza Popular, Juntos Por el Perú, Debate Presidencial 2026"
La República,2026-05-24 02:50:36,"Óscar Dancourt: ""El impulso a la moderación en el programa de Roberto Sánchez es real""",Emilio Camacho,https://larepublica.pe/politica/2026/05/24/oscar-dancourt-el-impulso-a-la-moderacion-en-el-programa-de-roberto-sanchez-es-real-hnews-757512,"Recién integrado al nuevo equipo técnico de Juntos por el Perú, para esta segunda vuelta, el economista y maestro universitario, explica por qué sumó a este esfuerzo y cuáles son los lineamientos básicos del nuevo programa de Roberto Sánchez. Además, critica las exoneraciones tributarias otorgadas por el Congreso y cuestiona al gobierno parlamentario.","Juntos Por el Perú, Roberto Sánchez, Elecciones 2026, Debate Presidencial 2026"
La República,2026-05-23 21:39:49,"¡Ay, Miki!: le pusiste un sombrero más grande, por Rosa María Palacios",Rosa María Palacios,https://larepublica.pe/opinion/2026/05/23/ay-miki-le-pusiste-un-sombrero-mas-grande-por-rosa-maria-palacios-hnews-1952562,"""Faltan dos semanas para las elecciones. Del lado de Fuerza Popular no hacen sino confirmar su poco afecto por la democracia y del lado de Juntos por el Perú, su imbatible deseo de destruir la economía peruana a punta de improvisación"".",Elecciones 2026
La República,2026-05-23 20:52:05,"Sin ideas y sin unidad, por Mirko Lauer",Mirko Lauer,https://larepublica.pe/opinion/2026/05/23/sin-ideas-y-sin-unidad-por-mirko-lauer-hnews-2126534,"""Es penoso ver cómo partidos que no apoyaron una candidatura ajena en primera vuelta (hubiera sido incoherente) ahora quieren hacerlo en la segunda""",
La República,2026-05-23 19:27:16,"Keiko Fujimori promete reformar la ATU tras reunión con transportistas en SJL: ""Hay otra extorsión, la del Estado""",Ariadna Yaya,https://larepublica.pe/politica/2026/05/23/keiko-fujimori-promete-reformar-la-atu-tras-reunion-con-transportistas-en-sjl-hay-otra-extorsion-la-del-estado-hnews-1758534,La lideresa de Fuerza Popular cuestionó las multas aplicadas al sector transporte y anunció que derogará la ley de puntos si llega al Gobierno.,"Keiko Fujimori, ATU, Elecciones 2026"
La República,2026-05-23 14:09:03,Iglesia pide perdón a la Comunidad Campesina de Catacaos por los abusos del Sodalicio,Ariadna Yaya,https://larepublica.pe/politica/2026/05/23/iglesia-pide-perdon-a-la-comunidad-campesina-de-catacaos-por-los-abusos-del-sodalicio-hnews-292353,"El acto organizado por el Vaticano reunió en Piura a cardenales, obispos y representantes internacionales. La ceremonia buscó reconocer públicamente los daños denunciados por comuneros del pueblo Tallán tras años de conflictos por tierras y procesos judiciales ligados al desaparecido Sodalicio.","Papa León XIV, Vaticano, Sodalicio"
La República,2026-05-23 14:47:52,Piura: Caen sospechosos del asesinato del alcalde Víctor Febre,Óscar Chumpitaz,https://larepublica.pe/politica/2026/05/23/piura-caen-sospechosos-del-asesinato-del-alcalde-victor-febre-crimenes-hnews-684319,"Después de 48 horas, la Policía logró dar con uno de los vehículos utilizados en el marcaje y reglaje de la víctima. También identificó al financista. Jhon Ponce Torres habría contratado a los ‘marcas’ y sería quien condujo a los sicarios para ejecutar el crimen del burgomaestre de Veintiséis de Octubre.","Crímenes, Nuevo alcalde Lurigancho, Dirincri, Piura"
La República,2026-05-23 14:55:19,"Detienen a presuntos implicados en el asesinato del alcalde de Veintiséis de Octubre, policía aún no identifica el móvil",Almendra Ruesta,https://larepublica.pe/politica/2026/05/23/detienen-a-presuntos-implicados-en-el-asesinato-del-alcalde-de-veintiseis-de-octubre-policia-aun-no-identifica-el-movil-hnews-1946122,"Gobernador de Piura, Luis Neyra pidió cambios en la región policial para mejorar la investigación criminalística ante el incremento de muertes y la proliferación de delitos como el cobro de cupos.","Piura, PNP"
La República,2026-05-23 12:04:23,Roberto Sánchez asegura que respetará la inversión y no habrá estatizaciones,Jazmín Bianchi,https://larepublica.pe/politica/2026/05/23/roberto-sanchez-asegura-que-respetara-la-inversion-y-no-habra-estatizaciones-hnews-278208,El candidato presidencial de Juntos por el Perú garantizó la propiedad privada y anunció que su prioridad será la industrialización del campo.,
La República,2026-05-23 11:03:16,"Roberto Sánchez tras declaraciones de Miguel Torres: ""Así es la sedición, así es el golpismo""",Jazmín Bianchi,https://larepublica.pe/politica/2026/05/23/roberto-sanchez-tras-declaraciones-de-miguel-torres-asi-es-la-sedicion-asi-es-el-golpismo-hnews-787911,"Tras la confesión de Miguel Torres sobre una conspiración para sacar a Pedro Castillo, el candidato de JP afirmó que el único camino es recuperar el gobierno con democracia.",
La República,2026-05-23 10:17:13,"Modérate, prométeme y sedúceme, por Juan De la Puente",Juan De la Puente,https://larepublica.pe/opinion/2026/05/23/moderate-prometeme-y-seduceme-por-juan-de-la-puente-hnews-1531800,"""Votar desde la incertidumbre es desafiante. El voto recibe una intensa presión que intenta cambiar su naturaleza. Es coaccionado por dos ideas: 'votar bien', Vargas Llosa dixit, y arrastrar tu voto como una condena —'asume tu voto'—, como si votar fuese igual a gobernar"".",Elecciones 2026
La República,2026-05-20 08:43:39,"Keiko Fujimori vs Roberto Sánchez: fecha, formato, temas y reglas del debate de segunda vuelta",Ariadna Yaya,https://larepublica.pe/politica/2026/05/20/debate-presidencial-2026-entre-keiko-fujimori-y-roberto-sanchez-fecha-hora-formato-y-temas-hnews-1707480,"El JNE indicó que el debate incluirá preguntas ciudadanas, bloques temáticos y espacios de intercambio directo. El evento previo a la segunda vuelta será transmitido a nivel nacional este 31 de mayo.","Keiko Fujimori, Roberto Sánchez, JNE, Elecciones 2026, Debate Presidencial 2026"
La República,2026-05-22 21:31:07,"Debate presidencial: JNE define la fecha, formato y reglas del Keiko Fujimori vs Roberto Sánchez por segunda vuelta",Ariadna Yaya,https://larepublica.pe/politica/2026/05/22/debate-presidencial-jne-define-la-fecha-formato-y-reglas-del-keiko-fujimori-vs-roberto-sanchez-por-segunda-vuelta-hnews-1851454,"El JNE indicó que el debate incluirá preguntas ciudadanas, bloques temáticos y espacios de intercambio directo. El evento previo a la segunda vuelta será transmitido a nivel nacional este 31 de mayo.","Keiko Fujimori, Roberto Sánchez, JNE, Elecciones 2026, Debate Presidencial 2026, Debate presidencial"
La República,2026-05-22 20:59:19,Keiko Fujimori: Poder Judicial evaluará apelación contra archivo del caso Cócteles este 28 de mayo,Ariadna Yaya,https://larepublica.pe/politica/2026/05/22/keiko-fujimori-poder-judicial-evaluara-apelacion-contra-archivo-del-caso-cocteles-este-28-de-mayo-hnews-543532,"La Fiscalía pidió anular la resolución que cerró el proceso contra Keiko Fujimori por presunto lavado de activos. La audiencia también revisará el recurso presentado por Mark Vito, quien busca acogerse al fallo del Tribunal Constitucional.","Keiko Fujimori, Poder Judicial, Caso cócteles"
La República,2026-05-21 17:27:07,"César Acuña confirma que no postulará a las elecciones regionales y municipales: ""La gente quiere renovación""",Mauricio Muñoz,https://larepublica.pe/politica/2026/05/21/cesar-acuna-confirma-que-no-postulara-a-las-elecciones-regionales-y-municipales-la-gente-quiere-renovacion-hnews-949032,"César Acuña y Alianza para el Progreso sufrieron un duro revés en las elecciones generales, luego de que la agrupación alcanzara apenas el 1,15% de los votos a nivel nacional.","Cesar Acuña, Alianza para el Progreso"
La República,2026-05-22 18:55:54,"Excandidatos definen posturas: los que apoyan a Sánchez, Fujimori y promueven el voto viciado",Narda Saavedra,https://larepublica.pe/politica/2026/05/22/excandidatos-definen-posturas-los-que-apoyan-a-roberto-sanchez-keiko-fujimori-y-promueven-el-voto-viciado-hnews-1972080,"A poco más de dos semanas de la segunda vuelta presidencial, la mayoría de excandidatos presidenciales han brindado su respaldo a Juntos por el Perú. En menor medida, otros líderes han promovido el voto en blanco o votar por Fuerza Popular.","Roberto Sánchez, JNE"
La República,2026-05-22 18:51:34,Gobierno amplía estado de emergencia en Trujillo y Virú por 60 días: Chepén también será incluído,Mauricio Muñoz,https://larepublica.pe/politica/2026/05/22/gobierno-amplia-estado-de-emergencia-en-trujillo-y-viru-por-60-dias-chepen-tambien-sera-incluido-hnews-1029578,La medida fue oficializada mediante un decreto supremo publicado en el diario oficial El Peruano. La prórroga regirá desde el 26 de mayo.,"Trujillo, estado de emergencia"
La República,2026-05-22 18:24:49,Guido Bellido y otros excongresistas de Podemos Perú conforman nueva bancada 'Lealtad Nacional',Mauricio Muñoz,https://larepublica.pe/politica/2026/05/22/guido-bellido-y-otros-excongresistas-de-podemos-peru-conforman-nueva-bancada-lealtad-nacional-hnews-551100,"Además de Bellido, el grupo incluye a los congresistas Francis Paredes, Darwin Espinoza, Ariana Orué y Judith Rojas.","Guido Bellido, Podemos Perú, Congreso del Perú"
La República,2026-05-22 17:11:41,Francisco Távara es cesado de la JNJ por cumplir 75 años y su lugar es ocupado por Rafael Ruiz,Jazmín Bianchi,https://larepublica.pe/politica/2026/05/22/francisco-tavara-deja-la-junta-nacional-de-justicia-magistrado-fue-cesado-tras-cumplir-75-anos-hnews-1514392,"La decisión corresponde a que Távara cumplió la edad máxima permitida para ocupar un cargo en la JNJ. En su lugar asumió Rafael Ruiz, quien fue repuesto en su cargo por el Poder Judicial.",
La República,2026-05-22 17:47:45,Fujimorismo reconoce complot contra Pedro Castillo y Juntos por el Perú intenta moderarse,Mauricio Muñoz,https://larepublica.pe/politica/2026/05/22/fujimorismo-reconoce-complot-contra-pedro-castillo-y-juntos-por-el-peru-intenta-moderarse-hnews-1802790,"A menos de tres semanas de la segunda vuelta, las campañas de Keiko Fujimori y Roberto Sánchez atraviesan momentos clave, marcados por la disputa del relato político sobre la caída de Pedro Castillo, el refuerzo de estrategias electorales y los intentos de ambos bloques por ampliar apoyos en un escenario cada vez más polarizado.","Fujimorismo, Pedro Castillo, Juntos Por el Perú"
La República,2026-05-22 17:30:52,Crece indignación tras asesinato de alcalde de 26 de Octubre: familiares rechazaron presencia de comandante PNP en el velorio,Almendra Ruesta,https://larepublica.pe/politica/2026/05/22/crece-indignacion-tras-asesinato-de-alcalde-de-26-de-octubre-familiares-rechazaron-presencia-de-comandante-pnp-en-el-velorio-hnews-307318,"A la región norteña llegó el ministro del Interior y el comandante general Óscar Arriola. Este último, aunque intentó acudir al velatorio, no fue recibido por los familiares de la autoridad edil.","Piura, Óscar Arriola"
La República,2026-05-22 17:08:11,Dirigentes rechazan disculpas de Keiko Fujimori y advierten no la recibirán en Puno,Liubomir Fernández,https://larepublica.pe/politica/2026/05/22/dirigentes-rechazan-disculpas-de-kieko-fujimori-y-advierten-no-la-recibiran-en-puno-hnews-1019348,"Dirigentes le recordaron que, tras los asesinatos en Juliaca el 9 de enero del 2023, su bancada, desde el Congreso, en los momentos más difíciles, protegió a Dina Boluarte.","Keiko Fujimori, Elecciones 2026, Fuerza Popular"
La República,2026-05-22 10:14:22,"Keiko Fujimori con 39.5% y Roberto Sánchez con 36.1% en intención de voto, según encuesta Datum",Jazmín Bianchi,https://larepublica.pe/politica/2026/05/22/segunda-vuelta-keiko-fujimori-con-395-y-roberto-sanchez-con-361-en-intencion-de-voto-segun-datum-hnews-1833502,"La encuesta de Datum revela un empate técnico debido al margen de error, mientras que los votos en blanco, viciados y los indecisos suman más del 24% del total nacional.","Roberto Sánchez, Keiko Fujimori"
La República,2026-05-22 15:48:04,ONPE accede a pedido de Fuerza Popular: personeros podrán grabar conteo de votos,Ariadna Yaya,https://larepublica.pe/politica/2026/05/22/onpe-accede-a-pedido-de-fuerza-popular-personeros-podran-grabar-conteo-de-votos-hnews-1252548,"La medida fue acordada en una reunión entre representantes de Fuerza Popular, Juntos por el Perú y la ONPE. El organismo electoral aclaró que no estarán permitidas las transmisiones en vivo y advirtió que la grabación no debe interferir con el trabajo de los miembros de mesa durante la segunda vuelta.","ONPE, Fuerza Popular, Juntos Por el Perú, Elecciones 2026"
La República,2026-05-21 12:15:10,Elecciones 2026: Datum culpa a ONPE por mostrar resultados fallidos en la primera vuelta,Ariadna Yaya,https://larepublica.pe/politica/2026/05/21/datum-culpa-a-onpe-por-mostrar-resultados-fallidos-en-la-primera-vuelta-de-las-elecciones-hnews-921081,La encuestadora afirmó que las restricciones registradas en varios locales de votación afectaron su conteo rápido y defendió la validez técnica de su muestra tras una auditoría externa. La empresa anunció cambios para la segunda vuelta y aseguró que reforzará sus mecanismos de supervisión ante las críticas por las diferencias con los resultados oficiales de la ONPE.,"datum, Elecciones 2026, ONPE"
La República,2026-05-22 13:52:41,JNJ blinda una vez más a Patricia Benavides: archiva proceso en su contra por presunta injerencia en la Eficcop,Ariadna Yaya,https://larepublica.pe/politica/2026/05/22/jnj-blinda-una-vez-mas-a-patricia-benavides-archiva-proceso-en-su-contra-por-presunta-injerencia-en-la-eficcop-hnews-984962,"La JNJ concluyó que no existían pruebas suficientes para sancionar a Patricia Benavides y al jefe de la ANC, Juan Fernández Jerí, por las presuntas coordinaciones contra fiscales del Eficcop y contra Rafael Vela. La decisión se aprobó por unanimidad y dispuso el archivo definitivo del caso.","Junta Nacional de Justicia, Patricia Benavides"
La República,2026-05-22 13:45:18,"Roberto Sánchez no descarta conversar con López Aliaga: ""Hay que poner en segundo lugar las diferencias""",Narda Saavedra,https://larepublica.pe/politica/2026/05/22/roberto-sanchez-no-descarta-conversar-con-lopez-aliaga-hay-que-poner-en-segundo-lugar-las-diferencias-hnews-1612072,"Explicó que está dispuesto a conversar con todo líder político que tenga afinidad con ""los derechos humanos, la cero discriminación, la eliminación de la pobreza, la expansión de la democracia y recuperar el equilibrio de poderes"".","Roberto Sánchez, Rafael López Aliaga"
La República,2026-05-22 12:36:45,"Mesías Guevara sobre Keiko Fujimori: “Desde su pataleta de 2016, no hemos podido salir de la crisis que ella comenzó”",Mauricio Muñoz,https://larepublica.pe/politica/2026/05/22/mesias-guevara-sobre-keiko-fujimori-desde-su-pataleta-de-2016-no-hemos-podido-salir-de-la-crisis-que-ella-comenzo-hnews-1206414,Guevara considera que la trayectoria de Fujimori y su estilo de gobernar representan una amenaza para la democracia.,"Mesías Guevara, Keiko Fujimori"
La República,2026-05-22 12:11:55,Miguel Torres admite que Fuerza Popular y el Congreso conspiraron para sacar a Pedro Castillo,Jazmín Bianchi,https://larepublica.pe/politica/2026/05/22/miguel-torres-admite-que-fuerza-popular-y-el-congreso-conspiraron-para-sacar-a-pedro-castillo-hnews-1524336,"A pocas semanas de la segunda vuelta electoral, el postulante a la vicepresidencia con Keiko Fujimori señaló que tuvieron que hacer una ""suma de esfuerzos para que se vaya"".","Keiko Fujimori, Miguel Torres, Pedro Castillo, Congreso del Perú"
La República,2026-05-22 12:08:21,Mininter exige a PNP la inmediata captura de los asesinos del alcalde Víctor Febre,Óscar Chumpitaz,https://larepublica.pe/politica/2026/05/22/mininter-exige-la-inmediata-captura-de-los-asesinos-de-alcalde-victor-febre-crimenes-hnews-1265286,"José Zapata Morante viajó a Piura y demandó resultados inmediatos para atrapar y esclarecer el crimen del burgomaestre de Veintiséis de Octubre. “Este crimen de ninguna manera va a quedar impune. No podemos tolerar la muerte de ningún ciudadano, y menos aún cuando se trata de autoridades elegidas por el pueblo”, indicó.","Crimen organizado, Piura, Ministerio del Interior, Dirincri"
La República,2026-05-22 12:05:34,"Sin libertad de expresión y de prensa, no hay democracia, por Erick Iriarte Ahon",Erick Iriarte,https://larepublica.pe/opinion/2026/05/22/sin-libertad-de-expresion-y-de-prensa-no-hay-democracia-por-erick-iriarte-ahon-chapultepec-salta-hnews-462616,"""Nos encontramos en un momento crítico en el que resulta necesario que ambos candidatos que disputan la segunda vuelta expresen su adhesión a las Declaraciones de Chapultepec y de Salta como un mínimo compromiso con la protección de la libertad de expresión y de prensa, así como una declaración explícita de respeto a estos derechos durante un eventual gobierno""",Elecciones 2026
La República,2026-05-22 10:53:33,"Indira Huilca: ""El fujimorismo se ha dedicado a desestabilizar el país""",Mauricio Muñoz,https://larepublica.pe/politica/2026/05/22/indira-huilca-el-fujimorismo-se-ha-dedicado-a-desestabilizar-el-pais-hnews-1174800,"La virtual diputada de Ahora Nación hizo énfasis en que el fujimorismo —bajo el liderazgo de Keiko Fujimori— ha contribuido a la desestabilización del país desde 2006, mediante la alteración de mecanismos constitucionales y la captura de diversas instituciones, entre ellas la Defensoría del Pueblo y el Tribunal Constitucional.","Indira Huilca, Fujimorismo, Elecciones 2026"
La República,2026-05-22 09:35:56,"El rugido que sube del abismo, por Jorge Bruce",Jorge Bruce,https://larepublica.pe/opinion/2026/05/22/el-rugido-que-sube-del-abismo-por-jorge-bruce-hnews-1778106,"""La combinación entre una sociedad que abandona a su suerte a los más desposeídos, que son mayoría, y unos políticos que se comportan, salvo honrosas excepciones, como los miembros de una hermandad mafiosa sin distingos ideológicos, es letal""",
La República,2026-05-22 09:02:13,"Los no precisa y los debates, por Hernán Chaparro",Hernán Chaparro,https://larepublica.pe/opinion/2026/05/22/los-no-precisa-y-los-debates-por-hernan-chaparro-hnews-1136102,"Se espera que los debates presidenciales jueguen un papel importante en la decisión de los votantes, dado que en la primera vuelta, un 65% de los encuestados afirmó que los debates influyeron en su decisión.",Elecciones 2026
La República,2026-05-22 08:50:25,"Respuesta a Guillermo Lasso e Iván Duque, por Guido Croxatto",Columnista invitado,https://larepublica.pe/opinion/2026/05/22/respuesta-a-guillermo-lasso-e-ivan-duque-por-guido-croxatto-hnews-1548580,"Iván Duque y Guillermo Lasso publican columnas apoyando a Keiko Fujimori, pero surgen paradojas: ¿cómo pedir reconciliación al apellido que polariza al Perú?",
La República,2026-05-22 08:03:47,"¿Sánchez se franckea? No del todo, por Mirko Lauer",Mirko Lauer,https://larepublica.pe/opinion/2026/05/22/sanchez-se-franckea-no-del-todo-por-mirko-lauer-hnews-488884,"Pedro Francke es presentado como candidato a ministro de Economía y Finanzas por Roberto Sánchez, quien busca enviar un mensaje de izquierda responsable y eficiente. Sin embargo, este anuncio ha generado dudas sobre la continuidad.",Elecciones 2026
La República,2026-05-21 18:09:25,JNJ: dos candidatos disputarán para ser jefe de la ONPE tras aprobar evaluación de conocimientos,Josué Chávez Cardoza,https://larepublica.pe/politica/2026/05/21/jnj-define-a-2-finalistas-para-ocupar-la-jefatura-de-la-onpe-2026-en-reemplazo-de-piero-corvetto-hnews-1681869,"La Junta Nacional de Justicia publica resultados de la evaluación de conocimientos para elegir al nuevo jefe de la ONPE. Carlos Loyola y Amparo Ortega son los finalistas. Loyola encabezó la lista con 88 puntos, seguido de Ortega con 74. Cinco candidatos quedaron fuera al no alcanzar el puntaje mínimo requerido.","ONPE, Junta Nacional de Justicia, piero corvetto"
La República,2026-05-21 15:44:11,Frente Social por el Perú presenta Acuerdo Democrático: piden a Keiko Fujimori y Roberto Sánchez respetar los resultados,Josué Chávez Cardoza,https://larepublica.pe/politica/2026/05/21/frente-social-por-el-peru-presenta-acuerdo-democratico-piden-a-keiko-fujimori-y-roberto-sanchez-respetar-los-resultados-hnews-1054263,"Los excandidatos exhortaron a Sánchez y Fujimori a combatir la criminalidad y recuperar la institucionalidad. Exigieron la derogación de las leyes procrimen y pidieron el restablecimiento del estado de derecho en Perú. Adicionalmente, se subrayó la necesidad de asegurar derechos humanos y justicia para víctimas de violencia.","Keiko Fujimori, Roberto Sánchez, Elecciones 2026, Sutep"
La República,2026-05-21 22:08:09,Roberto Sánchez no descarta diálogo con Julio Velarde para mantener institucionalidad en el BCR,Mauricio Muñoz,https://larepublica.pe/politica/2026/05/21/roberto-sanchez-no-descarta-dialogo-con-julio-velarde-para-mantener-institucionalidad-en-el-bcr-hnews-963711,Roberto Sánchez aseguró que respetará la decisión de Julio Velarde de continuar o no al frente del Banco Central de Reserva del Perú.,"Roberto Sánchez, Julio Velarde, BCRP"
La República,2026-05-21 20:43:45,"Roberto Sánchez responsabiliza a Fuerza Popular de crisis delincuencial: ""Son los responsables de las leyes procrímenes""",Mauricio Muñoz,https://larepublica.pe/politica/2026/05/21/roberto-sanchez-responsabiliza-a-fuerza-popular-de-crisis-delincuencial-son-los-responsables-de-las-leyes-procrimenes-hnews-2002203,"En un mitin, el candidato de JP también afirmó que la crisis se debe a que Fuerza Popular ha desestabilizado la política y quebrado el sistema de justicia a través del apoyo a constantes vacancias.","Roberto Sánchez, Fuerza Popular, Elecciones 2026"
La República,2026-05-21 17:24:53,"“Al pie del Misti, le pido a Jorge Nieto que se una”: Domingo Pérez llama a la unidad contra un “pacto mafioso”",Mirelia Quispe,https://larepublica.pe/politica/2026/05/21/al-pie-del-misti-le-pido-a-jorge-nieto-que-se-una-domingo-perez-llama-a-la-unidad-contra-un-pacto-mafioso-hnews-1976058,"El líder del partido El Bueno Gobierno, Jorge Nieto, evitó pronunciarse sobre la invitación del exfiscal José Domingo Pérez. ""No tengo opinión. Cada quien es dueño de sus palabras y de sus deseos"", sostuvo.","José Domingo Pérez, Roberto Sánchez, Juntos Por el Perú, Elecciones 2026"
La República,2026-05-21 13:25:06,Segunda vuelta 2026: empresa AFE será la encargada de transportar el material electoral,Narda Saavedra,https://larepublica.pe/politica/2026/05/21/segunda-vuelta-2026-empresa-afe-sera-la-encargada-de-transportar-el-material-electoral-hnews-1923096,"Bernardo Pachas, jefe interino de la ONPE, precisó que se encuentran en la etapa de entrega de documentación.","Elecciones 2026, JNE, ONPE"
La República,2026-05-21 14:56:42,"Piura: asesinan de tres balazos a alcalde del distrito de 26 de Octubre, Víctor Hugo Febre",Narda Saavedra,https://larepublica.pe/politica/2026/05/21/piura-asesinan-a-balazos-a-alcalde-del-distrito-de-26-de-octubre-victor-hugo-febre-hnews-1964235,El ataque contra el burgomaestre Víctor Hugo Febre se desarrolló cerca de las instalaciones del Municipio. Vecinos del distrito anunciaron una manifestación para exigir justicia.,"Piura, PNP"
La República,2026-05-20 09:16:51,"Keiko Fujimori sube un 1% en intención de voto en Lima, pero se estanca en regiones, según encuesta Ipsos",Ariadna Yaya,https://larepublica.pe/politica/2026/05/20/encuesta-presidencial-ipsos-keiko-fujimori-sube-un-1-en-intencion-de-voto-en-lima-pero-se-estanca-en-regiones-hnews-1213720,"La candidata de Fuerza Popular pasó de 38% a 39% en intención de voto nacional entre abril y mayo. El incremento se concentra en Lima, donde subió cuatro puntos. En zonas rurales no registra crecimiento, mientras que Roberto Sánchez pierde apoyo y aumentan los indecisos.","Elecciones 2026, Keiko Fujimori, Roberto Sánchez"
La República,2026-04-27 12:45:55,"Mónica Sánchez: “Si no miramos al otro peruano como un par, va a ser difícil avanzar”",Estefany Barrientos,https://larepublica.pe/cultural/2026/04/27/monica-sanchez-si-no-miramos-al-otro-peruano-como-un-par-va-a-ser-dificil-avanzar-2185407,"La actriz protagoniza 'Las cosas que sé que son verdad', una obra sobre los vínculos familiares y reflexiona sobre la coyuntura. “Hay una porción del Perú a la que no se le quiere validar”.","Impresa, Entrevista LR, Mónica Sánchez, Teatro"
La República,2026-05-18 12:37:19,"Susana Baca, la artista y exministra cumple 82 años: ""Mientras tenga voz, voy a cantar""",Estefany Barrientos,https://larepublica.pe/musica/2026/05/18/susana-baca-la-artista-y-exministra-cumple-82-anos-mientras-tenga-voz-voy-a-cantar-223668,La ganadora del Grammy a la Excelencia celebrará sus 82 años con un concierto este 24. La también exministra de Cultura opina sobre la coyuntura y cuestiona a los candidatos que postularon y luego renunciaron a la política.,"Impresa, Susana Baca, Entrevista LR, Marisol Perez Tello, Alfonso López - chau"
La República,2026-05-21 00:53:21,Marco Martos: “Nunca ha habido un pedido de perdón por el maltrato a los sanmarquinos”,Carlos Paucar,https://larepublica.pe/politica/2026/05/21/marco-martos-nunca-ha-habido-un-pedido-de-perdon-por-el-maltrato-a-los-sanmarquinos-hnews-506840,"Doctor en Letras, escritor, crítico literario y poeta, Marco Martos postulará al rectorado con San Marcos 500. Aquí habla de la universidad sanmarquina y la educación peruana.","Universidad Nacional Mayor de San Marcos, Universidades"
La República,2026-05-21 13:35:06,César Acuña reaparece tras derrota en elecciones y culpa a medios de comunicación por fracaso de APP,Mauricio Muñoz,https://larepublica.pe/politica/2026/05/21/cesar-acuna-reaparece-tras-derrota-en-elecciones-y-culpa-a-medios-de-comunicacion-por-fracaso-de-app-hnews-1414308,"Lejos de la autocrítica. Acuña deslindó responsabilidades sobre los casos que involucran a su partido. Además, aseguró que APP será la organización con más postulantes para las elecciones regionales y municipales de octubre.","Cesar Acuña, Alianza para el Progreso"
La República,2026-05-21 08:06:59,Carlos Bruce: graban al alcalde de Surco usando una pistola eléctrica contra su asesor,Ariadna Yaya,https://larepublica.pe/politica/2026/05/21/carlos-bruce-graban-al-alcalde-de-surco-usando-una-pistola-electrica-contra-su-asesor-hnews-1764609,"El video muestra a Carlos Bruce disparando una pistola eléctrica contra Arturo Bobbio dentro de una oficina y frente a otras personas. Tras la difusión de las imágenes, el alcalde de Surco aseguró que se trató de una actividad ""privada y voluntaria"" y afirmó que el registro fue editado.",Carlos Bruce
La República,2026-05-20 09:35:38,"Junín: Hallan restos humanos de 9 personas, víctimas del conflicto armado en los 90’",Óscar Chumpitaz,https://larepublica.pe/politica/2026/05/20/junin-hallan-restos-humanos-de-9-personas-victimas-del-conflicto-armado-en-los-90-derechos-humanos-hnews-1312500,"Después de 36 años, Fiscalía Especializada en Derechos Humanos recupera restos de víctimas de desaparición forzada que habrían sido ejecutadas por terroristas de Sendero Luminoso entre 1990 y 1993. Una de ellas solo tenía 15 años.","Ministerio Público, Junín, Derechos Humanos, Sendero Luminoso"
La República,2026-05-21 11:50:51,Transparencia publicará conteo rápido el mismo día de la segunda vuelta entre las 8 y 9 de la noche,Narda Saavedra,https://larepublica.pe/politica/2026/05/21/transparencia-publicara-conteo-rapido-el-mismo-dia-de-la-segunda-vuelta-entre-las-8-y-9-de-la-noche-hnews-383754,"Omar Awapara, secretario general de Transparencia, explicó que el proceso de estimación sería más ágil debido a que en esta ocasión solo participan dos candidatos presidenciales.",Transparencia
La República,2026-05-21 12:12:49,Pataz: Mafias de minería ilegal pierden S/ 249 millones,Óscar Chumpitaz,https://larepublica.pe/politica/2026/05/21/pataz-mafias-de-mineria-ilegal-pierden-s-249-millones-mineria-ilegal-hnews-416283,"Tras un año de operaciones sostenidas en esa zona de La Libertad, una de las más golpeadas por la minería ilegal y el crimen organizado, asegura el Comando Conjunto de las Fuerzas Armadas.","minería ilegal, Pataz, Fuerzas Armadas del Perú, Policía Nacional del Perú"
La República,2026-05-20 10:31:12,Toma de San Marcos: Centro Federado de Derecho y Ciencia Política rechaza presencia de Roberto Sánchez en protesta,Mauricio Muñoz,https://larepublica.pe/politica/2026/05/20/toma-de-san-marcos-centro-federado-de-derecho-y-ciencia-politica-se-opone-a-la-presencia-de-roberto-sanchez-en-protesta-hnews-1345520,"Estudiantes cuestionaron la coherencia de su respaldo, alegando que su labor previa como congresista debilitó el sistema educativo y pidieron mantener la autonomía universitaria frente al oportunismo político.","Universidad Nacional Mayor de San Marcos, Protestas, Roberto Sánchez"
La República,2026-05-21 11:28:54,Segunda vuelta 2026: ONPE entregó a Cancillería material electoral para peruanos en el exterior,Narda Saavedra,https://larepublica.pe/politica/2026/05/21/segunda-vuelta-2026-onpe-entrego-a-cancilleria-material-electoral-para-peruanos-en-el-exterior-hnews-432117,"El material enviado incluye cédulas de sufragio, actas electorales, ánforas, cabinas y otros implementos necesarios para la jornada electoral.","ONPE, Elecciones 2026, JNE"
La República,2026-05-21 06:50:00,Congresistas exigen debatir ley que prohíbe pesca industrial en las reservas,Rosmery Tapara,https://larepublica.pe/politica/2026/05/21/congresistas-exigen-debatir-ley-que-prohibe-pesca-industrial-en-las-reservas-congreso-pesca-snp-hnews-1246600,"Intereses. La presidenta de la comisión que aprobó el dictamen, Silvana Robles, y la extitular del mismo grupo Ruth Luque consideran que el fujimorismo ejerce presión para impedir la discusión del proyecto que busca ratificar la restricción total de la extracción a gran escala de especies marinas en áreas naturales protegidas.","Congreso del Perú, Pesca, Sociedad Nacional de Pesquería"
La República,2026-05-21 08:35:45,Podemos Perú disuelve su bancada en el Congreso y anuncia “reestructuración total”,Ariadna Yaya,https://larepublica.pe/politica/2026/05/21/podemos-peru-disuelve-su-bancada-en-el-congreso-y-anuncia-reestructuracion-total-hnews-1302210,Podemos Perú informó que iniciará procesos disciplinarios contra militantes denunciados por presuntos actos de corrupción y confirmó la elección de una nueva dirigencia nacional para intentar la reinscripción del partido ante los organismos electorales.,"Podemos Perú, Congreso del Perú"
La República,2026-05-20 16:29:36,Comité Electoral de San Marcos renuncia en medio de crisis universitaria: medida extiende mandato de Jerí Ramón,Josué Chávez Cardoza,https://larepublica.pe/politica/2026/05/20/comite-electoral-de-san-marcos-renuncia-en-medio-de-crisis-universitaria-medida-extiende-mandato-de-jeri-ramon-hnews-686920,Los miembros del Comité Electoral indicaron que uno de los motivos de su renuncia fue la presencia de congresistas y de Roberto Sánchez en el campus de la universidad. La rectora Jerí Ramón permanecerá en el cargo hasta que se reintegre el comité y se reprogramen los comicios.,"Universidad Nacional Mayor de San Marcos, UNMSM"
La República,2026-05-20 16:01:11,ONPE comenzó el traslado de material electoral para las elecciones primarias de delegados del domingo 24 de mayo,Josué Chávez Cardoza,https://larepublica.pe/politica/2026/05/20/elecciones-regionales-y-municipales-2026-onpe-comenzo-el-traslado-de-material-para-las-elecciones-primarias-del-domingo-24-de-mayo-hnwes-506340,La entrega del material se realizará por vía terrestre y aérea bajo la custodia de la PNP. Los delegados de cada partido podrán acudir a votar desde las 8.00 a. m. hasta las 3.00 p. m.,"Elecciones Regionales y Municipales 2026, ONPE, Elecciones 2026"
La República,2026-05-20 19:07:34,Mark Vito: Poder Judicial evaluará apelación del exesposo de Keiko Fujimori por caso Cócteles,Josué Chávez Cardoza,https://larepublica.pe/politica/2026/05/20/mark-vito-poder-judicial-evaluara-apelacion-del-exesposo-de-keiko-fujimori-por-caso-cocteles-hnews-1484060,El tiktoker busca que el fallo del TC que anuló el caso Cócteles contra Keiko Fujimori también aplique en la investigación en su contra. La audiencia de apelación se realizará el próximo jueves 28 de mayo.,"Mark Vito, Keiko Fujimori, Caso cócteles, Poder Judicial"
La República,2026-05-20 22:58:28,"Yonhy Lescano anuncia que su partido apoyará a Roberto Sánchez: ""Para que el Perú no caiga en la dictadura de Fujimori""",Josué Chávez Cardoza,https://larepublica.pe/politica/2026/05/20/yonhy-lescano-anuncia-que-su-partido-apoyara-a-roberto-sanchez-para-que-el-peru-no-caiga-en-la-dictadura-de-fujimori-hnews-1713700,"El excandidato presidencial de Cooperación Popular precisó que la decisión se tomó luego de un debate y votación al interior del partido. En la elección del 12 de abril, la agrupación política de Yonhy Lescano obtuvo 214.779 votos.","Roberto Sánchez, Yonhy Lescano, Elecciones 2026, Keiko Fujimori"
La República,2026-05-20 22:10:23,Segunda vuelta presidencial: JNE contratará más de 2 mil fiscalizadores de contingencia en Lima y Callao,Jazmín Bianchi,https://larepublica.pe/politica/2026/05/20/segunda-vuelta-presidencial-jne-contratara-mas-de-2-mil-fiscalizadores-de-contingencia-en-lima-y-callao-hnews-1447380,Este grupo de fiscalizadores cumplirá la función de supervisar el arribo del material electoral a los locales de votación de Lima y Callao.,"JNE, segunda vuelta electoral"
La República,2026-05-20 20:59:43,"Julio Arbizu: ""Congreso blinda a María Caruajulca (…) es la abogada del pacto mafioso""",Jazmín Bianchi,https://larepublica.pe/politica/2026/05/20/julio-arbizu-congreso-blinda-a-maria-caruajulca-es-la-abogada-del-pacto-mafioso-hnews-1295800,"La Comisión de Justicia aprobó una reforma que mantendría en el cargo a la actual procuradora general del Estado, María Caruajulca, debido a que eliminaron la disposición que designa un nuevo Consejo Directivo.",
La República,2026-05-20 19:07:40,Keiko Fujimori y Roberto Sánchez cara a cara: conoce los detalles del próximo debate presidencial,Mauricio Muñoz,https://larepublica.pe/politica/2026/05/20/keiko-fujimori-y-roberto-sanchez-cara-a-cara-conoce-los-detalles-del-proximo-debate-presidencial-hnews-1018360,El debate entre los candidatos de Fuerza Popular y Juntos por el Perú se dará en el Centro de Convenciones de San Borja este domingo 31 de mayo a las 8 de la noche. El domingo 24 del mismo mes se celebrará un debate entre equipos técnicos de ambas agrupaciones.,"Keiko Fujimori, Roberto Sánchez, Elecciones 2026"
La República,2026-05-20 17:10:49,Andrés Hurtado: Fiscalía solicita 30 años de prisión contra exconductor de TV por presunto tráfico de influencias,Ariadna Yaya,https://larepublica.pe/politica/2026/05/20/andres-hurtado-fiscalia-solicita-30-anos-de-prision-contra-exconductor-de-tv-por-presunto-trafico-de-influencias-hnews-1576560,"La Fiscalía también pidió 24 años de cárcel para la suspendida fiscal Elizabeth Peralta, además de millonarias multas e inhabilitación para ejercer cargos públicos. Ambos son investigados por una presunta red de sobornos y favores irregulares.","Andrés Hurtado 'Chibolín', Fiscalía, Elizabeth Peralta"
La República,2026-05-20 12:55:22,"Juntos por el Perú responde a Fuerza Popular: ""Si ellos tienen 100.000, nosotros tendremos 100.001""",Mauricio Muñoz,https://larepublica.pe/politica/2026/05/20/juntos-por-el-peru-responde-a-fuerza-popular-si-ellos-tienen-100000-nosotros-tendremos-100001-hnews-791000,"Ernesto Zunini, vocero de la agrupación que postula a la presidencia a Roberto Sánchez, anunció que reforzarán su equipo de personeros para la segunda vuelta electoral","Juntos Por el Perú, Fuerza Popular"
La República,2026-05-15 11:48:22,La larga lucha de los indígenas de la Amazonía por su supervivencia,Óscar Chumpitaz,https://larepublica.pe/politica/2026/05/15/la-larga-lucha-de-los-indigenas-de-la-amazonia-por-su-supervivencia-comunidades-indigenas-hnews-1097325,"Sin armas de fuego, la Guardia Indígena Kakataibo se enfrenta a mafias del narcotráfico, la tala ilegal e invasores en protección y defensa de la vida, de los territorios y de la Amazonía. ""Las leyes procrimen aprobado por este Congreso allanaron el camino del crimen organizado en la Amazonía, dejando a su paso huérfanos e impunidad"", manifiesta Jorge Pérez, presidente de Aidesep.","comunidades nativas, Ucayali, Narcotráfico, Tala ilegal"
La República,2026-05-18 12:54:00,"Segunda vuelta: los dos sapos que Antauro iguala, por René Gastelumendi",René Gastelumendi,https://larepublica.pe/opinion/2026/05/18/segunda-vuelta-los-dos-sapos-que-antauro-iguala-por-rene-gastelumendi-hnews-1169316,"Los votantes deberán elegir entre legitimidad y autoritarismo, ya que tanto el fujimorismo como la izquierda radical comparten vínculos con el pasado autoritario y corrupción del país.",Elecciones 2026
La República,2026-05-20 15:36:51,Anuncian llegada de Roberto Sánchez a La Libertad: tendrá el mismo recorrido que Keiko Fujimori,Sergio Verde,https://larepublica.pe/politica/2026/05/20/anuncian-llegada-de-roberto-sanchez-a-la-libertad-tendra-el-mismo-recorrido-que-keiko-fujimori-hnews-751060,"El candidato por la izquierda Roberto Sánchez llegará el próximo 23 de mayo a Trujillo y otras provincias, donde mantendrá reuniones con líderes locales, simpatizantes y ciudadanos.","Roberto Sánchez, Juntos Por el Perú, Keiko Fujimori, Fuerza Popular, Debate Presidencial 2026"
La República,2026-05-19 13:39:18,Monseñor Jordi Bertomeu revela más de 140 nuevas víctimas del Sodalicio en los últimos 10 días,Josué Chávez Cardoza,https://larepublica.pe/politica/2026/05/19/monsenor-jordi-bertomeu-sobre-el-sodalicio-tenian-una-estructura-sectaria-habian-abusos-de-todo-tipo-hnews-271833,"Monseñor Jordi Bertomeu se pronunció sobre la supresión del Sodalicio, un grupo religioso suprimido por el papa Francisco debido a denuncias de abusos sexuales y a una estructura sectaria contra menores.","Sodalicio, Vaticano, Rosa María Palacios, Sin guion"
La República,2026-05-19 08:14:11,"Pérez sobre su apoyo a Roberto Sánchez: ""Si eso ayuda a que la señora Fujimori no destruya el país, valió la pena""",Josué Chávez Cardoza,https://larepublica.pe/politica/2026/05/19/jose-domingo-perez-sobre-su-apoyo-a-roberto-sanchez-si-eso-ayuda-a-que-la-senora-fujimori-no-destruya-el-pais-valio-la-pena-hnews-468027,"Durante una entrevista en 'Hildebrandt en sus trece', el exfiscal anticorrupción justificó su apoyo al líder de Juntos por el Perú, Roberto Sánchez.","Roberto Sánchez, José Domingo Pérez, Elecciones 2026, Keiko Fujimori"
La República,2026-05-20 13:46:02,Ejército estaba obligado a “conciliar” con empresa rusa para no perder helicópteros,Ángel Páez,https://larepublica.pe/politica/2026/05/20/ejercito-estaba-obligado-a-conciliar-con-empresa-rusa-para-no-perder-helicopteros-ejercito-peruano-cemae-milenium-veladi-corp-hnews-1384380,"El instituto castrense consideró que la mejor opción era dejar sin efecto la anulación del contrato con Milenium Veladi Corp. y concederle un nuevo plazo de cuatro meses y medio para completar la reparación de tres aeronaves. De este modo, se evitaría que los helicópteros permanecieran sin volar por un tiempo incierto.",Ejército peruano
La República,2026-05-20 13:27:56,Pronabec solicitó S/119 millones para lanzar convocatorias para la Beca 18 y Beca del Bicentenario,Jazmín Bianchi,https://larepublica.pe/politica/2026/05/20/pronabec-solicito-s119-millones-para-lanzar-convocatorias-para-la-beca-18-y-beca-del-bicentenario-hnews-870998,"El director ejecutivo de Pronabec declaró que el presupuesto inicial asignado era ""a todas luces insuficiente"" para garantizar la continuidad de los becarios.",
La República,2026-05-20 13:16:15,Keiko Fujimori busca que personeros de Fuerza Popular filmen el escrutinio durante la segunda vuelta,Ariadna Yaya,https://larepublica.pe/politica/2026/05/20/keiko-fujimori-busca-que-personeros-de-fuerza-popular-filmen-el-escrutinio-durante-la-segunda-vuelta-hnews-283640,"La candidata de Fuerza Popular presentó el programa 'Defensores del Perú', una iniciativa con la que busca desplegar más de 100 mil personeros en todo el país para supervisar las mesas de votación. El partido también envió un pedido formal al JNE y a la ONPE para autorizar la grabación del conteo de votos al cierre de la jornada.","Elecciones 2026, Keiko Fujimori, Fuerza Popular"
La República,2026-05-20 12:10:43,"Fiorella Molinelli: ""Susana Higuchi y Kenji me dijeron que Keiko Fujimori es una persona mala""",Mauricio Muñoz,https://larepublica.pe/politica/2026/05/20/fiorella-molinelli-susana-higuchi-y-kenji-me-dijeron-que-keiko-fujimori-es-una-persona-mala-hnews-1150180,La excandidata presidencial de Fuerza y Libertad recordó un episodio en el que la candidata de Fuerza Popular fue catalogada negativamente por sus propios familiares. Señaló que no endosará ninguna de las dos candidaturas en segunda vuelta.,"Fiorella Molinelli, Susana Higuchi, Kenji Fujimori, Keiko Fujimori"
La República,2026-05-20 09:45:42,Empresas pesqueras acumulan 99 sanciones por operar en la Reserva Nacional de Paracas,Adrián Sarria Muñoz,https://larepublica.pe/politica/2026/05/20/empresas-pesqueras-acumulan-99-sanciones-por-operar-en-la-reserva-nacional-de-paracas-hnews-937020,"Mientras el Congreso posterga el debate de una ley para prohibir definitivamente la pesca industrial en áreas naturales protegidas, el Ministerio de la Producción ha emitido 99 sanciones contra 11 empresas por actividades extractivas en la Reserva Nacional de Paracas, la mayoría vinculadas con la Sociedad Nacional de Pesquería (SNP).","Pesca, Reserva Nacional de Paracas, Ministerio de la Producción, Sociedad Nacional de Pesquería, Fujimorismo, Keiko Fujimori, Congreso del Perú"
La República,2026-05-19 22:49:14,Comisarías se caen a pedazos por antigüedad de las infraestructuras,Óscar Chumpitaz,https://larepublica.pe/politica/2026/05/19/comisarias-se-caen-a-pedazos-por-antiguedad-de-las-infraestructuras-policia-nacional-hnews-1747335,"Parte del techo de la Jefatura Policial de Cañete se desplomó y dejó dos suboficiales heridos. La comisaría de Mala fue declarada inhabitable desde el 2020 y ahora funciona en un hotel alquilado. El año pasado, la Contraloría supervisó 485 dependencias y encontró 2.582 situaciones adversas. El deterioro pone en riesgo la integridad del personal policial y de los ciudadanos.","Policía Nacional del Perú, Investigación, Ministerio del Interior, Contraloría General de la República"
La República,2026-05-19 09:47:41,Poder Judicial evaluará el 26 de junio demanda de amparo de Renzo Reggiardo contra el JNE,Josué Chávez Cardoza,https://larepublica.pe/politica/2026/05/19/poder-judicial-evaluara-el-26-de-junio-demanda-de-amparo-de-renzo-reggiardo-contra-el-jne-hnews-1052182,"La demanda se evaluará 19 días después de las elecciones entre Keiko Fujimori y Roberto Sánchez. Para ese entonces, tal como ocurrió en comicios anteriores, ya se sabrá quién ganó la segunda vuelta. No obstante, el JNE tiene 10 días para brindar sus descargos ante el Poder Judicial. La admisión a trámite del amparo no significa darle la razón a la MML; la resolución indica que solo se cumplió con los requisitos de forma.","Renzo Reggiardo, Elecciones 2026, JNE"
La República,2026-05-19 10:44:33,Contralor César Aguilar es trasladado de emergencia al Hospital Regional de Ayacucho: sufrió una descompensación,Josué Chávez Cardoza,https://larepublica.pe/politica/2026/05/19/contralor-cesar-aguilar-es-trasladado-de-emergencia-al-hospital-regional-de-ayacucho-sufrio-una-descompensacion-hnews-1225994,"El incidente sucedió después de que Aguilar Surichaqui ofreció entrevistas a medios locales en Ayacucho. Inicialmente, fue atendido en la Clínica El Nazareno, pero debido a su delicado estado de salud, una ambulancia del SAMU lo llevó al Hospital Regional de Ayacucho.","Contraloría General de la República, Ayacucho"
La República,2026-05-19 12:16:46,"Roberto Burneo sobre las elecciones 2026: ""Con o sin problemas logísticos, el resultado iba a ser el mismo""",Josué Chávez Cardoza,https://larepublica.pe/politica/2026/05/19/roberto-burneo-sobre-las-elecciones-2026-con-o-sin-problemas-logisticos-el-resultado-iba-a-ser-el-mismo-hnews-1746803,"El presidente del Jurado Nacional de Elecciones, Roberto Burneo, aseguró que las fallas logísticas de la ONPE no alteraron los resultados de la primera vuelta presidencial. Durante una entrevista, Burneo destacó que las demoras en la entrega del material electoral tuvieron un impacto ""leve"".","Roberto Burneo, Elecciones 2026, Keiko Fujimori, Roberto Sánchez, JNE"
La República,2026-05-20 04:26:00,El 90% de los usuarios de gas natural viven en Lima. El resto del país lleva más de 20 años esperando,Alejandro Céspedes García,https://larepublica.pe/politica/2026/05/20/el-90-de-los-usuarios-de-gas-natural-viven-en-lima-el-resto-del-pais-lleva-mas-de-20-anos-esperando-hnews-1289106,"Un error del Congreso condenó la masificación a dos décadas en lugar de cinco. Mientras tanto, millones de familias fuera de la capital siguen pagando el balón de gas a precio de mercado.",
La República,2026-05-19 21:49:38,Rafael López Aliaga: Fiscalía inicia investigaciones preliminares contra exalcalde por endeudamiento de la Municipalidad de Lima,Mauricio Muñoz,https://larepublica.pe/politica/2026/05/19/rafael-lopez-aliaga-fiscalia-inicia-investigaciones-preliminares-contra-exalcalde-por-endeudamiento-de-la-municipalidad-de-lima-hnews-635740,"La investigación, ordenada por la fiscal anticorrupción Janny Sánchez, se centra en un millonario endeudamiento que supera los S/4.000 millones durante su gestión municipal.","Rafael López Aliaga, Municipalidad de Lima"
La República,2026-05-19 19:07:58,"Ministra de Educación sobre protesta en San Marcos: ""No vamos a permitir que pongan en riesgo su integridad física""",Jazmín Bianchi,https://larepublica.pe/politica/2026/05/19/ministra-de-educacion-sobre-protesta-en-san-marcos-no-vamos-a-permitir-que-pongan-en-riesgo-su-integridad-fisica-hnews-525654,"María Cuadros, titular del Minedu, se presentó ante la Comisión de Educación para responder por la crisis universitaria en San Marcos y la Universidad Nacional de Jaén.","UNMSM, Universidad Nacional Mayor de San Marcos, Ministerio de Educación"
La República,2026-05-19 19:59:12,"Keiko Fujimori y Roberto Sánchez debatirán el domingo 31 de mayo sobre seguridad ciudadana, educación, salud y economía",Carlos Villacorta,https://larepublica.pe/politica/2026/05/19/keiko-fujimori-y-roberto-sanchez-debatiran-sobre-seguridad-ciudadana-educacion-salud-y-economia-686223,"El evento se realizará en el Centro de Convenciones de Lima a las 8.00 p. m. Keiko Fujimori y Roberto Sánchez, candidatos presidenciales, tendrán tres minutos para exponer sus propuestas.","Debate presidencial, Keiko Fujimori, Roberto Sánchez"
La República,2026-05-19 15:56:44,Keiko Fujimori presenta a Luis Dyer como jefe del equipo de personeros de Fuerza Popular,Mauricio Muñoz,https://larepublica.pe/politica/2026/05/19/keiko-fujimori-presenta-a-luis-dyer-como-jefe-del-equipo-de-personeros-de-fuerza-popular-hnews-659547,El nuevo jefe del equipo de personeros de Fuerza Popular señaló que esperan contar con 100.000 voceros para la segunda vuelta electoral.,Keiko Fujimori
La República,2026-05-19 16:04:14,Jefe del Ejército “reactiva” contrato anulado para que rusos reparen helicópteros,Ángel Páez,https://larepublica.pe/politica/2026/05/19/jefe-del-ejercito-reactiva-contrato-anulado-para-que-rusos-reparen-helicopteros-milenium-veladi-corp-hnews-1700652,"Conflicto de intereses. Pese a que la empresa Milenium Veladi Corp. incumplió con la rehabilitación de tres aeronaves, el general Oswaldo Calle Talledo ordenó que se le otorgara un nuevo plazo. Por cierto, la Fiscalía Anticorrupción investiga al general Calle por contratar sin licitación a Milenium Veladi Corp. en 2023.",Ejército peruano
La República,2026-05-19 18:15:18,"PPK confirma que votará por Keiko Fujimori: ""Yo creo que apoyar no es sumar votos""",Mauricio Muñoz,https://larepublica.pe/politica/2026/05/19/ppk-confirma-que-votara-por-keiko-fujimori-yo-creo-que-apoyar-no-es-sumar-votos-hnews-1763656,El expresidente aseguró que no tiene confianza en el entorno de Roberto Sánchez.,"Keiko Fujimori, PPK, Elecciones 2026"
La República,2026-05-18 21:13:54,"Ahora Nación rechaza apoyar a Keiko y condiciona respaldo a Sánchez: ""Ni fujimorismo, ni cogobierno""",Jazmín Bianchi,https://larepublica.pe/politica/2026/05/18/ahora-nacion-rechaza-apoyar-a-keiko-y-condiciona-respaldo-a-sanchez-ni-fujimorismo-ni-cogobierno-hnews-572472,"Ahora Nación calificó a Fuerza Popular como ""amenaza directa a la democracia"" y exige a Roberto Sánchez ""compromisos públicos y sinceros"". Por su parte, Ronald Atencio, líder de Venceremos, respaldó al candidato de Juntos por el Perú ""sin ningún tipo de condicionamientos"".",
La República,2026-05-18 10:09:31,Rusia exige al Perú contratar a su socia panameña para que repare helicópteros,Ángel Páez,https://larepublica.pe/politica/2026/05/18/rusia-exige-al-peru-exclusividad-para-repotenciar-su-flota-de-helicopteros-mi-ejercito-peruano-hnews-826110,"Controversia. La firma rusa Compañía Nacional de Servicios de Aviación (NASC) comunicó al Ministerio de Defensa que su representante oficial en nuestro país es Milenium Veladi Corp., la misma empresa panameña que ha incumplido con la reparación de tres helicópteros Mi del Ejército por US$20,3 millones.",Ejército peruano
La República,2026-05-19 13:00:40,JNE confirma sanción por más de S/176 mil contra Juntos por el Perú por financiamiento irregular en la campaña de 2021,Jazmín Bianchi,https://larepublica.pe/politica/2026/05/19/jne-confirma-sancion-por-mas-de-s176-mil-contra-juntos-por-el-peru-por-financiamiento-irregular-en-la-campana-de-2021-hnews-1724687,Esta medida sancionatoria fue dictada inicialmente por la jefatura de la Oficina Nacional de Procesos Electorales (ONPE) tras detectar 17 aportes sospechosos.,"JNE, Juntos Por el Perú"
La República,2026-05-19 14:27:39,Elecciones 2026: estudio de Stanford señala que demoras en instalación de mesas en Lima no afectaron resultados electorales,Mauricio Muñoz,https://larepublica.pe/politica/2026/05/19/elecciones-2026-estudio-de-stanford-senala-que-demoras-en-instalacion-de-mesas-en-lima-no-afectaron-resultados-electorales-hnews-1292760,"Otro golpe a la narrativa de un supuesto fraude electoral. El estudio concluyó que, de no haber existido aperturas tardías extraordinarias, la diferencia final entre Rafael López Aliaga y Roberto Sánchez habría sido de entre 15.510 y 16.210 votos a favor del candidato de Juntos por el Perú.",Elecciones 2026
La República,2026-05-19 11:05:24,JNE lanza campaña para que la ciudadanía formule preguntas a Keiko Fujimori y Roberto Sánchez en el Debate Presidencial 2026,Jazmín Bianchi,https://larepublica.pe/politica/2026/05/19/jne-lanza-campana-para-que-la-ciudadania-formule-preguntas-a-keiko-fujimori-y-roberto-sanchez-en-el-debate-presidencial-2026-hnews-346617,El Jurado Nacional de Elecciones recopilará las consultas de la ciudadanía entre el 20 y el 22 de mayo de cara al debate presidencial del 31 de este mes.,"Keiko Fujimori, Roberto Sánchez, Debate Presidencial 2026, JNE"
La República,2026-05-19 03:00:00,"""Tenemos reservas de gas solo para 10 años"", advierten expertos reunidos por La República. Problemática que los candidatos no quieren ver",Alejandro Céspedes García,https://larepublica.pe/politica/2026/05/19/tenemos-gas-para-10-anos-el-reloj-que-los-candidatos-no-quieren-ver-hnews-883350,"CUENTA REGRESIVA. Tres especialistas en asuntos energéticos relacionados con proyectos de gasificación advierten que el siguiente gobierno heredará reservas solo para 10 años, además de exploraciones paralizadas y un contrato de exportación que vence al arrancar su mandato. Mientras eso ocurre, ningún candidato presidencial trata asuntos que deberían ser prioritarios en la agenda nacional.",
La República,2026-05-18 08:09:00,"Cardenal Carlos Castillo a la PUCP: ""Nuestra universidad debe evitar cualquier tipo de represalias""",Josué Chávez Cardoza,https://larepublica.pe/politica/2026/05/18/cardenal-carlos-castillo-a-la-pucp-nuestra-universidad-debe-evitar-cualquier-tipo-de-represalias-hnews-243252,"A través de una carta, el gran canciller Carlos Castillo se dirigió a la comunidad universitaria de la PUCP. En la misiva, instó a las autoridades de la casa de estudios a promover el diálogo basado en la transparencia.","PUCP, Universitarios, Protestas"
La República,2026-05-18 16:51:43,"Comité de expertos del JNE es integrado por exministra de PPK, exmilitante del Partido Morado y 3 extranjeros",Josué Chávez Cardoza,https://larepublica.pe/politica/2026/05/18/comite-de-expertos-del-jne-es-integrado-por-exministra-de-ppk-exmilitante-del-partido-morado-y-3-extranjeros-hnews-1349892,"Entre los miembros del grupo de trabajo anunciado por el JNE destacan Lieneke María Schol, exministra de Producción en 2018, y Pedro Alfredo Astudillo, exmilitante del Partido Morado entre 2020 y 2021.","JNE, Elecciones 2026"
La República,2026-05-18 09:38:38,Tribunal Constitucional incorpora a Delia Espinoza en demanda competencial de la JNJ contra el Poder Judicial,Josué Chávez Cardoza,https://larepublica.pe/politica/2026/05/18/tribunal-constitucional-incorpora-a-delia-espinoza-en-demanda-competencial-de-la-jnj-contra-el-poder-judicial-hnews-1360260,"En noviembre pasado, la JNJ presentó un recurso para frenar la incorporación de Delia Espinoza como fiscal de la Nación y la demanda de IDL contra los consejos de la institución. El TC decidió incorporar a Espinoza en su calidad de tercero con interés en el resultado del proceso.","Delia Espinoza, Junta Nacional de Justicia, Poder Judicial, Tribunal Constitucional"
La República,2026-05-18 12:55:29,ONPE destinará más de S/10 millones de franja electoral a Fuerza Popular y Juntos por el Perú para la segunda vuelta,Josué Chávez Cardoza,https://larepublica.pe/politica/2026/05/18/onpe-destinara-mas-de-s10-millones-de-franja-electoral-a-fuerza-popular-y-juntos-por-el-peru-para-la-segunda-vuelta-hnews-811350,"El monto destinado a publicidad se dividirá entre redes sociales, TV y radio. En total, los partidos de Keiko Fujimori y Roberto Sánchez recibirán S/5.216.704,50 cada uno.","ONPE, Roberto Sánchez, Juntos Por el Perú, Fuerza Popular, Keiko Fujimori, Elecciones 2026"
La República,2026-05-18 11:46:06,"Jorge Nieto sobre apoyo a Roberto Sánchez o Keiko Fujimori: ""También tenemos la opción de viciar el voto""",Josué Chávez Cardoza,https://larepublica.pe/politica/2026/05/18/jorge-nieto-sobre-apoyo-a-roberto-sanchez-o-keiko-fujimori-tambien-tenemos-la-opcion-de-viciar-el-voto-hnews-1258416,El excandidato presidencial de Buen Gobierno aseguró que este lunes 18 tomarán una decisión en el partido de cara a la segunda vuelta presidencial.,"Jorge Nieto, Jorge Nieto Montesinos, Keiko Fujimori, Roberto Sánchez, Pedro Castillo"
La República,2026-05-18 22:59:18,Ministro de Justicia recuerda que Pedro Castillo debe subsanar observaciones a su pedido de gracia,Narda Saavedra,https://larepublica.pe/politica/2026/05/18/ministro-de-justicia-recuerda-que-pedro-castillo-debe-subsanar-observaciones-a-su-pedido-de-gracia-hnews-1527714,El 30 de abril se declaró inadmisible un pedido de gracia presentado por el expresidente. Aún está dentro del plazo para subsanar las observaciones.,Pedro Castillo
La República,2026-05-18 21:44:24,Fuerza Popular y Renovación Popular no registraron candidatos en centro y sur para las elecciones regionales,Carlos Villacorta,https://larepublica.pe/politica/2026/05/18/elecciones-regionales-y-municipales-2026-fuerza-popular-y-renovacion-popular-no-registraron-candidatos-en-regiones-del-centro-y-sur-hnews-1624518,"El partido de Keiko Fujimori no tiene presencia electoral en 11 regiones, mientras que Rafael López Aliaga no compite en seis departamentos. En tanto, la agrupación de Belmont pierde la inscripción por no alcanzar las listas exigidas por la ley.","Elecciones Regionales y Municipales 2026, Fuerza Popular, Renovación Popular"
La República,2026-05-18 21:13:53,PPK aclara que no respalda a Keiko Fujimori y Rafael López Aliaga le quita endose de votos a Fuerza Popular,Diego Alva,https://larepublica.pe/politica/2026/05/18/segunda-vuelta-ppk-aclara-que-no-respalda-a-keiko-fujimori-y-rafael-lopez-aliaga-le-quita-endose-de-votos-a-fuerza-popular-hnews-649566,"CONFRONTADA. Candidata de Fuerza Popular quiso poner paños fríos a disputa con López Aliaga y dijo que no “se pelearía”. En entrevista con La República, el expresidente Pedro Pablo Kuczynski dijo que prefiere creer que las disculpas de Fujimori fueron sinceras.",
La República,2026-05-18 21:05:31,"RLA descarta diálogo con Keiko Fujimori, pero ella no retrocede: ""Las puertas del partido están abiertas""",Narda Saavedra,https://larepublica.pe/politica/2026/05/18/rafael-lopez-aliaga-descarta-dialogo-con-keiko-fujimori-pero-ella-no-retrocede-las-puertas-del-partido-estan-abiertas-hnews-1508670,"“Respeto la postura de RLA, pero en el momento en que él quiera dialogar, las puertas del partido siempre estarán abiertas”, dijo a la prensa.","Keiko Fujimori, Rafael López Aliaga"
La República,2026-05-18 15:26:55,Rafael López Aliaga rechaza votar y reunirse con Keiko Fujimori: “Yo no tengo nada que hablar”,Narda Saavedra,https://larepublica.pe/politica/2026/05/18/rafael-lopez-aliaga-rechaza-votar-y-reunirse-con-keiko-fujimori-yo-no-tengo-nada-que-hablar-hnews-990324,Rafael López Aliaga descartó respaldar a Keiko Fujimori en la segunda vuelta presidencial porque considera que las supuestas irregularidades de las mesas 900 han beneficiado tanto a ella como a Roberto Sánchez.,Rafael López Aliaga
La República,2026-05-18 19:42:23,Comisión de Educación cita a ministra del Minedu por la toma de San Marcos y falta de presupuesto en Pronabec,Jazmín Bianchi,https://larepublica.pe/politica/2026/05/18/comision-de-educacion-cita-a-ministra-del-minedu-por-la-toma-de-san-marcos-y-falta-de-presupuesto-en-pronabec-hnews-1120068,"La titular de Educación, María Cuadros, también deberá responder por la protesta en la Universidad Nacional de Jaén, que permanece tomada desde hace más de cinco días.",
La República,2026-05-18 19:23:53,JNJ publica que 7 postulantes son declarados aptos para ocupar el cargo de jefe de ONPE en reemplazo de Piero Corvetto,Carlos Villacorta,https://larepublica.pe/politica/2026/05/18/jnj-publica-que-7-postulantes-son-declarados-aptos-para-ocupar-el-cargo-de-jefe-de-onpe-en-reemplazo-de-piero-corvetto-hnews-310050,Los postulantes pasarán por una evaluación de conocimientos este jueves 21 de mayo. El Pleno de la Junta Nacional de Justicia también revisará sus investigaciones.,"Junta Nacional de Justicia, ONPE, Elecciones 2026"
La República,2026-05-18 17:58:55,"Roberto Sánchez concentra votos en zonas de minería ilegal, mientras Keiko Fujimori lidera en áreas de tala ilegal",Ariadna Yaya,https://larepublica.pe/politica/2026/05/18/roberto-sanchez-concentra-votos-en-zonas-de-mineria-ilegal-mientras-keiko-fujimori-lidera-en-areas-de-tala-ilegal-segunda-vuelta-elecciones-2026-hnews-1063764,"El mapa electoral de provincias vinculadas al oro ilegal, narcotráfico, contrabando y tráfico de madera muestra coincidencias con las votaciones obtenidas por Roberto Sánchez y Keiko Fujimori. Ambos políticos, además, respaldaron desde el Congreso iniciativas cuestionadas por favorecer actividades extractivas informales y debilitar controles ambientales.","Roberto Sánchez, Keiko Fujimori, Elecciones 2026"
La República,2026-05-18 18:39:37,Roberto Sánchez suma al excanciller Rodríguez Cuadros a su equipo técnico,Narda Saavedra,https://larepublica.pe/politica/2026/05/18/roberto-sanchez-suma-al-excanciller-rodriguez-cuadros-a-su-equipo-tecnico-hnews-861372,El candidato de Juntos por el Perú comentó que en los próximos días presentará oficialmente a su equipo técnico. Detalló que elaborarán el plan de gobierno de los primeros 100 días y los proyectos de ley para el primer año de gestión.,Roberto Sánchez
La República,2026-05-18 18:26:14,Perú entre los países más hostiles para ejercer el periodismo en América Latina,Daniela Orellana,https://larepublica.pe/politica/2026/05/18/peru-entre-los-paises-mas-hostiles-para-ejercer-el-periodismo-en-america-latina-1772100,"El informe ""Cartografía del Silencio"" revela que más de la mitad de los ataques contra la prensa provienen de actores estatales. La violencia se focaliza en regiones, donde la impunidad prevalece en casos de agresiones.","Colegio de Periodistas del Perú, América latina"
La República,2026-05-18 17:40:24,Sánchez anuncia a Pedro Francke como jefe de su equipo económico y garantiza aumentar el sueldo mínimo a S/ 1.500,Carlos Villacorta,https://larepublica.pe/politica/2026/05/18/pedro-sanchez-anuncia-a-pedro-francke-como-jefe-de-su-equipo-economico-y-garantiza-aumentar-el-sueldo-minimo-a-s-1500-623304,El candidato de Juntos por el Perú nombró al exministro de Pedro Castillo como coordinador de su equipo económico para su plan de gobierno.,"Roberto Sánchez, Pedro Francke"
La República,2026-05-18 14:41:18,Elecciones 2026: Misión de la UE desplegará 150 observadores para supervisar la segunda vuelta presidencial,Jazmín Bianchi,https://larepublica.pe/politica/2026/05/18/elecciones-2026-mision-de-la-ue-inicio-el-despliegue-de-50-observadores-para-supervisar-la-segunda-vuelta-presidencial-hnews-334170,Los hallazgos preliminares de la jornada electoral se darán a conocer el 9 de junio por medio de una conferencia de prensa en Lima.,"Elecciones 2026, Unión Europea, segunda vuelta electoral"
La República,2026-05-18 12:25:06,"Rafael López Aliaga confirma que no asumirá como senador: su reemplazo sería Absalón Vásquez, exministro de Fujimori",Ariadna Yaya,https://larepublica.pe/politica/2026/05/18/rafael-lopez-aliaga-confirma-que-no-asumira-como-senador-su-reemplazo-seria-absalon-vasquez-exministro-de-fujimori-hnews-1134630,"El líder de Renovación Popular aseguró que no jurará como senador en el próximo Congreso pese a haber sido elegido en las Elecciones 2026. Su accesitario sería Absalón Vásquez, exministro del régimen de Alberto Fujimori condenado por corrupción y con una millonaria deuda de reparación civil pendiente con el Estado.","Rafael López Aliaga, Elecciones 2026"
La República,2026-05-18 10:59:17,"PPK sobre disculpas de Keiko Fujimori: ""Yo quiero creer (...) Mi familia ha sufrido mucho""",Ariadna Yaya,https://larepublica.pe/politica/2026/05/18/ppk-sobre-disculpas-de-keiko-fujimori-yo-quiero-creer-mi-familia-ha-sufrido-mucho-hnews-954342,El expresidente Pedro Pablo Kuczynski reveló que Keiko Fujimori le pidió disculpas durante una reunión coordinada por un congresista. PPK afirmó que decidió perdonarla y aseguró que guardar rencor 'no es bueno' tras los años de enfrentamiento político y judicial.,"PPK, Keiko Fujimori"
La República,2026-05-18 14:23:29,Debate presidencial entre Keiko Fujimori y Roberto Sánchez será el 31 de mayo,Narda Saavedra,https://larepublica.pe/politica/2026/05/18/debate-presidencial-entre-keiko-fujimori-y-roberto-sanchez-sera-el-31-de-mayo-hnews-437346,Roberto Burneo informó que se desarrollarán dos debates: uno técnico el 24 de mayo y uno presidencial el 31 de mayo.,"Keiko Fujimori, Roberto Burneo"
La República,2026-05-18 13:49:17,"Ronald Atencio ratifica su rechazo a Keiko Fujimori: ""Ella mantuvo a Dina Boluarte y a Jerí en el poder""",Narda Saavedra,https://larepublica.pe/politica/2026/05/18/ronald-atencio-ratifica-su-rechazo-a-keiko-fujimori-ella-mantuvo-a-dina-boluarte-y-a-jose-jeri-en-el-poder-hnews-323064,"El excandidato presidencial de la alianza Venceremos explicó que la crisis que atraviesa el país está vinculada a Keiko Fujimori porque ella ""cogobierna"" junto al Congreso.","Keiko Fujimori, Fuerza Popular"
La República,2026-05-18 09:27:15,Funcionarios del JNE y Reniec participaron en fiesta de más de S/25 mil antes de las Elecciones 2026,Ariadna Yaya,https://larepublica.pe/politica/2026/05/18/funcionarios-del-jne-onpe-y-reniec-participaron-en-fiesta-de-mas-de-s25-mil-antes-de-las-elecciones-2026-hnews-1554084,"Un reportaje de Panorama reveló que altos funcionarios del sistema electoral asistieron a una recepción privada junto a observadores internacionales tres días antes de la primera vuelta. El evento incluyó show criollo, exhibición de caballos de paso y servicio de alimentación para cerca de 100 invitados.","JNE, ONPE, Reniec, Elecciones 2026"
La República,2026-05-17 21:21:56,"Roberto Sánchez llama ""presidente pelele"" a Balcázar: ""La que gobierna es la señora Fujimori""",Narda Saavedra,https://larepublica.pe/politica/2026/05/17/roberto-sanchez-llama-presidente-pelele-a-balcazar-la-que-gobierna-es-la-senora-fujimori-hnews-906627,"El candidato presidencial mencionó que, en la compra de aviones F-16, el fujimorismo impuso su decisión sobre la del jefe de Estado. Esto debido a que Balcázar quiso postergar la adquisición hasta el siguiente gobierno, sin embargo, el fujimorista Rospigliosi, presidente del Congreso, anunció que se efectuó el pago a Estados Unidos.","Roberto Sánchez, Keiko Fujimori, José María Balcázar"
La República,2026-05-17 09:54:56,"Norma Yarrow: ""Vamos a presentar la solicitud de nulidad ante el JNE, la Fiscalía y el Tribunal Constitucional""",Mauricio Muñoz,https://larepublica.pe/politica/2026/05/17/norma-yarrow-vamos-a-presentar-la-solicitud-de-nulidad-ante-el-jne-la-fiscalia-y-el-tribunal-constitucional-hnews-1285217,"Renovación Popular, liderada por Rafael López Aliaga, busca anular las elecciones tras el anuncio del JNE sobre la segunda vuelta entre Keiko Fujimori y Roberto Sánchez.","Norma Yarrow, Elecciones 2026, JNE, Fiscalía, Tribunal Constitucional"
La República,2026-05-10 15:48:20,Cuánto se paga de multa por no votar en la segunda vuelta de las Elecciones Perú 2026,Josué Chávez Cardoza,https://larepublica.pe/politica/2026/05/10/multa-por-no-votar-en-la-segunda-vuelta-presidencial-revisa-cuanto-pagaras-si-faltas-el-7-de-junio-hnews-578620,"El monto de las multas por no sufragar varía según la clasificación del distrito de cara a la segunda vuelta presidencial. En distritos no pobres se paga S/110, en pobres no extremos S/55 y en pobreza extrema S/27,50.","Elecciones 2026, ONPE, JNE"
La República,2026-05-17 16:16:56,Así será la cédula de votación para la segunda vuelta entre Keiko Fujimori y Roberto Sánchez,Narda Saavedra,https://larepublica.pe/politica/2026/05/17/elecciones-2026-asi-sera-la-cedula-de-votacion-para-la-segunda-vuelta-entre-keiko-fujimori-y-roberto-sanchez-hnews-648295,"A diferencia del 12 de abril, esta vez la cédula será de menor tamaño: 21 cm de ancho y 15 de alto. Se trata de 27 millones de cédulas de sufragio.","JNE, Keiko Fujimori, Roberto Sánchez, Elecciones 2026"
La República,2026-05-17 11:53:14,"Norma Yarrow sobre vacancia a Roberto Sánchez si es elegido presidente: ""A la izquierda no le voy a dar tregua""",Mauricio Muñoz,https://larepublica.pe/politica/2026/05/17/norma-yarrow-sobre-vacancia-a-roberto-sanchez-si-es-elegido-presidente-a-la-izquierda-no-le-voy-a-dar-tregua-1539826,"Figura de Renovación Popular ya abre la posibilidad de vacar a Roberto Sánchez, pese a que aún no es presidente. Sánchez respondió a Yarrow, calificando su declaración de antidemocrática.","Norma Yarrow, Roberto Sánchez"
La República,2026-05-18 07:53:49,ONPE confirma que miembros de mesa del 12 de abril serán los mismos para la segunda vuelta,Ariadna Yaya,https://larepublica.pe/politica/2026/05/18/elecciones-2026-onpe-confirma-que-miembros-de-mesa-del-12-de-abril-seran-los-mismos-en-la-segunda-vuelta-hnews-205938,La entidad electoral también dispuso que las excusas y justificaciones aprobadas durante las Elecciones Generales 2026 mantendrán su validez para la jornada del 7 de junio.,"ONPE, Elecciones 2026, Miembros de mesa"
La República,2026-05-17 02:00:00,"Lourdes Flores Nano: “Creo que con sus actitudes, López Aliaga ha dejado de ser convocante”",Emilio Camacho,https://larepublica.pe/politica/2026/05/17/lourdes-flores-nano-creo-que-con-sus-actitudes-lopez-aliaga-ha-dejado-de-ser-convocante-hnews-1119348,"Como personera legal del PPC, Lourdes Flores Nano fue parte de un esfuerzo amplio por consolidar una alianza de centroderecha. Su trabajo no prosperó, pero eso le dio la oportunidad de entablar diálogo con distintos voceros de ese sector. Desde esa perspectiva, habla en esta entrevista de cómo ve a los actores que han llegado al balotaje y a otras figuras que destacaron en la primera vuelta.","Lourdes Flores, PPC, Rafael López Aliaga, Keiko Fujimori, Roberto Sánchez"
La República,2026-05-18 07:39:48,"Keiko Fujimori gobernó junto a Vizcarra, hasta que llegaron los CNM audios",Política LR,https://larepublica.pe/politica/2026/05/18/keiko-fujimori-goberno-junto-a-vizcarra-hasta-que-llegaron-los-cnm-audios-curwen-1591668,"Con autorización del Grupo Editorial Penguin Random House publicamos un extracto del nuevo libro de Víctor “Curwen” Caballero: 'Señora K, la ofensiva final'. En este libro —su segunda entrega sobre Fuerza Popular—, Víctor Caballero retoma y actualiza el relato sobre el auge, la caída y la reinvención del fujimorismo que inició con Mototaxi. Un documento imprescindible para comprender cómo se mueven los hilos detrás de un movimiento que ha sido actor protagónico en la historia peruana a lo largo de más de 30 años y que, más allá de los resultados electorales, se reafirma como la fuerza política más poderosa del país.","Curwen, Keiko Fujimori, Martín Vizcarra"
La República,2026-05-18 07:20:05,"“Entre el fujimorismo y sus crímenes, busco la posibilidad de vivir en democracia”",Política LR,https://larepublica.pe/politica/2026/05/18/jose-domingo-perez-entre-el-fujimorismo-y-sus-crimenes-busco-la-posibilidad-de-vivir-en-democracia-hnews-1140822,"En 'Sin Guion', en el streaming de La República, el abogado José Domingo Pérez explica los motivos de su salto de la fiscalía a la defensa del expresidente Pedro Castillo y a la vocería del partido de Roberto Sánchez, tras su no ratificación en el Ministerio Público. “No puedo ser indiferente al momento histórico del país”, remarca.","José Domingo Pérez, Rosa María Palacios, Fuerza Popular, Keiko Fujimori, Roberto Sánchez, Juntos Por el Perú"
La República,2026-05-17 08:49:48,"Roberto Burneo: ""No existieron elementos que sustentaran la nulidad del proceso, ni las elecciones complementarias""",Josué Chávez Cardoza,https://larepublica.pe/politica/2026/05/17/roberto-burneo-no-existieron-elementos-que-sustentaran-la-nulidad-del-proceso-ni-las-elecciones-complementarias-hnews-1354458,"El presidente del JNE precisó que los pedidos presentados por Renovación Popular no tuvieron sustento legal. Además, aseguró que las decisiones que tomó la institución fueron en respeto al voto ciudadano.","Roberto Burneo, JNE, Elecciones 2026"
La República,2026-05-17 09:34:20,"Roberto Burneo: ""Pueden formular todos los recursos, pero el JNE es el que define""",Josué Chávez Cardoza,https://larepublica.pe/politica/2026/05/17/roberto-burneo-pueden-formular-todos-los-recursos-pero-el-jne-es-el-que-define-hnews-1305872,"El presidente del JNE indicó que los pedidos que presentó Renovación Popular ya fueron resueltos por la máxima autoridad electoral. ""Esa es nuestra competencia"", afirmó.","Roberto Burneo, Norma Yarrow, Renovación Popular, Elecciones 2026"
La República,2026-05-17 12:31:28,OEA saluda proclamación de resultados de Keiko Fujimori y Robert Sánchez: invoca a dejar confrontaciones y amenazas,Josué Chávez Cardoza,https://larepublica.pe/politica/2026/05/17/oea-saluda-proclamacion-de-resultados-de-keiko-fujimori-y-robert-sanchez-invoca-a-dejar-confrontaciones-y-amenazas-hnews-1441838,El ente internacional reconoció el trabajo de las instituciones electorales y de la ciudadanía por su participación en los comicios. La OEA instó a Fujimori y Sánchez a dejar de lado los enfrentamientos y los discursos que generen división.,"OEA, JNE, Roberto Sánchez, Keiko Fujimori"
La República,2026-05-17 13:37:54,"Rosa María sobre la baja votación de Fujimori y Sánchez: ""Nunca hemos tenido dos ganadores tan perdedores""",Josué Chávez Cardoza,https://larepublica.pe/politica/2026/05/17/rosa-maria-palacios-sobre-la-baja-votacion-de-fujimori-y-sanchez-nunca-hemos-tenido-dos-ganadores-tan-perdedores-hnews-663765,"La periodista analizó el escaso resultado que sacaron los candidatos presidenciales de Juntos por el Perú y Fuerza Popular. Asimismo, aseguró que falta una reforma en el Congreso debido a la poca representatividad.","Rosa María Palacios, Keiko Fujimori, Roberto Sánchez"
La República,2026-05-17 08:40:54,JNE proclama oficialmente los resultados de las Elecciones 2026: Fujimori y Sánchez pasan a segunda vuelta,Josué Chávez Cardoza,https://larepublica.pe/politica/2026/05/17/jne-anuncia-oficialmente-que-keiko-fujimori-y-roberto-sanchez-pasan-a-segunda-vuelta-presidencial-hnews-1002847,"Durante una ceremonia oficial, el Pleno del JNE informó que ningún candidato obtuvo más del 50% de votos en la primera vuelta. Por ese motivo, el 7 de junio se llevarán a cabo las elecciones por la Presidencia.","Keiko Fujimori, Fuerza Popular, Roberto Sánchez, Juntos Por el Perú, JNE, Elecciones 2026"
La República,2026-05-17 14:00:05,Elecciones 2026: Keiko Fujimori retoma narrativa de fraude de 2021 tras quedar frente a Roberto Sánchez,Narda Saavedra,https://larepublica.pe/politica/2026/05/17/fuerza-popular-keiko-fujimori-insiste-en-que-hubo-irregularidades-en-las-elecciones-del-2021-hnews-1561008,"La lideresa de Fuerza Popular también mencionó que hubo ""irregularidades"" en el proceso de este año y aspira a tener un personero en cada mesa de sufragio para la segunda vuelta.","Keiko Fujimori, Fuerza Popular"
La República,2026-05-17 20:29:41,Roberto Burneo rechaza auditoría internacional y anuncia comité de expertos para la segunda vuelta,Narda Saavedra,https://larepublica.pe/politica/2026/05/17/roberto-burneo-rechaza-auditoria-internacional-y-anuncia-comite-de-expertos-para-la-segunda-vuelta-hnews-556206,"El grupo de trabajo tiene por objetivo 'verificar, evaluar y fortalecer los procesos y herramientas utilizadas durante la elección'.","Roberto Burneo, JNE, ONPE"
La República,2026-05-17 17:30:00,Abuso policial: Solo en abril hubo 177 quejas y denuncias por inconductas indebidas,Óscar Chumpitaz,https://larepublica.pe/politica/2026/05/17/abuso-policial-solo-en-abril-hubo-177-quejas-y-denuncias-por-inconductas-indebidas-corrupcion-hnews-340017,"El 34.5% fue por abuso de autoridad en el ejercicio de sus funciones. Abarcaron agresión física, verbal, amenazas y violación de derechos humanos. Estas conductas incluyen detenciones arbitrarias y corrupción, como la cometida por seis agentes que detuvieron a un empresario en Lurín y le hicieron creer que era investigado por narcotráfico.","Policía Nacional del Perú, Corrupción, Dirincri, Ministerio Público"
La República,2026-05-17 14:28:15,"Sánchez reta otra vez a Fujimori a debatir en Chota tras proclamación de resultados: ""También puede ser en el sur del país""",Mauricio Muñoz,https://larepublica.pe/politica/2026/05/17/sanchez-reta-otra-vez-a-fujimori-a-debatir-en-chota-tras-proclamacion-de-resultados-tambien-puede-ser-en-el-sur-del-pais-hnews-753729,El candidato de Juntos por el Perú anunció que presentará pronto a su equipo técnico y que mantendrá actividades fuera de Lima.,
La República,2026-05-17 09:13:04,Nuevo Congreso gastará más de S/9 millones solo en su primer mes para los 130 diputados y 60 senadores,Mauricio Muñoz,https://larepublica.pe/politica/2026/05/17/nuevo-congreso-gastara-mas-de-s9-millones-solo-en-su-primer-mes-para-los-130-diputados-y-60-senadores-hnews-392462,"Mientras se define la nueva composición del Parlamento bicameral, el Congreso ya pone en marcha contrataciones y beneficios destinados a los futuros legisladores, cuyos ingresos y gastos operativos incluirán bonos, personal de confianza y servicios financiados con recursos públicos.",Congreso del Perú
La República,2026-05-17 06:44:01,Partidos inician diálogo con otras fuerzas rumbo a la segunda vuelta,Narda Saavedra,https://larepublica.pe/politica/2026/05/17/partidos-inician-dialogo-con-otras-fuerzas-rumbo-a-la-segunda-vuelta-hnews-434656,Juntos por el Perú anunció que ha iniciado un diálogo con Ahora Nación y el partido Obras.&nbsp;,Keiko Fujimori
La República,2026-05-17 07:36:27,JNE proclama los resultados de las elecciones presidenciales: asegura que pedidos de nulidad fueron resueltos,Josué Chávez Cardoza,https://larepublica.pe/politica/2026/05/17/en-vivo-jne-proclama-los-resultados-de-las-elecciones-presidenciales-sanchez-y-fujimori-a-segunda-vuelta-hnews-1308354,La proclamación de resultados se realiza luego de que la ONPE concluya el conteo general de votos. Los candidatos presidenciales de Fuerza Popular y Juntos por el Perú disputarán la presidencia el domingo 7 de junio.,"JNE, ONPE, Roberto Sánchez, Keiko Fujimori, Elecciones 2026"
La República,2026-05-16 15:31:33,"Cardenal Carlos Castillo sobre protesta universitaria: ""La educación no es un negocio; los universitarios no son clientes""",Jazmín Bianchi,https://larepublica.pe/politica/2026/05/16/cardenal-castillo-sobre-protesta-universitaria-educar-no-es-negociar-los-universitarios-no-son-clientes-900304,"Tras los reclamos por el alza de pensiones en la PUCP, el cardenal señaló que ya existe un proceso de diálogo para ""corregir los errores"". Además, rechazó la reelección de autoridades en San Marcos.",
La República,2026-05-16 11:27:29,Congreso: SAC admite denuncia constitucional contra Pedro Castillo y Guido Bellido por presunto nombramiento ilegal,Ariadna Yaya,https://larepublica.pe/politica/2026/05/16/congreso-sac-admite-denuncia-constitucional-contra-pedro-castillo-y-guido-bellido-por-presunto-nombramiento-ilegal-hnews-699712,"La Subcomisión de Acusaciones Constitucionales aprobó investigar a Pedro Castillo y Guido Bellido por la designación de Juan Carrasco como ministro del Interior, pese a que aún mantenía su condición de fiscal provincial del Ministerio Público.","Pedro Castillo, Guido Bellido, Congreso del Perú, Subcomisión de Acusaciones Constitucionales"
La República,2026-05-15 17:52:25,Keiko Fujimori vs. Roberto Sánchez: fecha de la segunda vuelta presidencial,Mauricio Muñoz,https://larepublica.pe/politica/2026/05/15/keiko-fujimori-vs-roberto-sanchez-fecha-hora-y-todo-sobre-la-segunda-vuelta-presidencial-2026-hnews-1064415,"Conoce los detalles de la segunda vuelta de las Elecciones 2026 entre Keiko Fujimori y Roberto Sánchez. Revisa la fecha oficial, el proceso y todo lo que debes saber para esta etapa decisiva.","Keiko Fujimori, Roberto Sánchez, Elecciones 2026"
La República,2026-05-16 11:33:13,"Sin fines de lucro, por Marisa Glave",Marisa Glave,https://larepublica.pe/opinion/2026/05/16/sin-fines-de-lucro-por-marisa-glave-hnews-325056,"""La PUCP ha sido una muestra firme de que la educación privada en el Perú puede ser solidaria, democrática y ética, si es que se hace sin fines de lucro"".",
La República,2026-05-17 06:49:00,Chofer de mando del EP en Pataz implicado en crimen de minero,Doris Aguirre,https://larepublica.pe/politica/2026/05/17/chofer-de-mando-del-ep-en-pataz-implicado-en-crimen-de-minero-cupaz-ejercito-peruano-hnews-1510800,"ENREDADOS. Jeiser Otiniano Vásquez, chofer del número 3 del Comando Unificado Pataz (CUPAZ), el comandante EP Rómulo Silva Olivos, fue arrestado por la Policía por su relación con el brutal asesinato del empresario de la minería informal Jolbi Rodríguez Calderón.","Policía Nacional del Perú, Ejército peruano, Ministerio Público"
La República,2026-05-17 06:17:00,"De lesa impunidad, por Julissa Mantilla",Julissa Mantilla,https://larepublica.pe/opinion/2026/05/17/de-lesa-impunidad-por-julissa-mantilla-hnews-1597680,"La Comisión de Constitución del Congreso aprobó el Proyecto de Ley N.° 14337/2025-CR, que busca incorporar delitos de lesa humanidad al Código Penal, con definiciones controversiales.",
La República,2026-05-17 06:08:00,"Voto viciado: ¿protesta o statu quo?, por Cecilia Méndez",Cecilia Méndez,https://larepublica.pe/opinion/2026/05/17/voto-viciado-protesta-o-statu-quo-por-cecilia-mendez-hnews-689536,"""Las elecciones no son, a mi juicio, la puerta del cambio. Apenas abren una rendija a la posibilidad de contener a un poder criminal avasallador que convierte al juez probo en criminal y al funcionario honesto en delincuente""",Elecciones 2026
La República,2026-05-17 05:50:00,"El poder real detrás del trono político, por Marianella Ledesma",Marianella Ledesma,https://larepublica.pe/opinion/2026/05/17/el-poder-real-detras-del-trono-politico-por-marianella-ledesma-hnews-1070128,"""Lo vivido en la ficción de este estadio de fútbol me hace recordar lo que, hace más de una década, Moisés Naím advertía: el poder está cambiando de manos""",Elecciones 2026
La República,2026-05-16 22:17:14,"Keiko Fujimori se reúne con PPK, un día después de archivarse investigación contra expresidente",Jazmín Bianchi,https://larepublica.pe/politica/2026/05/16/keiko-fujimori-se-reune-con-ppk-un-dia-despues-de-archivarse-investigacion-contra-expresidente-hnews-1073312,Pedro Pablo Kuczynski aún afronta un pedido de 35 años de cárcel por presunta organización criminal y otras investigaciones en curso.,
La República,2026-05-16 18:18:10,Keiko Fujimori recorre el norte mientras Roberto Sánchez visita provincias de Lima a puertas de la proclamación del JNE,Ariadna Yaya,https://larepublica.pe/politica/2026/05/16/keiko-fujimori-recorre-el-norte-mientras-roberto-sanchez-visita-provincias-de-lima-a-puertas-de-la-proclamacion-del-jne-hnews-281056,"La candidata de Fuerza Popular realizó actividades en La Libertad y Lambayeque con mensajes sobre seguridad, educación y salud, mientras que el postulante de Juntos por el Perú encabezó mítines en Lima Provincias y suspendió una caminata en Ventanilla tras presuntas amenazas contra su seguridad.","Keiko Fujimori, Roberto Sánchez, JNE, Elecciones 2026"
La República,2026-05-16 19:02:02,Elecciones 2026: ONPE exigirá que conductores del material electoral no tengan afiliación política,Jazmín Bianchi,https://larepublica.pe/politica/2026/05/16/elecciones-2026-onpe-exigira-que-choferes-del-material-electoral-no-tengan-afiliacion-politica-hnews-719520,La medida busca evitar cuestionamientos y asegurar la neutralidad electoral durante la segunda vuelta.,
La República,2026-05-16 12:25:57,"Xi Jing Ping, Trump y una lección para el futuro del Perú., por Hugo Otero",Hugo Otero Lanzarotti,https://larepublica.pe/opinion/2026/05/16/xi-jing-ping-trump-y-una-leccion-para-el-futuro-del-peru-por-hugo-otero-hnews-1240288,"La ""trampa de Tucídides"" resurge en el debate global tras el encuentro entre Xi Jinping y Donald Trump, donde se aboga por el entendimiento entre potencias.","Donald Trump, China"
La República,2026-05-16 08:22:15,Pataz: liberan a 33 mineros secuestrados en mina La Joya tras operativo de las Fuerzas Armadas,Ariadna Yaya,https://larepublica.pe/politica/2026/05/16/pataz-liberan-a-33-mineros-secuestrados-en-mina-la-joya-tras-operativo-de-las-fuerzas-armadas-hnews-1158656,"Ejército y Policía ejecutaron un operativo táctico de más de diez horas en la mina La Joya, en Pataz, tras el secuestro de decenas de obreros por sujetos armados vinculados a actividades ilegales en la zona.","Ejército peruano, Pataz"
La República,2026-05-15 19:24:18,Papa León XIV se reunió con presidenta del PJ y pidió que el próximo presidente gobierne “para los más vulnerables”,Ariadna Yaya,https://larepublica.pe/politica/2026/05/15/papa-leon-xiv-se-reunio-con-presidenta-del-poder-judicial-y-pidio-que-el-proximo-presidente-gobierne-para-los-mas-vulnerables-hnews-1092630,La reunión entre el papa León XIV y Janet Tello se realizó en el Vaticano durante una visita oficial de la titular del Poder Judicial.,"Papa León XIV, Janet Tello, Poder Judicial"
La República,2026-05-15 11:02:27,Suspenden elecciones internas en San Marcos: medida beneficiaría a la reelección de Jerí Ramon con apoyo del Congreso,Narda Saavedra,https://larepublica.pe/politica/2026/05/15/suspenden-elecciones-internas-en-san-marcos-medida-beneficiaria-a-la-reeleccion-de-jeri-ramon-con-apoyo-del-congreso-hnews-913395,"El Comité Electoral Universitario decidió reprogramar en el ""menor plazo posible"" las actividades previstas en el cronograma electoral.",Universidad Nacional Mayor de San Marcos
La República,2026-05-15 18:08:43,Roberto Sánchez tuvo que abandonar estrado durante mitín en Huacho por cortocircuito,Ariadna Yaya,https://larepublica.pe/politica/2026/05/15/roberto-sanchez-tuvo-que-abandonar-estrado-durante-mitin-en-huacho-por-cortocircuito-elecciones-generales-2026-hnews-941115,Un video difundido en redes sociales captó el momento en que una chispa apareció cerca del escenario donde se encontraba el candidato presidencial de Juntos por el Perú.,"Roberto Sánchez, Elecciones 2026"
La República,2026-05-15 18:02:44,JNE instala 63 Jurados Electorales Especiales para las elecciones regionales y municipales,Jazmín Bianchi,https://larepublica.pe/politica/2026/05/15/jne-instala-63-jurados-electorales-especiales-para-las-elecciones-regionales-y-municipales-hnews-875430,Los JEE inician sus funciones el 15 de mayo para fiscalizar la legalidad del proceso electoral en primera instancia.,
La República,2026-05-15 17:30:58,Bancadas de izquierda respaldan protesta universitaria contra alza de pensiones y reelección de autoridades,Jazmín Bianchi,https://larepublica.pe/politica/2026/05/15/bancadas-de-izquierda-respaldan-protesta-universitaria-contra-alza-de-pensiones-y-reeleccion-de-autoridades-hnews-1415865,"El pronunciamiento exige respetar las manifestaciones y no iniciar procedimientos disciplinarios a ningún estudiante involucrado, tras darse a conocer la denuncia penal presentada por la actual rectora, Jeri Ramón, contra los universitarios.",Roberto Sánchez
La República,2026-05-15 10:03:02,Poder Judicial archiva investigación a PPK por lavado de activos en la campaña electoral del 2011,César Romero Calle,https://larepublica.pe/politica/2026/05/15/poder-judicial-archiva-investigacion-a-ppk-por-lavado-de-activos-en-la-campana-electoral-del-2011-hnews-787890,"EL ORIGEN. El juez Richard Concepción Carhuancho archivó una de las investigaciones por lavado de activos que se sigue al expresidente Pedro Pablo Kuczynski, lo que podría ser utilizado para cuestionar otros procesos judiciales en su contra. La resolución judicial reconoce que no hay lavado de activos cuando los fondos recibidos de procedencia ilícita se han bancarizado, pues eso permite rastrear su origen.","Equipo Especial Lava Jato, Lavado de activos, PPK"
La República,2026-05-15 15:10:52,Resultados ONPE al 100%: Roberto Sánchez y Keiko Fujimori ganan en 11 regiones cada uno,Jazmín Bianchi,https://larepublica.pe/politica/2026/05/15/resultados-onpe-al-100-ganadores-en-regiones-tras-el-cierre-del-conteo-oficial-hnews-1295700,"Los resultados al 100% confirman que ambos candidatos controlan la misma cantidad de regiones. Mientras Sánchez domina el interior y la sierra, Fujimori mantiene respaldo en el norte y la costa.",Elecciones 2026
La República,2026-05-15 14:28:44,"Rafael López Aliaga reitera que no jurará como senador, pero que su partido sí estará en el Congreso",Ariadna Yaya,https://larepublica.pe/politica/2026/05/15/rafael-lopez-aliaga-reitera-que-no-jurara-como-senador-pero-que-su-partido-si-estara-en-el-congreso-hnews-985890,"El excandidato presidencial aseguró que liderará políticamente a la bancada de Renovación Popular en el próximo Parlamento, pese a que no asumirá un escaño en el Senado. Además, volvió a cuestionar el sistema electoral.","Rafael López Aliaga, Congreso del Perú, Elecciones 2026"
La República,2026-05-15 13:42:38,"“Tenemos que atacar a la corrupción y a la burocracia”, dice ministro de Justicia",Óscar Chumpitaz,https://larepublica.pe/politica/2026/05/15/tenemos-que-atacar-a-la-corrupcion-y-a-la-burocracia-dice-ministro-de-justicia-justicia-hnews-1499055,"Luis Jiménez Borra sostiene que la lucha contra la corrupción no puede limitarse únicamente a sancionar. Afirma que ""toda decisión que se tome siempre va a ser ajustada a un Estado de derecho y a lo que la normatividad vigente obliga"".","Corrupción, Ministerio de Justicia, Palacio de Gobierno, Congreso del Perú"
La República,2026-05-15 11:19:03,"Chota, San Borja y Huaral: los escenarios que han planteado Sánchez y Fujimori para debatir en segunda vuelta",Mauricio Muñoz,https://larepublica.pe/politica/2026/05/15/chota-san-borja-san-marcos-huaral-y-mas-los-escenarios-que-han-planteado-sanchez-y-fujimori-para-debatir-en-segunda-vuelta-hnews-647235,"El candidato de Juntos por el Perú propone Chota, cuna de Pedro Castillo, como escenario de su primer debate. En respuesta, la lideresa de Fuerza Popular propuso Huaral o el distrito limeño de San Borja.","Keiko Fujimori, Roberto Sánchez, Elecciones 2026"
La República,2026-05-14 23:00:53,"Roberto Sánchez sobre candidatura alterna: ""Rechazo un plan B o C  (…) acataré el 100% de la voluntad popular""",Mauricio Muñoz,https://larepublica.pe/politica/2026/05/14/roberto-sanchez-sobre-candidatura-alterna-rechazo-un-plan-b-o-c-acatare-el-100-de-la-voluntad-popular-hnews-232932,El candidato presidencial de Juntos por el Perú desmintió rumores sobre su participación en elecciones para regidores en San Borja. Aseguró que su única candidatura es la presidencial.,"Roberto Sánchez, Elecciones 2026"
La República,2026-05-15 11:44:43,"Criminales con fusiles retienen a 33 trabajadores en mina La Joya, Pataz",Doris Aguirre,https://larepublica.pe/politica/2026/05/15/criminales-con-fusiles-retienen-a-33-trabajadores-en-mina-la-joya-pataz-606135,"Sujetos encapuchados ingresaron en el socavón a las 5 de la mañana del jueves y a esta hora han sido liberados sólo 20. La tensión se mantiene porque todavía no intervienen las autoridades, según los familiares de las víctimas.","Policía Nacional del Perú, Ejército peruano, Ministerio Público"
La República,2026-05-08 11:48:00,"EN VIVO Resultados ONPE al 100%: sigue minuto a minuto el conteo entre Keiko Fujimori, Roberto Sánchez y Rafael López Aliaga",Jazmín Bianchi,https://larepublica.pe/politica/2026/05/08/resultados-onpe-2026-en-vivo-al-98947-culmino-el-plazo-para-el-recuento-de-votos-de-actas-observadas-hnews-610304,"Según las cifras procesadas hasta el momento, Roberto Sánchez se perfila como el rival de Keiko Fujimori para la segunda vuelta electoral.","Elecciones 2026, ONPE, Roberto Sánchez, Rafael López Aliaga"
La República,2026-05-15 10:07:52,Resultados ONPE al 100%: Roberto Sánchez y Keiko Fujimori pasan oficialmente a segunda vuelta,Ariadna Yaya,https://larepublica.pe/politica/2026/05/15/resultados-finales-onpe-al-100-roberto-sanchez-pasa-oficialmente-a-segunda-vuelta-y-disputara-ante-keiko-fujimori-el-sillon-presidencial-el-domingo-7-de-junio-hnews-631080,La candidata de Fuerza Popular obtuvo 17% de votos; mientras que el candidato de Juntos por el Perú quedó segundo con 12%.,"ONPE, JNE, Keiko Fujimori, Roberto Sánchez"
La República,2026-05-15 10:01:29,Gobierno designa a Raúl Inga Garay como nuevo presidente del INPE,Jazmín Bianchi,https://larepublica.pe/politica/2026/05/15/gobierno-designa-a-raul-inga-garay-como-nuevo-presidente-del-inpe-hnews-801780,"El nombramiento se da tras la renuncia presentada por Jorge Henry Cotos Ochoa, extitular de la entidad.",INPE
La República,2026-05-11 12:28:53,EN VIVO JNE inicia proclamación descentralizada de los resultados: conoce resultados de la primera vuelta por regiones,Diego Alva,https://larepublica.pe/politica/2026/05/11/resultados-onpe-al-100-con-keiko-fujimori-roberto-sanchez-y-rafael-lopez-aliaga-jne-dara-conferencia-sobre-proclamacion-de-ganadores-de-la-primera-vuelta-en-peru-hnews-307307,"A menos de 2 actas observadas para terminar el conteo oficial de la ONPE al 100%, los Jurados Electorales Especiales inician con la proclamación por distritos electorales que definen la primera vuelta entre Keiko Fujimori, Roberto Sánchez y Rafael López Aliaga.","Elecciones 2026, ONPE, JNE"
La República,2026-05-14 12:59:15,Elecciones 2026: JNE proclamará los resultados oficiales este domingo 17 de mayo,Josué Chávez Cardoza,https://larepublica.pe/politica/2026/05/14/jne-anuncia-que-proclamara-oficialmente-este-domingo-17-de-mayo-los-resultados-de-las-elecciones-2026-hnews-859362,"El Pleno del Jurado Nacional de Elecciones tomó la decisión junto con el jefe interino de la ONPE, Bernardo Pachas. Según el conteo de la entidad electoral, Keiko Fujimori y Roberto Sánchez pasarán a segunda vuelta.","ONPE, JNE, Elecciones 2026, Keiko Fujimori, Roberto Sánchez"
La República,2026-05-14 13:37:21,Renovación Popular de Rafael López Aliaga acepta los resultados de las elecciones 2026,Josué Chávez Cardoza,https://larepublica.pe/politica/2026/05/14/renovacion-popular-de-rafael-lopez-aliaga-acepta-los-resultados-de-las-elecciones-2026-hnews-1051722,"A través de un comunicado, el partido señaló que ""se compromete a luchar desde el Congreso para desmantelar"" una supuesta organización criminal. Sin embargo, anteriormente, el líder de Renovación Popular dijo que no juramentaría en el cargo de senador.","Renovación Popular, Rafael López Aliaga, Elecciones 2026, Keiko Fujimori, Roberto Sánchez"
La República,2026-05-14 20:23:16,"Alejandro Muñante asumiría como senador a pesar de narrativa de fraude de López Aliaga: ""Es mi deber""",Josué Chávez Cardoza,https://larepublica.pe/politica/2026/05/14/alejandro-munante-asumiria-como-senador-a-pesar-de-narrativa-de-fraude-de-lopez-aliaga-es-mi-deber-hnews-1104166,"El congresista de Renovación Popular sustentó su decisión al indicar que es su ""deber"" respetar el derecho de las personas que votaron por él. Sin embargo, Rafael López Aliaga anteriormente indicó que no juramentaría al cargo.","Rafael López Aliaga, Renovación Popular, Elecciones 2026"
La República,2026-05-14 20:23:16,"Alejandro Muñante asumiría como senador a pesar de narrativa de fraude de López Aliaga: ""Es mi deber""",Josué Chávez Cardoza,https://larepublica.pe/politica/2026/05/14/alejandro-munante-asumiria-como-senador-a-pesar-de-narrativa-de-fraude-de-lopez-aliaga-es-mi-deber-hnews-1104166,"El congresista de Renovación Popular sustentó su decisión al indicar que es su ""deber"" respetar el derecho de las personas que votaron por él. Sin embargo, Rafael López Aliaga anteriormente indicó que no juramentaría al cargo.","Rafael López Aliaga, Renovación Popular, Elecciones 2026"
La República,2026-05-14 20:54:05,Rafael López Aliaga realiza marcha pese a que su partido reconoció que aceptarían los resultados de las Elecciones,Josué Chávez Cardoza,https://larepublica.pe/politica/2026/05/14/rafael-lopez-aliaga-realiza-marcha-pese-a-que-su-partido-reconocio-que-aceptarian-los-resultados-de-las-elecciones-hnews-1265264,"La manifestación que encabeza el líder de Renovación Popular se dirige a la sede del Jurado Nacional de Elecciones (JNE), después de que anunciara que los resultados de la primera vuelta se proclamarán el domingo 17 de mayo.","Rafael López Aliaga, Elecciones 2026, Renovación Popular"
La República,2026-05-15 05:04:00,Juez encuentra graves errores en acusación del caso en Gasoducto y los dejará fuera del eventual juicio,César Romero Calle,https://larepublica.pe/politica/2026/05/15/juez-encuentra-graves-errores-en-acusacion-del-caso-en-gasoducto-y-los-dejara-fuera-del-eventual-juicio-hnews-1295520,"AL ARCHIVO. Al concluir el control formal de la acusación presentada por la fiscal Geovanna Mori en el caso del Gasoducto del Sur, el juez de investigación preparatoria encuentra deficiencias insubsanables en los cargos por organización criminal y colusión agravada y los fundamentos de la reparación civil planteados por la procuraduría ad hoc.","Gasoducto Sur, Lava Jato"
La República,2026-05-14 21:35:36,Congreso suspende Pleno para debatir proyecto de reelección de rectores que iba a beneficiar a Jerí Ramón,Mauricio Muñoz,https://larepublica.pe/politica/2026/05/14/congreso-suspende-pleno-para-debatir-proyecto-de-reeleccion-de-rectores-que-iba-a-beneficiar-a-jeri-ramon-hnews-1343258,Las candidaturas para la rectoría de la UNMSM se recibirán el 16 de mayo. Hasta esa fecha no se tienen agendadas más sesiones del Pleno.,"Universidad Nacional Mayor de San Marcos, Congreso del Perú"
La República,2026-05-14 19:25:48,Decanos de San Marcos rechazan proyecto de ley de reelección inmediata de autoridades universitarias,Narda Saavedra,https://larepublica.pe/politica/2026/05/14/decanos-de-san-marcos-rechazan-proyecto-de-ley-de-reeleccion-inmediata-de-autoridades-universitarias-hnews-566972,"Consideran que la modificación que se pretende realizar requiere un “amplio debate académico, jurídico e institucional”.",UNMSM
La República,2026-05-14 15:36:44,"Roberto Sánchez reta a Keiko Fujimori a debatir: ""Empecemos en Chota""",Mauricio Muñoz,https://larepublica.pe/politica/2026/05/14/roberto-sanchez-reta-a-keiko-fujimori-a-debatir-empecemos-en-chota-hnews-1023330,"Chota, donde Sánchez logró más del 50% de votos, es el primer lugar que propuso el candidato de Juntos por el Perú para los próximos debates presidenciales de cara a la segunda vuelta electoral.","Roberto Sánchez, Keiko Fujimori, Elecciones 2026"
La República,2026-05-14 18:47:46,"Keiko Fujimori le responde a Roberto Sánchez tras citarla a debatir en Chota: ""Que sea en su lugar de origen, en Huaral""",Mauricio Muñoz,https://larepublica.pe/politica/2026/05/14/keiko-fujimori-le-responde-a-roberto-sanchez-tras-citarla-a-debatir-en-chota-que-sea-en-su-lugar-de-origen-en-huaral-hnews-segunda-vuelta-elecciones-presidenciales-2026-352310,"Durante su visita a Chiclayo, la candidata de Fuerza Popular respondió al congresista y candidato de Juntos por el Perú y lo señaló por vivir en San Borja.","Keiko Fujimori, Roberto Sánchez, Elecciones 2026"
La República,2026-05-14 11:54:54,"Partido de Ricardo Belmont pasa la valla electoral, pero perderá su inscripción para el 2027",Ariadna Yaya,https://larepublica.pe/politica/2026/05/14/elecciones-regionales-municipales-2026-partido-obras-no-cumple-requisito-territorial-y-arriesga-desaparecer-en-2027-hnews-1039052,"El partido vinculado a Ricardo Belmont sí podrá participar en las Elecciones Regionales y Municipales 2026. Sin embargo, perdería su inscripción en enero de 2027 por no alcanzar el mínimo de regiones y provincias que exige la Ley de Organizaciones Políticas. La organización también podría quedarse sin financiamiento público directo.",Elecciones Regionales y Municipales 2026
La República,2026-05-13 16:33:34,Lesli Gonzáles renunció a la Comisión de Gracias Presidenciales en medio de pedido de indulto a Pedro Castillo,Josué Chávez Cardoza,https://larepublica.pe/politica/2026/05/13/leslie-gonzales-renuncio-a-la-comision-de-gracias-presidenciales-en-medio-de-pedido-de-indulto-a-pedro-castillo-hnews-1275521,"A través de una carta de renuncia, la abogada denunció acoso mediático y discriminación. Aseguró que su dimisión a la Comisión de Gracias Presidenciales no se debe a compromisos políticos.","Pedro Castillo, Ministerio de Justicia, José María Balcázar"
La República,2026-05-13 08:53:45,"Roberto Sánchez sobre su investigación por falsa declaracion ante ONPE: ""El fraude como delito en mi caso ha sido archivado""",Mauricio Muñoz,https://larepublica.pe/politica/2026/05/13/roberto-sanchez-sobre-su-investigacion-por-falsa-declaracion-ante-onpe-el-fraude-como-delito-en-mi-caso-ha-sido-archivado-hnews-220168,Sánchez negó que se encuentre próximo a un juicio oral. El candidato de Juntos por el Perú calificó estas acusaciones como parte de una ‘guerra sucia’ en su contra.,"Roberto Sánchez, Elecciones 2026, Ministerio Público"
La República,2026-05-13 15:01:17,"Presidente Balcázar evita responder sobre indulto a Pedro Castillo: ""Depende de que presente la solicitud correspondiente""",Mauricio Muñoz,https://larepublica.pe/politica/2026/05/13/presidente-balcazar-evita-responder-sobre-indulto-a-pedro-castillo-depende-de-que-presente-la-solicitud-correspondiente-hnews-1261754,El mandatario evitó dar una respuesta firme sobre el indulto a Castillo. Defensa legal del expresidente presentaría nueva solicitud para lograr su indulto.,"José María Balcázar, Pedro Castillo"
La República,2026-05-14 07:38:22,JNJ inicia evaluación de 21 candidatos para elegir al próximo jefe de la ONPE,Ariadna Yaya,https://larepublica.pe/politica/2026/05/14/jnj-inicia-evaluacion-de-21-candidatos-para-elegir-al-proximo-jefe-de-la-onpe-hnews-1162532,"La Junta Nacional de Justicia revisará los perfiles de abogados, ingenieros y especialistas en gestión pública que buscan asumir la conducción de la ONPE por los próximos cuatro años. El proceso incluye evaluación curricular, examen de conocimientos y entrevista personal.","Junta Nacional de Justicia, ONPE, Elecciones 2026"
La República,2026-04-12 23:03:47,Resultados ONPE al 100%: así votó Ucayali en las Elecciones Presidenciales 2026 tras conteo oficial,Josué Chávez Cardoza,https://larepublica.pe/politica/2026/04/12/resultados-de-las-elecciones-presidenciales-2026-como-voto-ucayali-segun-conteo-de-la-onpe-hnews-589584,"Consulta los resultados de las Elecciones Presidenciales 2026 en Ucayali, según el conteo oficial de la Oficina Nacional de Procesos Electorales (ONPE). Revisa quién va ganando, porcentaje de votos y todos los detalles actualizados.","Ucayali, Keiko Fujimori, Roberto Sánchez, Ricardo Belmont, Carlos Álvarez"
La República,2026-04-13 07:18:37,Resultados ONPE al 100%: así votó San Martín en las Elecciones Presidenciales 2026 tras conteo oficial,Josué Chávez Cardoza,https://larepublica.pe/politica/2026/04/13/resultados-de-las-elecciones-presidenciales-2026-como-voto-san-martin-segun-conteo-de-la-onpe-hnews-1064115,"Consulta los resultados de las Elecciones Presidenciales 2026 en San Martín, según el conteo oficial de la Oficina Nacional de Procesos Electorales (ONPE).","San Martín, Keiko Fujimori, Roberto Sánchez, Ricardo Belmont"
La República,2026-04-12 23:32:51,"Así votó Pasco: resultados de las Elecciones Presidenciales 2026, según conteo oficial ONPE al 100%",Josué Chávez Cardoza,https://larepublica.pe/politica/2026/04/12/resultados-de-las-elecciones-presidenciales-2026-como-voto-pasco-segun-conteo-de-la-onpe-hnews-801264,"Consulta los resultados de las Elecciones Presidenciales 2026 en Pasco, según el conteo oficial de la Oficina Nacional de Procesos Electorales (ONPE). ","Pasco, Keiko Fujimori, Rafael López Aliaga, Ricardo Belmont, Roberto Sánchez"
La República,2026-05-14 16:46:09,"Roberto Sánchez rechaza investigación sobre presunto uso irregular de fondos partidarios: ""No me corro. Yo no he hecho cócteles""",Narda Saavedra,https://larepublica.pe/politica/2026/05/14/roberto-sanchez-rechaza-investigacion-sobre-presunto-uso-irregular-de-fondos-partidarios-no-me-corro-yo-no-he-hecho-cocteles-hnews-1057476,"Asimismo, explicó que él únicamente ha actuado como presidente del partido y nunca ha asumido funciones de contador o tesorero.",Roberto Sánchez
La República,2026-04-12 23:10:22,"Así votó Moquegua: resultados de las Elecciones Presidenciales 2026, según conteo oficial ONPE al 100%",Josué Chávez Cardoza,https://larepublica.pe/politica/2026/04/12/resultados-de-las-elecciones-presidenciales-2026-como-voto-moquegua-segun-conteo-de-la-onpe-hnews-580716,"Consulta los resultados de las Elecciones Presidenciales 2026 en Moquegua, según el conteo oficial de la Oficina Nacional de Procesos Electorales (ONPE). ","Moquegua, Ricardo Belmont, Jorge Nieto, Roberto Sánchez"
La República,2026-04-13 08:24:30,"Así votó Madre de Dios: resultados de las Elecciones Presidenciales 2026, según conteo oficial ONPE al 100%",Josué Chávez Cardoza,https://larepublica.pe/politica/2026/04/13/resultados-de-las-elecciones-presidenciales-2026-como-voto-madre-de-dios-segun-conteo-de-la-onpe-hnews-764452,"Consulta los resultados de las Elecciones Presidenciales 2026 en Madre de Dios, según el conteo oficial de la Oficina Nacional de Procesos Electorales (ONPE). ","Madre de Dios, Roberto Sánchez, Ricardo Belmont, Keiko Fujimori"
La República,2026-05-14 16:31:13,Funcionario del Ministerio de Justicia formaría parte de Los pulpos de La Victoria,Óscar Chumpitaz,https://larepublica.pe/politica/2026/05/14/funcionario-del-ministerio-de-justicia-formaria-parte-de-los-pulpos-de-la-victoria-corrupcion-hnews-157248,"Juan José Roncagliolo Monge, licenciado en Administración y Ciencias Policiales por la Escuela de Oficiales de la PNP, tenía un alto cargo de confianza como asesor de la Dirección Ejecutiva del Programa Nacional de Centros Juveniles (Pronacej) desde el 30 de diciembre del 2025. El Minjusdh dio por concluida su designación.","Corrupción, La Victoria, Extorsión, Dirincri"
La República,2026-05-14 16:31:05,Congreso impulsa nueva moción de vacancia contra José María Balcázar por compra de aviones F16,Ariadna Yaya,https://larepublica.pe/politica/2026/05/14/jose-maria-balcazar-mocion-de-vacancia-congreso-impulsa-medida-por-compra-de-aviones-f16-hnews-923454,"El congresista Edward Málaga presentó una moción para censurar a José María Balcázar. El documento cuestiona la compra de los aviones F-16, las fallas en las elecciones generales y el respaldo fiscal otorgado a Petroperú, aunque todavía no reúne las firmas necesarias para ingresar formalmente al Parlamento.","José María Balcázar, Congreso del Perú"
La República,2026-05-14 15:53:14,Ayacucho: condenan a 15 años de cárcel a general Jorge Carcovich por la masacre de 41 pobladores de Raccaya,Diego Alva,https://larepublica.pe/politica/2026/05/14/ayacucho-condenan-a-15-anos-de-carcel-a-general-jorge-carcovich-por-masacre-de-41-pobladores-de-raccaya-en-1983-hnews-544390,Juzgado inaplicó la ley 32107 y determinó que el caso no había prescrito. Dentro del grupo de víctimas había 21 menores de edad. El general EP (r) Jorge Carcovich postuló en las últimas elecciones como vicepresidente por el Partido Patriótico del Perú.,
La República,2026-05-14 13:46:04,Congreso rechaza interpelar al ministro de Defensa por masacre en Colcabamba,Narda Saavedra,https://larepublica.pe/politica/2026/05/14/masacre-en-colcabamba-congreso-rechaza-interpelar-al-ministro-de-defensa-hnews-629566,"Con 40 votos en contra, 32 en favor y 22 abstenciones, el Congreso truncó la interpelación que incluía un pliego de 15 preguntas.",
La República,2026-04-12 22:55:30,Resultados ONPE al 100%: así votó Tumbes en las Elecciones Presidenciales 2026 tras conteo oficial,Josué Chávez Cardoza,https://larepublica.pe/politica/2026/04/12/resultados-de-las-elecciones-presidenciales-2026-como-voto-tumbes-segun-conteo-de-la-onpe-hnews-1014444,"Consulta los resultados de las Elecciones Presidenciales 2026 en Tumbes, según el conteo oficial de la Oficina Nacional de Procesos Electorales (ONPE). ","Tumbes, Keiko Fujimori, Carlos Álvarez, Rafael López Aliaga, Roberto Sánchez"
La República,2026-04-12 23:41:09,"Así votó Tacna: resultados de las Elecciones Presidenciales 2026, según conteo oficial ONPE al 100%",Josué Chávez Cardoza,https://larepublica.pe/politica/2026/04/12/resultados-de-las-elecciones-presidenciales-2026-como-voto-tacna-segun-conteo-de-la-onpe-hnews-957984,"Consulta los resultados de las Elecciones Presidenciales 2026 en Tacna, según el conteo oficial de la Oficina Nacional de Procesos Electorales (ONPE). Revisa quién va ganando, porcentaje de votos y todos los detalles actualizados.","Tacna, Ricardo Belmont, Jorge Nieto, Roberto Sánchez"
La República,2026-04-12 22:48:47,Así votó Puno en las Elecciones Presidenciales 2026: resultados oficiales ONPE al 100%,Josué Chávez Cardoza,https://larepublica.pe/politica/2026/04/12/resultados-de-las-elecciones-presidenciales-2026-como-voto-puno-segun-conteo-de-la-onpe-hnews-296292,"Consulta los resultados de las Elecciones Presidenciales 2026 en Puno, según el conteo oficial de la Oficina Nacional de Procesos Electorales (ONPE).","Roberto Sánchez, Rafael López Aliaga, Ricardo Belmont, Alfonso López - chau, Puno"
La República,2026-04-12 23:20:50,Así votó Loreto en las Elecciones Presidenciales 2026: resultados oficiales ONPE al 100%,Josué Chávez Cardoza,https://larepublica.pe/politica/2026/04/12/resultados-de-las-elecciones-presidenciales-2026-como-voto-loreto-segun-conteo-de-la-onpe-hnews-1055496,"Consulta los resultados de las Elecciones Presidenciales 2026 en Loreto, según el conteo oficial de la Oficina Nacional de Procesos Electorales (ONPE). Revisa quién va ganando, porcentaje de votos y todos los detalles actualizados.","Loreto, Keiko Fujimori, Roberto Sánchez, Cesar Acuña"
La República,2026-04-12 19:52:58,Así votó Lima Metropolitana en las Elecciones Presidenciales 2026: resultados oficiales ONPE al 100%,Juan Gonzales,https://larepublica.pe/politica/2026/04/12/elecciones-2026-como-voto-lima-metropolitana-para-la-eleccion-de-candidatos-presidenciales-segun-ipsos-hnews-1194300,"Consulta los resultados de las Elecciones Presidenciales 2026 en Lima Metropolitana, según el conteo oficial de la Oficina Nacional de Procesos Electorales (ONPE). Revisa quién va ganando, porcentaje de votos y todos los detalles actualizados.","Lima, ONPE, JNE"
La República,2026-04-12 21:19:35,Así votó Lambayeque en las Elecciones Presidenciales 2026: resultados oficiales ONPE al 100%,Mailhy Rojas,https://larepublica.pe/elecciones/2026/04/12/resultados-de-las-elecciones-presidenciales-2026-como-voto-lambayeque-segun-conteo-de-la-onpe-hnews-525792,"Consulta los resultados de las Elecciones Presidenciales 2026 en Lambayeque, según el conteo oficial de la Oficina Nacional de Procesos Electorales (ONPE). Revisa quién va ganando, porcentaje de votos y todos los detalles actualizados.","ONPE, JNE, Lambayeque, Keiko Fujimori, Roberto Sánchez, Jorge Nieto"
La República,2026-04-12 20:54:06,"Así votó La Libertad: resultados de las Elecciones Presidenciales 2026, según conteo oficial ONPE al 100%",Mailhy Rojas,https://larepublica.pe/elecciones/2026/04/12/resultados-de-las-elecciones-presidenciales-2026-como-voto-la-libertad-segun-conteo-de-la-onpe-hnews-175668,"Consulta los resultados de las Elecciones Presidenciales 2026 en La Libertad, según el conteo oficial de la Oficina Nacional de Procesos Electorales (ONPE). Revisa quién va ganando, porcentaje de votos y todos los detalles actualizados.","ONPE, JNE, La Libertad, Keiko Fujimori, Roberto Sánchez, Elecciones 2026"
La República,2026-04-12 20:46:10,Resultados ONPE al 100%: así votó Junín en las Elecciones Presidenciales 2026 tras conteo oficial,Mailhy Rojas,https://larepublica.pe/elecciones/2026/04/12/resultados-de-las-elecciones-presidenciales-2026-como-voto-junin-segun-conteo-de-la-onpe-hnews-810060,"Consulta los resultados de las Elecciones Presidenciales 2026 en Junín, según el conteo oficial de la Oficina Nacional de Procesos Electorales (ONPE).","ONPE, JNE, Junín, Keiko Fujimori, Roberto Sánchez"
La República,2026-04-12 21:29:42,Resultados ONPE al 100%: así votó Ica en las Elecciones Presidenciales 2026 tras conteo oficial,Mailhy Rojas,https://larepublica.pe/elecciones/2026/04/12/resultados-de-las-elecciones-presidenciales-2026-como-voto-ica-segun-conteo-de-la-onpe-hnews-154188,"Consulta los resultados de las Elecciones Presidenciales 2026 en Ica, según el conteo oficial de la Oficina Nacional de Procesos Electorales (ONPE). ","ONPE, JNE, Keiko Fujimori, Carlos Álvarez, Ricardo Belmont"
La República,2026-04-12 22:26:07,"Así votó Huánuco: resultados de las Elecciones Presidenciales 2026, según conteo oficial ONPE al 100%",Mailhy Rojas,https://larepublica.pe/elecciones/2026/04/12/resultados-de-las-elecciones-presidenciales-2026-como-voto-huanuco-segun-conteo-de-la-onpe-hnews-1069680,"Consulta los resultados de las Elecciones Presidenciales 2026 en Huánuco, según el conteo oficial de la Oficina Nacional de Procesos Electorales (ONPE). ","ONPE, JNE, Huánuco, Roberto Sánchez, Keiko Fujimori, Rafael López Aliaga"
La República,2026-04-12 22:22:48,"Así votó Huancavelica: resultados de las Elecciones Presidenciales 2026, según conteo oficial ONPE al 100%",Mailhy Rojas,https://larepublica.pe/politica/2026/04/12/resultados-de-las-elecciones-presidenciales-2026-como-voto-huancavelica-segun-conteo-de-la-onpe-hnews-446472,"Consulta los resultados de las Elecciones Presidenciales 2026 en Huancavelica, según el conteo oficial de la Oficina Nacional de Procesos Electorales (ONPE). ","ONPE, JNE, Huancavelica, Roberto Sánchez, Rafael López Aliaga, Keiko Fujimori, Elecciones 2026"
La República,2026-04-12 22:11:26,Así votó Cusco en las Elecciones Presidenciales 2026: resultados oficiales ONPE al 100%,Mailhy Rojas,https://larepublica.pe/politica/2026/04/12/resultados-de-las-elecciones-presidenciales-2026-como-voto-cusco-segun-conteo-de-la-onpe-hnews-978684,"Consulta los resultados de las Elecciones Presidenciales 2026 en Cusco, según el conteo oficial de la Oficina Nacional de Procesos Electorales (ONPE).","ONPE, JNE, Cusco"
La República,2026-04-12 20:33:29,Así votó Callao en las Elecciones Presidenciales 2026: resultados oficiales ONPE al 100%,Mailhy Rojas,https://larepublica.pe/politica/2026/04/12/resultados-de-las-elecciones-presidenciales-2026-como-voto-el-callao-segun-conteo-de-la-onpe-hnews-1134624,"Consulta los resultados de las Elecciones Presidenciales 2026 en el Callao, según el conteo oficial de la Oficina Nacional de Procesos Electorales (ONPE).","ONPE, JNE, Callao, Keiko Fujimori, Rafael López Aliaga, Elecciones 2026"
La República,2026-04-12 22:01:35,"Así votó Ayacucho: resultados de las Elecciones Presidenciales 2026, según conteo oficial ONPE al 100%",Mailhy Rojas,https://larepublica.pe/politica/2026/04/12/resultados-de-las-elecciones-presidenciales-2026-como-voto-ayacucho-segun-conteo-de-la-onpe-hnews-1076868,"Consulta los resultados de las Elecciones Presidenciales 2026 en Ayacucho, según el conteo oficial de la Oficina Nacional de Procesos Electorales (ONPE).","ONPE, JNE, Ayacucho"
La República,2026-04-12 20:22:29,"Así votó Arequipa: resultados de las Elecciones Presidenciales 2026, según conteo oficial ONPE al 100%",Mailhy Rojas,https://larepublica.pe/politica/2026/04/12/resultados-de-las-elecciones-presidenciales-2026-como-voto-arequipa-segun-conteo-de-la-onpe-hnews-682008,"Consulta los resultados de las Elecciones Presidenciales 2026 en Arequipa, según el conteo oficial de la Oficina Nacional de Procesos Electorales (ONPE). ","ONPE, JNE, Arequipa, Jorge Nieto, Keiko Fujimori"
La República,2026-04-13 08:04:58,"Así votó Áncash: resultados de las Elecciones Presidenciales 2026, según conteo oficial ONPE al 100%",Josué Chávez Cardoza,https://larepublica.pe/politica/2026/04/13/resultados-de-las-elecciones-presidenciales-2026-como-voto-ancash-segun-conteo-de-la-onpe-hnews-1121068,"Consulta los resultados de las Elecciones Presidenciales 2026 en Áncash, según el conteo oficial de la Oficina Nacional de Procesos Electorales (ONPE). Revisa quién ganó, porcentaje de votos y todos los detalles actualizados.","Áncash, Keiko Fujimori, Roberto Sánchez, Alfonso López - chau"
La República,2026-05-13 19:29:21,Veronika Mendoza postulará al Gobierno Regional de Cusco con la alianza Venceremos,Mauricio Muñoz,https://larepublica.pe/politica/2026/05/13/veronika-mendoza-postulara-al-gobierno-regional-de-cusco-con-la-alianza-venceremos-hnews-1001715,La excandidata presidencial en 2016 y 2021 participará en las elecciones que se celebrarán en octubre de 2023. Mendoza había comentado sus intenciones de postular a este cargo desde fines de 2025.,"Verónika Mendoza, Gobierno Regional de Cusco, Elecciones 2026, Elecciones Regionales y Municipales 2026"
La República,2026-04-12 21:42:00,"Así votó Amazonas: resultados de las Elecciones Presidenciales 2026, según conteo oficial ONPE al 100%",Mailhy Rojas,https://larepublica.pe/politica/2026/04/12/resultados-de-las-elecciones-presidenciales-2026-como-voto-amazonas-segun-conteo-de-la-onpe-hnews-241128,"Consulta los resultados de las Elecciones Presidenciales 2026 en Amazonas, según el conteo oficial de la Oficina Nacional de Procesos Electorales (ONPE). Revisa quién va ganando, porcentaje de votos y todos los detalles actualizados.","ONPE, JNE, Amazonas"
La República,2026-05-13 18:04:20,Primero La Gente anunció que Marisol Pérez Tello no está de acuerdo con apoyo a Roberto Sánchez,Jazmín Bianchi,https://larepublica.pe/politica/2026/05/13/primero-la-gente-anuncio-que-marisol-perez-tello-no-esta-de-acuerdo-con-apoyo-a-roberto-sanchez-hnews-291096,"Marco Zevallos, secretario general de Primero La Gente, explicó que el partido no comparte la postura del voto viciado y ratificó el apoyo a Juntos por el Perú para asegurar el equilibrio de poderes.","Roberto Sánchez, Marisol Perez Tello, Elecciones 2026"
La República,2026-05-14 11:05:28,Radiografía de la extorsión: El principal desafío de la seguridad ciudadana,Óscar Chumpitaz,https://larepublica.pe/politica/2026/05/14/radiografia-de-la-extorsion-el-principal-desafio-de-la-seguridad-ciudadana-extorsion-hnews-1023568,"Mientras que la PNP asegura que de enero a abril se denunciaron 5.781 extorsiones, el Ministerio Público afirma que se registraron 8.105. “Hay un desfase de 40%”, sostiene el analista de datos Juan Carbajal. La Policía insiste en que este año hay una reducción del 44,88% de ese delito.","Extorsión, Sicariato, Ministerio Público, Dirincri"
La República,2026-05-13 10:06:30,Congresista Francis Paredes es investigada por presunta red criminal vinculada a contratos millonarios en Ucayali,Ariadna Yaya,https://larepublica.pe/politica/2026/05/13/congresista-francis-paredes-es-investigada-por-presunta-red-criminal-vinculada-a-contratos-millonarios-en-ucayali-hnews-283621,La Fiscalía y la Policía allanaron 10 inmuebles en Lima y Ucayali como parte del caso 'Los Operadores del Oriente'. La parlamentaria de Podemos Perú es señalada por presuntamente direccionar contratos de vuelos médicos y colocar funcionarios en entidades públicas a cambio de pagos ilícitos.,"Congreso del Perú, Podemos Perú"
La República,2026-05-14 10:40:03,Comité de Ética de Juntos por el Perú evalúa suspensión de candidata a diputada que fue detenida preliminarmente,Narda Saavedra,https://larepublica.pe/politica/2026/05/14/comite-de-etica-de-juntos-por-el-peru-evalua-suspension-de-candidata-a-diputada-que-fue-detenida-preliminarmente-hnews-657160,"El secretario general del partido informó que respetarán el debido proceso y, de comprobarse una falta, sería separada de la militancia.",Juntos Por el Perú
La República,2026-05-13 20:36:40,Harvey Colchado lidera lista de los 10 diputados más votados en las Elecciones 2026,Jazmín Bianchi,https://larepublica.pe/politica/2026/05/13/harvey-colchado-lidera-lista-de-los-10-diputados-mas-votados-obtuvo-mas-de-135-mil-votos-hnews-376064,"Lima concentra la mayoría de los diputados virtuales más votados, con Renovación Popular y Ahora Nación a la cabeza. Yenifer Paredes es la única candidata de regiones que integra el grupo de los diez más votados a nivel nacional.","Elecciones 2026, Harvey Colchado"
La República,2026-05-13 06:49:00,ONPE rechazó rendición de cuentas de “Miki” Torres por viaje a Europa,Rosmery Tapara,https://larepublica.pe/politica/2026/05/13/onpe-rechazo-rendicion-de-cuentas-de-miki-torres-por-viaje-a-europa-keiko-fujimori-fuerza-popular-hnews-405509,"Candidato fujimorista quiso pasar como “capacitación” un retiro espiritual en Viena, Austria, que le costó S/15.072 y que cubrió con fondos públicos del financiamiento de las actividades de Fuerza Popular. Según los fiscalizadores, transgredió la Ley de Organizaciones Políticas.","Keiko Fujimori, Miguel Torres, Fuerza Popular, ONPE"
La República,2026-05-13 18:54:29,Keiko realiza campaña en Piura y Roberto Sánchez no sale de Lima a puertas de oficializarse la segunda vuelta,Josué Chávez Cardoza,https://larepublica.pe/politica/2026/05/13/keiko-realiza-campana-en-piura-y-roberto-sanchez-no-sale-de-lima-a-puertas-de-oficializarse-la-segunda-vuelta-hnews-496132,"Desde Chulucanas, Fujimori aseguró que no ha gobernado en los últimos 25 años, a pesar de que su partido consiguió mayoría en el Congreso y apoyó las denominadas leyes procrimen. Por su parte, Sánchez habló de su situación legal y del juicio que le esperaría.","Roberto Sánchez, ONPE, JNE, Keiko Fujimori, Elecciones 2026"
La República,2026-05-13 21:24:32,Dina Boluarte: Fiscalía formaliza investigación preparatoria por caso Los Dinámicos del Centro,Josué Chávez Cardoza,https://larepublica.pe/politica/2026/05/13/dina-boluarte-fiscalia-formaliza-investigacion-preparatoria-por-caso-los-dinamicos-del-centro-hnews-216502,La expresidenta Dina Boluarte es investigada por el presunto delito de lavado de activos.,"Dina Boluarte, Los Dinámicos del Centro, Perú Libre, Vladimir Cerrón"
La República,2026-05-13 22:54:10,"Comisión Permanente archiva denuncia contra Katy Ugarte por caso ""Mochasueldos""",Jazmín Bianchi,https://larepublica.pe/politica/2026/05/13/congreso-comision-permanente-archiva-denuncia-contra-katy-ugarte-por-caso-mochasueldos-hnews-414570,El grupo de trabajo del Parlamento determinó que no existen pruebas materiales suficientes para vincular a la legisladora con el presunto delito de concusión.,Congreso del Perú
La República,2026-05-13 20:03:16,Congreso: Más de 400 científicos piden aprobar ley que protege áreas marinas de la pesca industrial,Ariadna Yaya,https://larepublica.pe/politica/2026/05/13/congreso-mas-de-400-cientificos-piden-aprobar-ley-que-protege-areas-marinas-de-la-pesca-industrial-hnews-945074,Especialistas firmaron un pronunciamiento para exigir que el Congreso apruebe la norma que prohíbe la pesca industrial dentro de las áreas marinas protegidas del Perú. El pedido toma fuerza luego del fallo de la Corte Suprema sobre la Reserva Nacional de Paracas.,Congreso del Perú
La República,2026-05-13 17:32:58,Caso Valkiria: Fiscalía de la Nación archiva investigación contra Patricia Benavides por organización criminal,Ariadna Yaya,https://larepublica.pe/politica/2026/05/13/caso-valkiria-fiscalia-de-la-nacion-archiva-investigacion-contra-patricia-benavides-por-organizacion-criminal-hnews-676559,"La disposición fiscal también favorece a congresistas, asesores y personas cercanas a la gestión de Benavides. La Fiscalía concluyó que las coordinaciones políticas, reuniones y comunicaciones evaluadas durante las diligencias no acreditaban la existencia de una red criminal enquistada en el Ministerio Público.","Fiscalía, Patricia Benavides"
La República,2026-05-13 14:53:13,Contraloría: Eventos no deportivos deterioraron césped y pista atlética del Estadio Nacional,Óscar Chumpitaz,https://larepublica.pe/politica/2026/05/13/contraloria-eventos-no-deportivos-deterioraron-cesped-y-pista-atletica-del-estadio-nacional-contraloria-hnews-736099,"Además, durante una inspección de control, los auditores de la Contraloría General de la República encontraron cámaras de videovigilancia inoperativas, deficiente iluminación y daños parciales en la infraestructura. El IPD ha tomado medidas correctivas.","Estadio Nacional, IPD, Contraloría General de la República, Conciertos 2026"
La República,2026-05-13 09:32:57,Fiscalía acusa a suboficial PNP Luis Magallanes por muerte de “Trvko” durante protesta y pide más de 10 años de cárcel,Mauricio Muñoz,https://larepublica.pe/politica/2026/05/13/fiscalia-acusa-a-suboficial-pnp-luis-magallanes-por-muerte-de-trvko-durante-protesta-y-pide-mas-de-10-anos-de-carcel-hnews-863161,"La Fiscalía fundamenta su acusación con pericias forenses, necropsia y registros audiovisuales que incriminan a Magallanes en el homicidio del rapero Eduardo Ruiz Sanz ocurrido durante las protestas contra José Jerí.",Fiscalía
La República,2026-05-13 12:39:05,Francis Paredes rechaza vínculos con presunta organización criminal y niega acusaciones contra su hermana,Ariadna Yaya,https://larepublica.pe/politica/2026/05/13/francis-paredes-rechaza-vinculos-con-presunta-organizacion-criminal-y-niega-acusaciones-contra-su-hermana-podemos-peru-congreso-hnews-963638,La congresista aseguró que las imputaciones “carecen de sustento y verdad” y afirmó que colaborará con las autoridades. También sostuvo que su hermana no ha trabajado para el Estado y cuestionó que se le relacione con hechos irregulares sin pruebas.,"Podemos Perú, Congreso del Perú"
La República,2026-05-13 10:57:22,"Francis Paredes: presunta red criminal que lideraría congresista habría amasado hasta S/2 millones, según Fiscalía",Mauricio Muñoz,https://larepublica.pe/politica/2026/05/13/francis-paredes-presunta-red-criminal-que-lideraria-congresista-habria-amasado-hasta-s2-millones-segun-fiscalia-hnews-1078805,"El Ministerio Público investiga a Paredes y a su hermana, Rosa Paredes, por presuntos delitos de corrupción y organización criminal, en relación con la designación de personas en cargos clave.","Congreso del Perú, Fiscalía"
La República,2026-05-12 16:51:43,Fiscalía solicita más de 5 años de prisión contra Roberto Sánchez por aportes a Juntos por el Perú,Josué Chávez Cardoza,https://larepublica.pe/politica/2026/05/12/fiscalia-solicita-mas-de-5-anos-de-prision-contra-roberto-sanchez-por-aportes-a-juntos-por-el-peru-hnews-584328,"La Fiscalía ha solicitado 5 años y 4 meses de prisión contra el candidato presidencial Roberto Sánchez por presuntos delitos de falsa declaración y falseamiento de información ante la ONPE. El Poder Judicial evaluará el caso en una audiencia programada para el 27 de mayo, donde se decidirá si el proceso avanza a juicio oral tras seis años de investigaciones.","Roberto Sánchez, Juntos Por el Perú, Poder Judicial, ONPE"
La República,2026-05-12 08:43:04,Piero Corvetto se queda sin seguridad: PNP confirma que le retiraron el resguardo policial tras renunciar a la ONPE,Josué Chávez Cardoza,https://larepublica.pe/politica/2026/05/12/piero-corvetto-exjefe-de-la-onpe-ya-no-cuenta-con-seguridad-policial-segun-informo-la-pnp-hnews-444960,"El comandante general de la PNP, Óscar Arriola, informó que Corvetto ya no cuenta con seguridad personal debido a que ya no asume como jefe de la ONPE.","piero corvetto, ONPE, PNP"
La República,2026-05-12 07:19:26,Detienen a candidata de Juntos por el Perú por cobrar cupos y pagar coima a alcalde de Renovación Popular,Josué Chávez Cardoza,https://larepublica.pe/politica/2026/05/12/la-victoria-fiscalia-allano-la-casa-del-alcalde-ruben-cano-y-detiene-a-funcionarios-por-presuntos-cobros-de-cupos-hnews-892752,"La diligencia fiscal se realizó por presuntos cobros de cupos a comerciantes ambulantes en Gamarra, La Victoria. Según la tesis del Ministerio Público, esta supuesta red amasó una fortuna de S/75 millones. Entre las detenidas figura Jhuliana Carbonel Carbonel, quien postuló a la Cámara de Diputados con Juntos por el Perú.","La Victoria, Fiscalía, Renovación Popular"
La República,2026-05-12 11:33:52,PCM asegura que el Gobierno de Balcázar no tiene en agenda indultar a Pedro Castillo,Josué Chávez Cardoza,https://larepublica.pe/politica/2026/05/12/pcm-asegura-que-el-gobierno-de-balcazar-no-tiene-en-agenda-indultar-a-pedro-castillo-hnews-1106496,"El primer ministro, Luis Arroyo, indicó que el presidente Balcázar está al tanto de la situación y reafirma que no está en agenda la gracia presidencial a Pedro Castillo.","Pedro Castillo, José María Balcázar, Luis Arroyo"
La República,2026-05-13 05:10:00,"Fiscal de la Nación, Tomás Gálvez pide al Congreso aprobar nueva Ley Orgánica del Ministerio Público",César Romero Calle,https://larepublica.pe/politica/2026/05/13/fiscal-de-la-nacion-tomas-galvez-pide-al-congreso-aprobar-nueva-ley-organica-del-ministerio-publico-hnews-801384,La policía se opone. El Congreso pausó el debate y la aprobación de la Ley Orgánica del Ministerio Público para incluir las observaciones planteadas por diversos congresistas. El Ministerio del Interior dice que afecta atribuciones de la Policía. Gálvez sostiene que busca modernizar la investigación para combatir con eficiencia el crimen.,
La República,2026-05-12 14:05:00,"Guillermo Bermejo reaparece y pide al Poder Judicial suspender su condena: ""Soy inocente (...) siempre he dado la cara""",Josué Chávez Cardoza,https://larepublica.pe/politica/2026/05/12/guillermo-bermejo-reaparece-y-pide-al-poder-judicial-suspender-su-condena-soy-inocente-siempre-he-dado-la-cara-hnews-558900,"El excongresista aseguró que, cuando se enteró del juicio, volvió al Perú para ""dar la cara"". Según Guillermo Bermejo, durante el proceso judicial ha sufrido violencia psicológica y física.","Guillermo Bermejo, Poder Judicial, Congreso del Perú"
La República,2026-05-12 23:00:38,"Hernando Cevallos sobre candidata de Juntos por el Perú detenida: ""El filtro falló""",Narda Saavedra,https://larepublica.pe/politica/2026/05/12/hernando-cevallos-sobre-candidata-de-juntos-por-el-peru-detenida-el-filtro-fallo-hnews-778296,Exhortó a no generalizar ese caso a todos los candidatos del partido y que se trata de una investigación preliminar.,Juntos Por el Perú
La República,2026-05-12 22:22:24,Víctimas del Sodalicio rechazan cuestionamientos contra la misión Jordi Bertomeu: “Son absurdos”,Narda Saavedra,https://larepublica.pe/politica/2026/05/12/victimas-del-sodalicio-rechazan-cuestionamientos-contra-la-mision-jordi-bertomeu-son-absurdos-hnews-394356,"Por medio de un comunicado, indicaron que los cuestionamientos “revelan algo más profundo que una simple discrepancia eclesial” y reflejan “la intolerancia” de ciertos sectores.",Sodalicio
La República,2026-05-08 09:54:43,Fuerza Popular tiene la mayor cantidad de senadores en la lista de los menos votados,Jazmín Bianchi,https://larepublica.pe/politica/2026/05/08/elecciones-2026-los-10-posibles-senadores-que-recibieron-menos-de-9-mil-votos-hnews-307086,"El partido de Keiko Fujimori será la principal fuerza política en la Cámara Alta, con 22 representantes. JP se ubica en el segundo lugar con 14 senadores. El senador menos votado es Víctor Cutipa de JP. Solo obtuvo 1.994 votos.","Congreso del Perú, Elecciones 2026"
La República,2026-05-12 21:06:14,"Primero La Gente propone acuerdo a Juntos por el Perú: ""Con la esperanza de un Perú más justo ¡Fujimori nunca más!""",Jazmín Bianchi,https://larepublica.pe/politica/2026/05/12/primero-la-gente-propone-acuerdo-a-juntos-por-el-peru-con-la-esperanza-de-un-peru-mas-justo-fujimori-nunca-mas-hnews-160248,"El partido propone un ""pacto por el Perú"" de cara a la segunda vuelta y señala que apoyará a Juntos por el Perú previo a la derogatoria de leyes procrimen.",
La República,2026-05-12 20:52:55,"Al 99,9% de actas contabilizadas, Keiko Fujimori y Roberto Sánchez competirán en la segunda vuelta",Diego Alva,https://larepublica.pe/politica/2026/05/12/resultados-onpe-al-999-de-actas-contabilizadas-keiko-fujimori-y-roberto-sanchez-competiran-en-la-segunda-vuelta-hnews-800652,"Hasta el momento, 16 Jurados Electorales Especiales ya han proclamado resultados en sus respectivas jurisdicciones. A nivel nacional, 39 provincias ya formalizaron el conteo y enviaron las actas al Jurado Nacional de Elecciones. En 15 distritos de Lima también completaron este proceso.",
La República,2026-05-12 19:57:45,"Roberto Sánchez tras ser consultado sobre su pase a segunda vuelta: ""El santo pueblo ya habló""",Jazmín Bianchi,https://larepublica.pe/politica/2026/05/12/roberto-sanchez-tras-ser-consultado-sobre-su-pase-a-segunda-vuelta-el-santo-pueblo-ya-hablo-hnews-934308,"Con el 99,905% de actas contabilizadas, el candidato de Juntos por el Perú consolida una ventaja de 18 mil votos sobre Rafael López Aliaga y asegura que mantiene el respaldo de los pueblos olvidados.",
La República,2026-05-12 20:03:00,ONPE: estas son las 10 regiones que llegaron al 100% de su conteo presidencial,Narda Saavedra,https://larepublica.pe/politica/2026/05/12/onpe-estas-son-las-10-regiones-que-llegaron-al-100-de-su-conteo-presidencial-hnews-399048,Keiko Fujimori y Roberto Sánchez se perfilan como los principales contendores para disputar la segunda vuelta electoral del próximo 7 de junio.,ONPE
La República,2026-05-12 18:42:55,Comisión de Constitución aprueba nueva ley de impunidad para prescribir crímenes de lesa humanidad y casos de violación de DD.HH,Carlos Villacorta,https://larepublica.pe/politica/2026/05/12/congreso-comision-de-constitucion-aprueba-nueva-ley-de-impunidad-para-prescribir-crimenes-de-lesa-humanidad-hnews-448140,La propuesta de Fernando Rospigliosi busca introducir el delito de lesa humanidad en el Código Penal con una serie de requisitos para beneficiar a policías y militares procesados por dichos crímenes.,"Congreso del Perú, Comisión de Constitución"
La República,2026-05-12 18:46:15,Ruth Luque sobre nueva ley que prescribe crímenes de lesa humanidad: “Es parte de la impunidad que promueve el fujimorismo”,Narda Saavedra,https://larepublica.pe/politica/2026/05/12/ruth-luque-sobre-nueva-ley-que-prescribe-crimenes-de-lesa-humanidad-es-parte-de-la-impunidad-que-promueve-el-fujimorismo-hnews-359292,"Asimismo, alertó que el dictamen se ha revisado con una inusual celeridad y que debió ser evaluado por la Comisión de Justicia y Derechos Humanos.",Congreso del Perú
La República,2026-05-12 16:25:13,Alerta: La defensa de las áreas marinas protegidas en manos del Congreso saliente,Rosmery Tapara,https://larepublica.pe/politica/2026/05/12/alerta-la-defensa-de-las-areas-marinas-protegidas-en-manos-del-congreso-saliente-hnews-737856,"El dictamen que fortalece a las Áreas Naturales Protegidas e impide la pesca industrial en estas zonas se encuentra a la espera del debate y aprobación en el Congreso saliente. De aprobarse el proyecto de ley, contribuiría a resguardar definitivamente los recursos marinos en beneficio de todos los peruanos.","Reserva Nacional de Paracas, Pesca, Congreso del Perú"
La República,2026-05-12 16:51:56,“El hacinamiento en las cárceles favorece la extorsión y al sicariato”,Óscar Chumpitaz,https://larepublica.pe/politica/2026/05/12/el-hacinamiento-en-las-carceles-favorece-la-extorsion-y-al-sicariato-carceles-hnews-275700,"Así lo reconoció el ministro de Justicia y Derechos Humanos, Luis Jiménez Borra, durante el traslado de 48 internas en Chorrillos. “Hay desorden y no podemos encontrar celulares, droga ni armas punzantes”, afirmó. El presidente del Inpe, Henry Cotos Ochoa, señaló que trabaja en la coordinación y evaluación de los centros penitenciarios y de la población penal.","INPE, Penal de Santa Mónica, delincuencia, Crimen organizado"
La República,2026-05-12 15:41:25,JNJ inicia evaluación de jueces y fiscales: Roberto Burneo encabeza lista de magistrados convocados,Jazmín Bianchi,https://larepublica.pe/politica/2026/05/12/jnj-inicia-evaluacion-de-jueces-y-fiscales-roberto-burneo-encabeza-lista-de-magistrados-convocados-hnews-1074600,Un total de 490 magistrados serán evaluados por la JNJ para asegurar un desempeño óptimo en sus cargos.,
La República,2026-05-12 14:29:04,PJ declara inadmisible demanda de Renzo Reggiardo para convocar a elecciones complementarias,Narda Saavedra,https://larepublica.pe/politica/2026/05/12/poder-judicial-declara-inadmisible-demanda-de-renzo-reggiardo-para-convocar-a-elecciones-complementarias-hnews-595488,"Reggiardo tiene 3 días para subsanar lo observado, de lo contrario se archivará el expediente.","Renzo Reggiardo, JNE, Poder Judicial"
La República,2026-05-12 13:17:46,1725 gobernadores y alcaldes se elegirán el próximo 4 de octubre,Narda Saavedra,https://larepublica.pe/politica/2026/05/12/1725-gobernadores-y-alcaldes-se-elegiran-el-proximo-4-de-octubre-hnews-182720,"Con miras a definir a sus candidatos, un total de 76 organizaciones políticas realizarán sus elecciones primarias el próximo 17 y 24 de mayo.",ONPE
La República,2026-05-12 09:29:20,"Hasta 42 candidatos competirían en elecciones de Lima: Susel Paredes, Carlos Bruce y Francis Allison entre los más voceados",Mauricio Muñoz,https://larepublica.pe/politica/2026/05/12/hasta-42-candidatos-competirian-en-elecciones-de-lima-susel-paredes-carlos-bruce-y-francis-allison-entre-los-mas-voceados-hnews-654467,Las elecciones municipales de Lima se celebrarán este 4 de octubre. Participarán también partidos que perdieron su inscripción tras no superar la valla electoral en los recientes comicios generales.,"Susel Paredes, Carlos Bruce, Francis Allison, Elecciones 2026"
La República,2026-05-11 23:30:05,"Keiko Fujimori pagó con dinero público un “tour turístico” a California, EE.UU",Rosmery Tapara,https://larepublica.pe/politica/2026/05/11/keiko-fujimori-pago-con-dinero-publico-un-tour-turistico-a-california-eeuu-fuerza-popular-onpe-fujimorismo-hnews-167497,"Fiscalización. La candidata Keiko Fujimori rindió cuentas por los S/27.927 que destinó a sus gastos para un periplo con fines de “capacitación”, pero la ONPE detectó que fue una visita protocolar.","Keiko Fujimori, Fuerza Popular, ONPE"
La República,2026-05-11 22:35:06,"Lourdes Flores Nano asegura que Alan García le ofreció a Keiko indultar a su padre y ella respondió ""no""",Jazmín Bianchi,https://larepublica.pe/politica/2026/05/11/lourdes-flores-nano-asegura-que-alan-garcia-ofrecio-a-keiko-indultar-a-su-padre-y-ella-respondio-no-hnews-543785,"Lourdes Flores Nano detalló una conversación privada con Alan García, donde le confesó que Keiko Fujimori no habría respaldado el indulto a su padre, Alberto Fujimori, cuando se le consultó formalmente antes del cambio de mando en 2011.",
La República,2026-05-11 22:13:26,"Se inicia proclamación de resultados de la primera vuelta, pese a intentos de retrasar el balotaje",Diego Alva,https://larepublica.pe/politica/2026/05/11/elecciones-2026-se-inicia-proclamacion-de-resultados-de-la-primera-vuelta-pese-a-intentos-de-retrasar-el-balotaje-keiko-fujimori-roberto-sanchez-rafael-lopez-aliaga-hnews-818290,"DESENLACE. Once regiones del país ya tienen el 100% de sus actas contabilizadas. Y en Lima, 29 distritos hicieron lo propio. Jurados Electorales Especiales iniciaron la proclamación de resultados como antesala al fin de la primera vuelta. Keiko Fujimori y Roberto Sánchez competirán por el sillón presidencial.",Elecciones 2026
La República,2026-05-11 21:15:06,Comisión de la Mujer: congresistas plantean normas existentes e ignoran revisar la actual legislación,Jazmín Bianchi,https://larepublica.pe/politica/2026/05/11/comision-de-la-mujer-congresistas-plantean-normas-existentes-e-ignoran-revisar-la-actual-legislacion-hnews-447557,"Los informes técnicos del Ministerio de la Mujer advierten que las propuestas son inconstitucionales y presentan una duplicidad normativa. Al respecto, Tania Pariona señala que el Congreso ignora problemas de fondo como la falta de justicia para las niñas de la Amazonía y exige que se priorice el presupuesto para políticas de infancia en lugar de leyes que criminalizan la pobreza.",
La República,2026-05-11 19:44:38,Veinte universidades nacionales rechazan proyecto de ley que habilita la reelección de rectores,Jazmín Bianchi,https://larepublica.pe/politica/2026/05/11/20-universidades-nacionales-rechazan-proyecto-de-ley-que-habilita-la-reeleccion-de-rectores-hnews-874698,Juntos por el Perú y la Bancada Socialista retiraron sus firmas del proyecto.,
La República,2026-05-11 19:55:30,"Harvey Colchado sobre iniciativa del Congreso que separaría a Delia Espinoza del CAL: ""Buscan aislar a sus adversarios""",Mauricio Muñoz,https://larepublica.pe/politica/2026/05/11/harvey-colchado-sobre-iniciativa-del-congreso-que-separaria-a-delia-espinoza-del-cal-buscan-aislar-a-sus-adversarios-hnews-729498,El exjefe de la Diviac y virtual diputado por Ahora Nación calificó como “persecución política” las nuevas medidas impulsadas por el Congreso contra Delia Espinoza.,"Harvey Colchado, Congreso del Perú, Delia Espinoza"
La República,2026-05-11 17:25:59,Delia Espinoza: colectivos rechazan nueva inhabilitación de la exfiscal de la Nación,Ariadna Yaya,https://larepublica.pe/politica/2026/05/11/delia-espinoza-colectivos-organizan-plantones-a-favor-de-exfiscal-de-la-nacion-tras-nueva-inhabilitacion-hnews-371063,"Organizaciones de la sociedad civil y colectivos ciudadanos convocaron a plantones en respaldo de la exfiscal de la Nación, Delia Espinoza, luego de la nueva inhabilitación aprobada por el Congreso.",Delia Espinoza
La República,2026-05-11 09:20:30,Abogado del expresidente Pedro Castillo volverá a pedir indulto tras inadmisibilidad de solicitud previa,Ariadna Yaya,https://larepublica.pe/politica/2026/05/11/pedro-castillo-abogado-del-expresidente-volvera-a-solicitar-indulto-tras-inadmisibilidad-de-la-solicitud-previa-hnews-953370,"Walter Ayala, defensa de Castillo, informó que presentará un nuevo recurso ante la Comisión de Gracias Presidenciales luego de que el pedido formulado en febrero fuera rechazado por observaciones administrativas. Ayala afirmó que aún no recibe la resolución oficial con los fundamentos de la decisión.",Pedro Castillo
La República,2026-05-11 08:17:09,Roberto Sánchez a un paso del juicio oral por presunta falsa declaración ante ONPE,Ariadna Yaya,https://larepublica.pe/politica/2026/05/11/roberto-sanchez-a-un-paso-del-juicio-oral-por-presunta-falsa-declaracion-ante-la-onpe-hnews-1078704,El Poder Judicial evaluará este 27 de mayo si el candidato presidencial de Juntos por el Perú pasa a juicio oral por presuntas irregularidades en el financiamiento partidario y la entrega de información falsa al organismo electoral.,"Roberto Sánchez, ONPE"
La República,2026-05-11 14:03:47,Resultados ONPE: sigue minuto a minuto el conteo oficial,Jazmín Bianchi,https://larepublica.pe/politica/2026/05/11/resultados-onpe-sigue-minuto-a-minuto-el-conteo-oficial-hnews-1005015,"El lunes 11 de mayo, los Jurados Electorales Especiales (JEE) comenzarán con la proclamación formal de los resultados presidenciales. Según las cifras procesadas hasta el momento, Roberto Sánchez se perfila como el rival de Keiko Fujimori para la segunda vuelta electoral.",
La República,2026-05-11 13:31:10,Edward Málaga anunció en la ONU una ley sobre minería submarina que nunca presentó,Adrián Sarria Muñoz,https://larepublica.pe/politica/2026/05/11/edward-malaga-anuncio-en-la-onu-una-ley-sobre-mineria-submarina-que-nunca-presento-hnews-201168,"El congresista viajó a Portugal y Egipto con fondos públicos para participar en cumbres internacionales sobre océanos y cambio climático. Aunque anunció que propondría en Perú una moratoria a la minería submarina, el proyecto jamás llegó al Congreso.","Congreso del Perú, Minería, Mar Peruano, Océano, Proyecto de Ley, ONU"
La República,2026-05-10 09:57:06,LINK de ONPE para ver los resultados finales Elecciones Perú 2026: Roberto Sánchez vs. López Aliaga,Josué Chávez Cardoza,https://larepublica.pe/politica/2026/05/10/link-oficial-de-la-onpe-para-ver-los-resultados-finales-de-las-elecciones-generales-2026-roberto-sanchez-vs-lopez-aliaga-hnews-450590,"Conteo de votos en la recta final. La ONPE está al 99,549% y colocan a Roberto Sánchez en la segunda vuelta. El candidato de Juntos por el Perú le saca más de 13.000 votos de diferencia a López Aliaga.","Elecciones 2026, ONPE, Rafael López Aliaga, Roberto Sánchez, Renovación Popular, Juntos Por el Perú"
La República,2026-05-04 12:11:54,Cómo cobrar los 165 soles si fui miembro de mesa en las Elecciones Generales 2026,Ariadna Yaya,https://larepublica.pe/politica/2026/05/04/como-cobrar-si-fui-miembro-de-mesa-elecciones-peru-2026-estos-son-los-pasos-para-tramitar-el-cobro-de-los-165-soles-hnews-367368,"Si participaste como miembro de mesa en las Elecciones Perú 2026, mira cómo puedes cobrar los 165 soles ofrecidos por la ONPE. Revisa aquí cómo hacer el trámite, con DNI y paso a paso.","Elecciones 2026, ONPE"
La República,2026-05-09 20:46:10,"Roberto Sánchez: ""La única hoja de ruta que habrá será con el Perú profundo""",Ariadna Yaya,https://larepublica.pe/politica/2026/05/09/roberto-sanchez-la-unica-hoja-de-ruta-que-habra-sera-con-el-peru-profundo-hnews-314793,"El candidato presidencial de Juntos por el Perú encabezó un mitin en Huaycán junto a sus simpatizantes y cuestionó los intentos de desconocer los votos provenientes de zonas rurales. Además, afirmó que buscará un gobierno con respaldo de organizaciones sociales y fuerzas políticas.","Roberto Sánchez, Elecciones 2026"
La República,2026-05-11 07:34:52,Pataz: Este fue el importante arsenal de guerra incautado tras un enfrentamiento,Óscar Chumpitaz,https://larepublica.pe/politica/2026/05/11/pataz-este-fue-el-importante-arsenal-de-guerra-incautado-tras-un-enfrentamiento-pataz-hnews-1022109,"Operación Águila Dorada fue ejecutada luego de que sujetos armados tomaran por asalto el nivel de labor minera 2820. Se incautó fusiles FAL, Galil, R-15, escopetas, municiones y explosivos. Pese al gran despliegue del Comando Operacional del Norte, a través del Comando Unificado Pataz (Cupaz), no se logró detener a ningún sospechoso.","Pataz, Fuerzas Armadas del Perú, Policía Nacional del Perú, minería ilegal"
La República,2026-05-07 16:19:51,Del escritorio a la curul: 15 trabajadores del Congreso serán senadores y diputados de Fuerza Popular,Adrián Sarria Muñoz,https://larepublica.pe/politica/2026/05/07/del-escritorio-a-la-curul-15-trabajadores-del-congreso-seran-senadores-y-diputados-de-fuerza-popular-hnews-634571,"Jefes de gabinete, técnicos parlamentarios, asesores y trabajadores administrativos del Legislativo alcanzaron una curul en las elecciones de 2026 como candidatos del partido fujimorista. Algunos ya fueron congresistas y retornan a un nuevo periodo, y otros hicieron toda su trayectoria profesional en el Parlamento.","Congreso del Perú, Elecciones 2026, Fuerza Popular, Fujimorismo"
La República,2026-05-10 13:44:53,"Keiko Fujimori y Roberto Sánchez pasarían a segunda vuelta con resultados ONPE al 99,562%",Josué Chávez Cardoza,https://larepublica.pe/politica/2026/05/10/keiko-fujimori-y-roberto-sanchez-pasarian-a-segunda-vuelta-con-resultados-onpe-al-99562-hnews-174340,"Keiko Fujimori lidera con 17,173% de los votos, seguida por Roberto Sánchez con 11,994%. Rafael López Aliaga se encuentra en tercer lugar con 11,9177. Aún quedan 406 actas observadas por enviar a los Jurados Electorales Especiales, se concentran en diversas regiones, destacando Lima y Piura con la mayor cantidad de actas pendientes.","Roberto Sánchez, Keiko Fujimori, ONPE, Elecciones 2026"
La República,2026-05-10 08:02:16,"ONPE al 99,549% de votos contabilizados: Roberto Sánchez se perfila como ganador en 11 regiones del Perú",Josué Chávez Cardoza,https://larepublica.pe/politica/2026/05/10/onpe-al-99549-de-votos-contabilizados-roberto-sanchez-se-perfila-como-ganador-en-11-regiones-del-peru-hnews-702880,"El candidato de Juntos por el Perú gana con amplia mayoría en Amazonas, Huánuco, Apurímac, Ayacucho, Cajamarca y Cusco. Con estos resultados, Roberto Sánchez iría a la segunda vuelta contra Keiko Fujimori.","Elecciones 2026, Roberto Sánchez, Juntos Por el Perú, ONPE, Keiko Fujimori, Rafael López Aliaga"
La República,2026-05-10 16:54:29,ONPE establece que partidos políticos presenten su información financiera anual del 2025 antes del 1 de julio,Josué Chávez Cardoza,https://larepublica.pe/politica/2026/05/10/onpe-establece-que-partidos-politicos-presenten-su-informacion-financiera-anual-del-2025-antes-del-1-de-julio-hnews-270750,"Los partidos políticos deberán informar sobre los aportes recibidos, ingresos, gastos y aportantes durante el 2025.","Elecciones 2026, ONPE"
La República,2026-05-11 05:12:00,Corte Suprema advierte que la independencia judicial está en riesgo,César Romero Calle,https://larepublica.pe/politica/2026/05/11/corte-suprema-de-justicia-advierte-que-la-independencia-judicial-esta-en-riesgo-hnews-839690,"Alerta. La máxima instancia judicial del país considera que hay una campaña en marcha, desde diversos sectores políticos, dirigida a deslegitimar el sistema judicial con miras a lograr su control político.","Poder Judicial, Corte Suprema, Independencia"
La República,2026-05-10 22:16:06,Renovación Popular: Jurados Electorales rechazan 80 pedidos de nulidad de la serie 900 mil,Narda Saavedra,https://larepublica.pe/politica/2026/05/10/renovacion-popular-jurados-electorales-rechazan-80-pedidos-de-nulidad-de-la-serie-900-mil-hnews-712050,"A la fecha, 33 JEE de distintas regiones han declarado inadmisible, improcedente o archivado las solicitudes del partido de López Aliaga. Otras tantas, se encuentran en trámite. ",Renovación Popular
La República,2026-05-08 17:18:27,Comisión de Fiscalización cita al ministro de Justicia este 13 de mayo por cambios en Comisión de Gracias Presidenciales,Ariadna Yaya,https://larepublica.pe/politica/2026/05/08/comision-de-fiscalizacion-cita-al-ministro-de-justicia-este-13-de-mayo-por-cambios-en-comision-de-gracias-presidenciales-hnews-793128,"La Comisión de Fiscalización aprobó convocar al ministro de Justicia, Luis Jiménez, para que explique los criterios utilizados en la renovación de integrantes de la Comisión de Gracias Presidenciales. El pedido fue impulsado por el congresista Ilich López y recibió 11 votos a favor.","Comisión de Fiscalización, Ministerio de Justicia, Congreso del Perú"
La República,2026-05-10 19:42:32,Noelia Herrera defiende proyecto de ley que elimina figura del feminicidio y minimiza caso de Eyvi Agreda,Mauricio Muñoz,https://larepublica.pe/politica/2026/05/10/noelia-herrera-defiende-proyecto-de-ley-que-elimina-la-figura-del-feminicidio-que-pasa-si-es-un-senor-hnews-107120,"La parlamentaria de Renovación Popular aseguró que el proyecto de ley planteado por su compañera de bancada Milagros Jaúregui no atenta contra la igualdad, pese a que cifras oficiales muestran altos índices de violencia contra las mujeres.","Renovación Popular, Feminicidio, Congreso del Perú"
La República,2026-05-10 18:39:40,Keiko Fujimori enfoca su campaña en zonas rurales; Roberto Sánchez apuesta más por entrevistas sin salir de Lima,Mauricio Muñoz,https://larepublica.pe/politica/2026/05/10/keiko-fujimori-enfoca-su-campana-en-zonas-rurales-roberto-sanchez-apuesta-mas-por-entrevistas-sin-salir-de-lima-hnews-282280,"Los candidatos de Fuerza Popular y Juntos por el Perú se perfilan como los principales contendores para la segunda vuelta electoral del 7 de junio, cada uno con estrategias de campaña diferenciadas.","Keiko Fujimori, Roberto Sánchez"
La República,2026-05-10 17:00:00,Mujeres que protegen la Amazonía pese a las amenazas,Óscar Chumpitaz,https://larepublica.pe/politica/2026/05/10/mujeres-que-protegen-la-amazonia-pese-a-las-amenazas-defensores-ambientales-hnews-639110,"Lucha incansable. Historias de lideresas indígenas que defienden sus territorios de la minería, la deforestación, los impactos ambientales y los cultivos ilícitos. Más de 120 mujeres se enfrentan a amenazas de muerte, ocupando puestos de liderazgo en toda la región Amazónica. Esa cifra sigue aumentando gracias a programas de formación e intercambios comunitarios.","Medio ambiente, Día Mundial del Medio Ambiente, Amazonía, Narcotráfico"
La República,2026-04-11 09:25:27,Ernesto de la Jara: “El Tribunal Constitucional da sentencias que son aberrantes”,Gabriel Ruiz Ortega,https://larepublica.pe/cultural/2026/04/11/ernesto-de-la-jara-el-tribunal-constitucional-da-sentencias-que-son-aberrantes-hnews-1044670,"El abogado Ernesto de la Jara lanza su libro gratuito ""El curso de la justicia"", que explica el sistema judicial peruano de manera accesible y crítica. La obra invita a la población a entender temas complejos con ejemplos prácticos.","Impresa, Tribunal Constitucional, Keiko Fujimori, Pedro Castillo, José Domingo Pérez, Carlos Vela, PPK, Alejandro Toledo, Dionisio Romero, Club de la Construcción, Dina Boluarte, Daniel Urresti"
La República,2026-05-10 14:41:16,"RMP sobre las posibilidades de Keiko en segunda vuelta: ""El abuso de poder es su consigna y su talón de Aquiles""",Mauricio Muñoz,https://larepublica.pe/politica/2026/05/10/rosa-maria-palacios-sobre-las-posibilidades-de-keiko-en-segunda-vuelta-el-abuso-de-poder-es-su-consigna-y-su-talon-de-aquiles-698240,"En su más reciente columna para La República, la periodista y abogada también señaló que Fujimori no ha deslindado de la narrativa fraudista impulsada por el líder de Renovación Popular, Rafael López Aliaga.","Rosa María Palacios, Keiko Fujimori, Roberto Sánchez"
La República,2026-05-10 02:57:46,Juan Carlos Ubilluz: “El fujimorismo se ha convertido en un partido de derecha radical populista”,Emilio Camacho,https://larepublica.pe/politica/2026/05/10/juan-carlos-ubilluz-el-fujimorismo-se-ha-convertido-en-un-partido-de-derecha-radical-populista-hnews-825010,"¿Cómo entender el crecimiento de la ultraderecha en Latinoamérica y nuestro país? Juan Carlos Ubilluz, maestro en San Marcos y narrador, ha escrito Sin odiar al enemigo (Taurus, 2026), un libro que trata de responder esta interrogante. Desde el Estados Unidos de Donald Trump y la experiencia de Jair Bolsonaro en Brasil, hasta las expresiones destempladas de Rafael López Aliaga y sus seguidores en las calles de Lima, el autor revisa paso por paso cómo se fue construyendo este fenómeno.","Fujimorismo, Rafael López Aliaga, Donald Trump, Jair Bolsonaro, Javier Milei"
La República,2026-05-10 11:13:35,Elecciones 2026: Más de 13.000 votos separan a Roberto Sánchez y Rafael López Aliaga,Diego Alva,https://larepublica.pe/politica/2026/05/10/elecciones-2026-mas-de-13000-votos-separan-a-roberto-sanchez-y-rafael-lopez-aliaga-hnews-478350,"EN LA RECTA FINAL. Al cierre de edición y con el conteo de la ONPE al 99,5%, solo están pendientes 418 actas observadas para tener los resultados oficiales. La fecha límite para el recuento de votos, establecida por la propia JNE, venció el pasado 7 de mayo.","Rafael López Aliaga, Roberto Sánchez, Elecciones 2026"
La República,2026-05-10 11:20:05,"José Domingo Pérez no descarta ser ministro de Justicia si gana Roberto Sánchez: ""No tengo ninguna incompatibilidad""",Mauricio Muñoz,https://larepublica.pe/politica/2026/05/10/jose-domingo-perez-no-descarta-ser-ministro-de-justicia-si-gana-roberto-sanchez-no-tengo-ninguna-incompatibilidad-hnews-980520,El exfiscal del extinto Equipo Especial Lava Jato aseguró que desde Juntos por el Perú apostarán por una reforma del sistema de justicia.,"José Domingo Pérez, Ministerio de Justicia, Roberto Sánchez"
La República,2026-05-10 10:34:52,ONPE comenzó la impresión del material electoral de cara a la segunda vuelta presidencial,Josué Chávez Cardoza,https://larepublica.pe/politica/2026/05/10/onpe-comenzo-la-impresion-del-material-electoral-de-cara-a-la-segunda-vuelta-presidencial-hnews-892650,"Este proceso comenzó el pasado 8 de mayo, con la creación del ""acta padrón"", que incluye la lista de electores distribuidos en las 92.766 mesas de sufragio establecidas para la segunda vuelta. El material impreso será trasladado a Lurín para su ensamblaje y posterior distribución a los locales de votación.","ONPE, Elecciones 2026, Keiko Fujimori, Rafael López Aliaga, Roberto Sánchez"
La República,2026-05-10 09:02:23,"Nuevo Congreso tendrá más figuras castrenses, pero su influencia dependerá de la articulación que logren",Mauricio Muñoz,https://larepublica.pe/politica/2026/05/10/nuevo-congreso-tendra-mas-figuras-castrenses-pero-su-influencia-dependera-de-la-articulacion-que-logren-hnews-698866,"Cuatro exuniformados llegarían al Senado, la cámara que concentrará el mayor peso legislativo. Sin embargo, especialistas advierten que las figuras castrenses siguen sin construir una agenda común ni liderazgo propio.","Fuerzas Armadas del Perú, Marina de Guerra, Ejército peruano, Congreso del Perú"
La República,2026-05-10 06:49:00,Militares y policías se enfrentan por el control de la minería ilegal en Pataz,Doris Aguirre,https://larepublica.pe/politica/2026/05/10/militares-y-policias-se-enfrentan-por-el-control-de-la-mineria-ilegal-en-pataz-pnp-hnews-559080,"Tierra en trance. Cuando un equipo de agentes de la policía llegó de Trujillo para investigar a los autores del asesinato de un empresario minero ilegal, Jolvi Rodríguez, una patrulla del Ejército los detuvo y los presentó como delincuentes. Días después, efectivos policiales de una comisaría de Pataz detuvieron al chofer de un oficial del Ejército que tenía entre sus pertenencias nada menos que la placa de la moto de la víctima, Jolvi Rodríguez.","Policía Nacional del Perú, Ejército peruano, Ministerio Público"
La República,2026-05-09 22:55:42,ONPE entrega al JNE base de datos de actas electorales y auditoría del cómputo de las Elecciones 2026,Ariadna Yaya,https://larepublica.pe/politica/2026/05/09/onpe-entrega-al-jne-base-de-datos-de-actas-electorales-y-auditoria-del-computo-de-las-elecciones-2026-hnews-864009,"La ONPE remitió al JNE la base de datos de las actas utilizadas en las Elecciones Generales 2026 y entregó los informes de auditoría del sistema de escrutinio, cómputo electoral y presentación de resultados.",Elecciones 2026
La República,2026-05-09 22:17:42,Resultados ONPE al 100% en regiones: Cifras confirman que el favoritismo de López Aliaga no sale de Lima,Jazmín Bianchi,https://larepublica.pe/politica/2026/05/09/resultados-onpe-al-100-en-regiones-cifras-confirman-que-el-favoritismo-de-lopez-aliaga-no-sale-de-lima-hnews-271548,"Hasta el momento, son 9 las regiones que han alcanzado el 100% de actas contabilizadas. El candidato de Renovación Popular no ocupó ni el segundo ni el tercer lugar en ninguna región. Su respaldo solo alcanza el Callao y Lima.",
La República,2026-05-09 10:51:56,"Delia Espinoza tras inhabilitación del Congreso: ""No se dan cuenta de que se van a ir tarde o temprano’”",Eva Palomino,https://larepublica.pe/politica/2026/05/09/delia-espinoza-tras-inhabitacion-del-congreso-no-se-dan-cuenta-que-se-van-a-ir-tarde-o-temprano-hnews-545733,La exfiscal Delia Espinoza critica al Congreso y advierte sobre la inestabilidad del poder. Asegura que los actuales parlamentarios no comprenden que su mandato llegará a su fin.,"Delia Espinoza, Congreso del Perú"
La República,2026-05-07 21:40:08,Andrés Hurtado: Fiscalía pide 4 años y 8 meses de prisión por tráfico de influencias,Mauricio Muñoz,https://larepublica.pe/politica/2026/05/07/andres-hurtado-fiscalia-pide-4-anos-y-8-meses-de-prision-por-trafico-de-influencias-hnews-600810,La denuncia contra el exconductor de televisión señala que habría facilitado un trámite migratorio para el futbolista Roberto Siucho.,"Andrés Hurtado 'Chibolín', Fiscalía"
La República,2026-05-09 19:10:12,Resultados ONPE al 99%: Roberto Sánchez y López Aliaga se disputan voto a voto el pase a la segunda vuelta,Ariadna Yaya,https://larepublica.pe/politica/2026/05/09/resultados-onpe-al-99-roberto-sanchez-y-lopez-aliaga-se-disputan-voto-a-voto-el-pase-a-la-segunda-vuelta-hnews-426096,"Con el conteo del 99% de actas de la ONPE, Keiko Fujimori mantiene el primer lugar mientras que la diferencia entre Roberto Sánchez y Rafael López Aliaga se redujo a pocos votos y mantiene en suspenso quién enfrentará a la lideresa de Fuerza Popular el próximo 7 de junio.","Elecciones 2026, Roberto Sánchez, Rafael López Aliaga"
La República,2026-05-09 16:37:08,"Muerte, amenazas y tierras perdidas: comuneros de Catacaos se reúnen con comisionado del Vaticano por el caso Sodalicio",Jazmín Bianchi,https://larepublica.pe/politica/2026/05/09/jordi-bertomeu-sobre-el-caso-sodalicio-el-papa-leon-me-ha-pedido-que-escuche-a-todas-las-victimas-porque-tienen-que-ser-reparadas-hnews-212643,Pobladores de la comunidad San Juan Bautista denuncian el robo de 10 mil hectáreas de tierra y exigen justicia por los abusos vinculados al Sodalicio.,
La República,2026-05-09 13:01:47,Rafael López Aliaga lleva su narrativa de fraude a CNN: candidato no presentó evidencias verificables,Eva Palomino,https://larepublica.pe/politica/2026/05/09/rafael-lopez-aliaga-lleva-su-narrativa-de-fraude-a-cnn-candidato-no-presento-evidencias-verificables-hnews-792171,"El candidato afirma que 600 mil ciudadanos no pudieron votar en Lima por problemas en la distribución del material electoral, lo que, según él, habría perjudicado sus posibilidades.","Rafael López Aliaga, CNN, Elecciones 2026"
La República,2026-05-09 05:00:00,Elecciones 2026: Keiko Fujimori apuesta por mano dura en seguridad y Roberto Sánchez por reformas estructurales,Mauricio Muñoz,https://larepublica.pe/politica/2026/05/09/elecciones-2026-keiko-fujimori-apuesta-por-mano-dura-en-seguridad-y-roberto-sanchez-por-reformas-estructurales-hnews-225700,"Fuerza Popular y Juntos por el Perú plantean enfoques distintos frente a la inseguridad. Expertos advierten dudas sobre su viabilidad y ejecución. Además, señalan que el principal problema a enfrentar es la extorsión.",
La República,2026-05-09 07:00:00,Contradicciones entre Mininter y Contraloría por los chalecos antibalas,Doris Aguirre,https://larepublica.pe/politica/2026/05/09/contradicciones-entre-el-mininter-y-contraloria-por-los-chalecos-antibalas-ministerio-del-interior-hnews-145128,"Sospechoso. Contraloría informó que las “observaciones” fueron levantadas por el fabricante el 22 de abril, pero al día siguiente, 23 de abril, el órgano de control reportó deficiencias al Mininter.","Policía Nacional del Perú, Contraloría General de la República, Ministerio del Interior"
La República,2026-05-08 23:05:22,Roberto Sánchez: denuncia constitucional en su contra está a la espera del informe de calificación,Ariadna Yaya,https://larepublica.pe/politica/2026/05/08/roberto-sanchez-denuncia-constitucional-en-su-contra-esta-a-la-espera-del-informe-de-calificacion-hnews-274816,"La presidenta de la Subcomisión de Acusaciones Constitucionales, Lady Camones, informó que la denuncia contra el congresista y candidato presidencial ya fue puesta en conocimiento desde septiembre de 2025.","Roberto Sánchez, Subcomisión de Acusaciones Constitucionales, Congreso del Perú"
La República,2026-05-08 20:33:34,Corte Suprema pide a todas las instituciones del Estado defender y respetar la independencia judicial,Ariadna Yaya,https://larepublica.pe/politica/2026/05/08/corte-suprema-pide-a-todas-las-instituciones-del-estado-defender-y-respetar-la-independencia-judicial-hnews-657680,"La Sala Plena del Poder Judicial advirtió que los ataques públicos, la desinformación y los intentos de desacreditar a jueces afectan la democracia y debilitan la confianza ciudadana en el sistema de justicia.","Poder Judicial, Corte Suprema"
La República,2026-05-08 19:53:16,"Fuerza Popular, Renovación Popular y partidos que no pasaron la valla consuman nuevo ensañamiento contra Delia Espinoza",Jazmín Bianchi,https://larepublica.pe/politica/2026/05/08/fuerza-popular-renovacion-popular-y-partidos-que-no-pasaron-la-valla-consuman-nuevo-ensanamiento-contra-delia-espinoza-hnews-488624,"La sanción contra la exfiscal de la Nación fue ratificada por un bloque liderado por el fujimorismo y Renovación Popular, sumando el apoyo de congresistas de otras agrupaciones que no alcanzaron representación para el próximo Congreso bicameral.",
La República,2026-05-08 18:50:20,"Elecciones 2026: López Aliaga, López Chau y el hermano de Pedro Castillo entre los senadores más votados",Mauricio Muñoz,https://larepublica.pe/politica/2026/05/08/elecciones-2026-lopez-aliaga-lopez-chau-y-el-hermano-de-pedro-castillo-entre-los-senadores-mas-votados-hnews-545392,"De los cinco senadores más votados, solo Miguel Ángel Torres y Alejandro Muñante cuentan con experiencias parlamentarias previas.","Elecciones 2026, Rafael López Aliaga, Alfonso López - chau, Pedro Castillo, Fuerza Popular, Miguel Torres"
La República,2026-05-07 16:21:01,ONPE multa a Fuerza Popular con casi S/200 mil por uso indebido de recursos públicos,Narda Saavedra,https://larepublica.pe/politica/2026/05/07/onpe-multa-a-fuerza-popular-con-casi-s200-mil-por-uso-indebido-de-recursos-publicos-hnews-254548,También se dispuso la reducción al 50% de los fondos asignados al partido de Keiko Fujimori.,"Fuerza Popular, ONPE"
La República,2026-05-08 15:18:53,Consejo de Decanos alerta que autógrafa aprobada por el Congreso vulnera independencia de colegios profesionales,Eva Palomino,https://larepublica.pe/politica/2026/05/08/consejo-de-decanos-alerta-que-autografa-aprobada-por-el-congreso-vulnera-independencia-de-colegios-profesionales-hnews-686368,El Consejo Nacional de Decanos de los Colegios Profesionales del Perú pidió al presidente José Balcázar observar parcialmente la autógrafa de ley que crea el Colegio Profesional de Artistas.,"Congreso del Perú, José María Balcázar"
La República,2026-05-08 13:38:32,Piero Corvetto sobre Roberto Burneo: “Yo no tuve contacto con él (…) No recibí informe de fiscalización”,Ariadna Yaya,https://larepublica.pe/politica/2026/05/08/piero-corvetto-sobre-roberto-burneo-yo-no-tuve-contacto-con-el-no-recibi-informe-de-fiscalizacion-hnews-126208,"El exjefe de la ONPE, Piero Corvetto, rechazó las declaraciones del presidente del JNE, Roberto Burneo, sobre la demora en la entrega del material electoral durante la jornada del 12 de abril. Corvetto aseguró que nunca recibió alertas oficiales del Jurado ni de la Contraloría sobre problemas logísticos en el proceso electoral.","piero corvetto, Roberto Burneo, ONPE, JNE"
La República,2026-05-08 12:52:18,"RMP: ""Han magnificado eventos menores para aparentar un fraude porque no iban a ganar""",Eva Palomino,https://larepublica.pe/politica/2026/05/08/rmp-han-magnificado-eventos-menores-para-aparentar-un-fraude-porque-no-iban-a-ganar-hnews-138440,Rosa María Palacios criticó a López Aliaga por insistir en la narrativa de fraude electoral y advirtió que esto podría llevar a la anarquía en el país.,"Rosa María Palacios, Sin guion"
La República,2026-05-08 11:19:47,"Sánchez reaparece en el Congreso y tiene curioso cruce de palabras con Rospigliosi: ""Se vienen nuevos tiempos""",Narda Saavedra,https://larepublica.pe/politica/2026/05/08/roberto-sanchez-reaparece-en-el-congreso-y-tiene-curioso-cruce-de-palabras-con-fernando-rospigliosi-se-vienen-nuevos-tiempos-hnews-335496,Sánchez se presentó a la sesión como coautor de un proyecto de ley para cambiar el término 'discapacitado' por 'persona con discapacidad'.,"Congreso del Perú, Fernando Rospigliosi, Roberto Sánchez"
La República,2026-05-08 09:38:14,"Juntos por el Perú pide sancionar a López Aliaga por ""mala fe"" y que se rechace recurso para anular mesas 900 mil",Jazmín Bianchi,https://larepublica.pe/politica/2026/05/08/juntos-por-el-peru-acusa-a-lopez-aliaga-de-entorpecer-el-proceso-electoral-y-pide-al-jee-de-bagua-rechazar-pedido-de-nulidad-hnews-594656,"El personero de Juntos por el Perú solicitó sancionar con multas a Rafael López Aliaga y a su abogado por presunta ""temeridad y mala fe"" al solicitar que se anulen la actas de la serie 900000. La agrupación sostiene que el pedido carece de sustento y utiliza argumentos ""contrarios a la realidad"".",
La República,2026-05-08 10:36:59,Trujillo le dio la espalda a César Acuña: APP solo logró 16.000 votos en la ciudad norteña,Mauricio Muñoz,https://larepublica.pe/politica/2026/05/08/trujillo-le-dio-la-espalda-a-cesar-acuna-alianza-para-el-progreso-solo-logro-16000-votos-en-la-ciudad-nortena-hnews-373880,"César Acuña perdió su bastión histórico. En Trujillo, fuerzas políticas que tampoco lograron superar la valla electoral —como Un Camino Diferente, País para Todos, SiCreo, Primero la Gente y el Partido Aprista Peruano— obtuvieron más votos que el exgobernador de La Libertad en el conteo final de la ciudad.","Cesar Acuña, Alianza para el Progreso, Trujillo, Elecciones 2026"
La República,2026-05-08 08:02:29,"Ministerio de Justicia rechaza supuesto indulto a Pedro Castillo: ""Esa información es falsa y tendenciosa""",Narda Saavedra,https://larepublica.pe/politica/2026/05/08/ministerio-de-justicia-rechaza-supuesto-indulto-a-pedro-castillo-esa-informacion-es-falsa-y-tendenciosa-hnews-783704,"El Ministerio aclaró que la Comisión de Gracias Presidenciales no ha sido reconformada por nuevos comisionados, sino que únicamente se reemplazó a un integrante que renunció por una mejor oferta laboral.","Ministerio de Justicia, Pedro Castillo"
La República,2026-05-07 13:54:08,"López Aliaga afirmó que Sánchez le ganó en su natal Pomalca, pero la ONPE reporta triunfo de Keiko Fujimori",Josué Chávez Cardoza,https://larepublica.pe/politica/2026/05/07/lopez-aliaga-afirmo-que-sanchez-le-gano-en-su-natal-pomalca-pero-la-onpe-reporta-triunfo-de-keiko-fujimori-hnews-546756,"Al 100% de actas contabilizadas por la ONPE en Lambayeque, Rafael López Aliaga solo obtuvo 1.254 votos en Pomalca, mientras que Roberto Sánchez, 1.625.","Rafael López Aliaga, Roberto Sánchez, ONPE, Keiko Fujimori"
La República,2026-05-07 17:49:33,Congreso aprueba inhabilitar a Delia Espinoza por 10 años: horas antes envió autógrafa que la sacaría del CAL,Josué Chávez Cardoza,https://larepublica.pe/politica/2026/05/07/congreso-aprueba-inhabilitar-a-delia-espinoza-por-10-anos-hnews-698348,"Con 70 votos a favor, 18 en contra y 2 abstenciones, el Congreso inhabilitó a Espinoza por haber presentado una denuncia constitucional contra 11 parlamentarios por el caso doble sueldo.","Congreso del Perú, Delia Espinoza"
La República,2026-05-07 21:42:18,JNE contaría con los resultados de la primera vuelta de la elección presidencial a mediados de mayo,Josué Chávez Cardoza,https://larepublica.pe/politica/2026/05/07/jne-contaria-con-los-resultados-de-la-primera-vuelta-de-la-eleccion-presidencial-a-mediados-de-mayo-hnews-173481,"El Jurado Nacional de Elecciones (JNE) anunciará los resultados finales de la primera vuelta presidencial a mediados de mayo, según Yessica Clavijo, secretaria general del JNE. En esa fecha se sabrá si Roberto Sánchez y Rafael López Aliaga avanzan a la segunda vuelta contra Keiko Fujimori, programada para el 7 de junio.","Elecciones 2026, Rafael López Aliaga, Roberto Sánchez"
La República,2026-05-07 16:55:34,Gobierno de Balcázar renueva Comisión de Gracias Presidenciales en medio de pedido de indulto a Castillo,Josué Chávez Cardoza,https://larepublica.pe/politica/2026/05/07/gobierno-de-balcazar-renueva-comision-de-gracias-presidenciales-en-medio-de-pedidos-de-indulto-a-pedro-castillo-hnews-502649,"El pasado 5 de mayo, el Ministerio de Justicia ""actualizó"" a los miembros de esta comisión integrada por 5 personas encargadas de analizar y proponer los indultos. Sin embargo, en diálogo con la prensa, Balcázar afirmó que solo es un cambio de rutina.","Pedro Castillo, José María Balcázar, Ministerio de Justicia"
La República,2026-05-08 05:00:00,Alfonso López Chau: “A JP le he planteado un gabinete de unidad nacional. Es nuestra condición”,Mauricio Muñoz,https://larepublica.pe/politica/2026/05/08/alfonso-lopez-chau-a-jp-le-he-planteado-un-gabinete-de-unidad-nacional-es-nuestra-condicion-hnews-585466,"En entrevista con La República, el excandidato presidencial de Ahora Nación y virtual senador habló del trabajo por venir en el Congreso, los errores de su campaña y las alianzas con fuerzas afines.","Alfonso López - chau, Entrevista, Elecciones 2026"
La República,2026-05-07 13:22:39,PNP almacena 3.164 chalecos antibalas comprados  por Santiváñez porque no sirven para proteger a efectivos,Doris Aguirre,https://larepublica.pe/politica/2026/05/07/pnp-almacena-3164-chalecos-antibalas-comprados-por-juan-jose-santivanez-porque-no-sirven-para-proteger-a-efectivos-hnews-78400,El Servicio de Armamento y Municiones de la Oficina de Administración de la Región Policial Lima se negó a aceptar los equipos que costaron S/7 millones porque incumplen los requisitos exigidos en el contrato. Los chalecos permanecen abandonados en los almacenes cuando más se los necesita.,"Contraloría General de la República, PNP, Policía Nacional del Perú, Juan José Santiváñez"
La República,2026-05-07 20:47:25,Se vence el plazo del JNE para el recuento de votos: ONPE debe mandar más de 1.000 actas observadas a los JEE,Josué Chávez Cardoza,https://larepublica.pe/politica/2026/05/07/se-vence-el-plazo-del-jne-para-el-recuento-de-votos-onpe-debe-mandar-mas-de-1000-actas-observadas-a-los-jee-hnews-543718,"De las 889 actas enviadas por la ONPE, se realizaron 664 recuentos, mientras que 22 se resolvieron sin necesidad de este proceso. Además, se agendaron 180 sesiones de recuento este 7 de mayo. Con el 98,674% de actas contabilizadas, aún quedan 1.227 actas observadas por resolver, principalmente en Lima y otras regiones, lo que impactará en la definición de la segunda vuelta electoral.","Elecciones 2026, ONPE, JNE"
La República,2026-05-07 22:18:45,"Harvey Colchado: ""Aunque tengamos dudas de Roberto Sánchez; de Keiko Fujimori solo tenemos certezas""",Mauricio Muñoz,https://larepublica.pe/politica/2026/05/07/harvey-colchado-aunque-tengamos-dudas-de-roberto-sanchez-de-keiko-fujimori-solo-tenemos-certezas-hnews-114807,"El exjefe de la Diviac y virtual diputado propuso un programa de unidad nacional y planteó condiciones para Roberto Sánchez, incluyendo el respeto a la autonomía del Banco Central de Reserva del Perú.","Harvey Colchado, Roberto Sánchez, Keiko Fujimori, Elecciones 2026"
La República,2026-05-07 18:44:50,Poder Judicial confirma rechazo a detención preliminar contra Piero Corvetto por caso Gálaga,Mauricio Muñoz,https://larepublica.pe/politica/2026/05/07/poder-judicial-confirma-rechazo-a-detencion-preliminar-contra-piero-corvetto-por-caso-galaga-hnews-143367,La Segunda Sala Penal de Apelaciones de Lima consideró desproporcionada la solicitud realizada por la Fiscalía en contra del exjefe de la ONPE.,"Poder Judicial, piero corvetto, Elecciones 2026"
La República,2026-04-16 16:41:32,Cuánto se paga de multa por no votar en Elecciones 2026: montos según distrito,Ariadna Yaya,https://larepublica.pe/politica/2026/04/16/multa-por-no-votar-elecciones-peru-2026-montos-y-cuanto-pagar-por-no-ir-a-las-urnas-el-12-de-abril-hnews-1051168,"A pocas horas de las elecciones generales de 2026, los ciudadanos se informan sobre las multas por no votar. Las sanciones son según el nivel socioeconómico de cada distrito.","ONPE, JNE"
La República,2026-05-05 17:31:57,Resultados ONPE EN VIVO al 98.460%: Roberto Sánchez mantiene más de 23.000 votos de ventaja sobre López Aliaga,Eva Palomino,https://larepublica.pe/politica/2026/05/05/resultados-onpe-en-vivo-al-98031-roberto-sanchez-mantiene-25-mil-522-votos-de-ventaja-sobre-lopez-aliaga-hnews-95370,"El conteo de actas realizado por la ONPE muestra que Roberto Sánchez, de Juntos por el Perú, lidera con una ventaja de 23.924 votos sobre Rafael López Aliaga.","Elecciones 2026, Rafael López Aliaga, Roberto Sánchez"
La República,2026-05-07 18:24:50,Rafael López Aliaga amenaza a presidente del JNE: “Si proclama segunda vuelta haremos una marcha de los cuatro suyos”,Eva Palomino,https://larepublica.pe/politica/2026/05/07/rafael-lopez-aliaga-amenaza-a-presidente-del-jne-si-proclama-segunda-vuelta-haremos-una-marcha-de-los-cuatro-suyos-hnews-278432,"Durante un mitin en Jesús María, el candidato de Renovación Popular insistió en irregularidades en el conteo de votos y abogó por una protesta similar a la de 2000 contra el régimen de Fujimori.","Rafael López Aliaga, Roberto Burneo, Elecciones 2026"
La República,2026-05-07 13:12:08,Delia Espinoza pide a Balcázar observar autógrafa que restringe a inhabilitados en colegios profesionales,Ariadna Yaya,https://larepublica.pe/politica/2026/05/07/delia-espinoza-pide-a-jose-maria-balcazar-observar-autografa-que-restringe-a-inhabilitados-en-colegios-profesionales-hnews-288078,"La también exfiscal de la Nación solicitó al presidente José María Balcázar corregir parcialmente la ley que crea el Colegio Profesional de Artistas del Perú, advirtiendo que el Congreso incorporó una disposición “irregular”.","Delia Espinoza, José María Balcázar"
La República,2026-05-06 18:55:24,Elecciones 2026: actas pendientes y fecha límite de JNE ponen en riesgo cronograma electoral,Josué Chávez Cardoza,https://larepublica.pe/politica/2026/05/06/elecciones-2026-actas-pendientes-y-fecha-limite-de-jne-ponen-en-riesgo-cronograma-electoral-hnews-521826,"Un informe de Contraloría advirtió que la fecha límite del JNE para finalizar el recuento de votos (7 de mayo) coincide con las actividades de la ONPE de cara a la segunda vuelta. Asimismo, alertó que la demora de las ODPE para enviar a los JEE las actas observadas pone en riesgo los hitos de las elecciones.","ONPE, JNE, Elecciones 2026, Keiko Fujimori, Roberto Sánchez, Rafael López Aliaga"
La República,2026-05-06 14:53:51,Conferencia Episcopal abre investigación contra sacerdote Omar Sánchez denunciado por abuso contra joven,Josué Chávez Cardoza,https://larepublica.pe/politica/2026/05/06/conferencia-episcopal-abre-investigacion-contra-sacerdote-omar-sanchez-denunciado-por-presunto-abuso-contra-joven-hnews-209526,"La institución eclesiástica llevará a cabo el proceso contra el padre Omar Sánchez con ""diligencia y celeridad"". El inicio de la investigación fue confirmado por el presidente de la Conferencia Episcopal Peruana, monseñor Carlos García Camader.","Conferencia Episcopal, Iglesia Católica, Vaticano"
La República,2026-05-07 17:03:05,"Defensor del Pueblo sobre fraude electoral que promueve López Aliaga: ""No existen pruebas fehacientes""",Mauricio Muñoz,https://larepublica.pe/politica/2026/05/07/defensor-del-pueblo-sobre-fraude-electoral-que-promueve-lopez-aliaga-no-existen-pruebas-fehacientes-hnews-517069,"Gutiérrez admitió irregularidades en el proceso, pero que estas no son suficientes para afirmar que existió una manipulación de los resultados electorales del 12 de abril.","Defensoría del Pueblo, Rafael López Aliaga"
La República,2026-05-07 12:09:37,Rafael López Aliaga: mitin de candidato de Renovación Popular no tuvo la acogida esperada,Eva Palomino,https://larepublica.pe/politica/2026/05/07/rafael-lopez-aliaga-mitin-de-candidato-de-renovacion-popular-no-tuvo-la-acogida-esperada-hnews-548436,"Rafael López Aliaga lideró un mitin en Jesús María en el que convocó a menos de 3,000 personas e insistió en alegaciones de fraude electoral en la primera vuelta del 12 de abril.","Rafael López Aliaga, JNE, Elecciones 2026"
La República,2026-05-07 15:58:31,Juzgado se declara no competente en demanda de acción de amparo de Renzo Reggiardo contra el JNE,Narda Saavedra,https://larepublica.pe/politica/2026/05/07/juzgado-se-declara-no-competente-en-demanda-de-accion-de-amparo-de-renzo-reggiardo-contra-el-jne-hnews-350154,"La resolución fue emitida por el Décimo Primer Juzgado Constitucional Permanente de Lima, a cargo de la jueza Silvia Núñez Riva.","Renzo Reggiardo, JNE"
La República,2026-05-07 13:52:35,La ira de los narcos: Hallan 9 toneladas de droga y armamento en la triple frontera,Óscar Chumpitaz,https://larepublica.pe/politica/2026/05/07/la-ira-de-los-narcos-hallan-9-toneladas-de-droga-y-armamento-en-la-triple-frontera-narcotrafico-hnews-594832,"‘Operación Espejo Mayo 2026’ fue ejecutada por las fuerzas del orden de Perú y Brasil en la zona del río Yavarí, provincia de Mariscal Ramón Castilla, Loreto. Mercadería pertenecería a una mafia vinculada al Comando Vermelho.","Narcotráfico, Marihuana, Brasil, Fuerzas Armadas del Perú"
La República,2026-05-07 13:05:20,"Rafael López Aliaga a Keiko Fujimori: “Perderá por cuarta vez las elecciones (...) Usted pierde hasta con un panetón""",Eva Palomino,https://larepublica.pe/politica/2026/05/07/rafael-lopez-aliaga-a-keiko-fujimori-perdera-por-cuarta-vez-las-elecciones-usted-pierde-hasta-con-un-paneton-hnews-594076,"Durante el acto frente al JNE, el líder de Renovación Popular aseguró que Fujimori ""sabe"" que le robaron elecciones pasadas, aunque no presentó pruebas concretas.",Rafael López Aliaga
La República,2026-05-07 12:57:37,"JNE vaca a alcalde de Arequipa por disponer que personal municipal cuide a su mascota ""Flechita""",Narda Saavedra,https://larepublica.pe/politica/2026/05/07/victor-hugo-rivera-chavez-jne-vaca-a-alcalde-de-arequipa-por-disponer-que-personal-municipal-cuide-a-su-mascota-flechita-hnews-633010,"La defensa del burgomaestre aseguró que no se cumplen los requisitos para declarar la vacancia y que tomarán las medidas legales correspondientes. Tras la decisión, se convocó a la primera regidora, Ruccy Judith Oscco Polar, para que asuma el cargo de alcaldesa hasta el 31 de diciembre de 2026.","JNE, Arequipa"
La República,2026-05-06 21:15:53,Fernando Rospigliosi envía al Gobierno ley con contrabando para sacar a Delia Espinoza del Colegio de Abogados,Josué Chávez Cardoza,https://larepublica.pe/politica/2026/05/06/congreso-fernando-rospigliosi-envia-al-gobierno-ley-con-contrabando-para-sacar-a-delia-espinoza-del-colegio-de-abogados-hnews-267930,Venganza contra Delia Espinoza. En el proyecto se incluyó que los inhabilitados por el Congreso no pueden ser parte de ninguna junta directiva de ningún colegio profesional.,"Congreso del Perú, Fernando Rospigliosi, Delia Espinoza, Colegio de Abogados"
La República,2026-05-06 15:58:22,JNJ inició procedimiento disciplinario contra Piero Corvetto por fallas en las elecciones 2026,Josué Chávez Cardoza,https://larepublica.pe/politica/2026/05/06/jnj-inicio-procedimiento-disciplinario-contra-piero-corvetto-por-fallas-en-las-elecciones-2026-hnews-212526,El Pleno de la JNJ también dio por concluida la investigación preliminar que se inició contra Piero Corvetto. La decisión de iniciar el procedimiento disciplinario se tomó a pesar de que Corvetto renunció al cargo hace más de dos semanas.,"piero corvetto, Junta Nacional de Justicia, ONPE"
La República,2026-05-06 22:21:43,"Piero Corvetto al jefe del JNE, Roberto Burneo: ""En ningún momento he mentido, siempre he dicho la verdad""",Josué Chávez Cardoza,https://larepublica.pe/politica/2026/05/06/piero-corvetto-al-jefe-del-jne-roberto-burneo-en-ningun-momento-he-mentido-siempre-he-dicho-la-verdad-hnews-94530,"Piero Corvetto, exjefe de la ONPE, respondió a Roberto Burneo del JNE, tras acusaciones de mentir sobre demoras en el reparto de material electoral. El extitular de la ONPE aseguró que existieron planes de contingencia para garantizar el normal desarrollo de los comicios electorales, a pesar de los inconvenientes.","piero corvetto, Roberto Burneo, JNE, ONPE"
La República,2026-05-07 11:18:51,"Transparencia exhorta a los partidos a no hacer "" llamados a la insurgencia ni a los golpes de Estado""",Narda Saavedra,https://larepublica.pe/politica/2026/05/07/transparencia-exhorta-a-los-partidos-a-no-hacer-llamados-a-la-insurgencia-ni-a-los-golpes-de-estado-hnews-662592,"Además, rechazó las acusaciones de fraude vinculadas a las actas de la serie 900, explicando que ""no son actas fantasmas ni son locales de votación que se han creado para esta elección"".",Transparencia
La República,2026-05-05 19:22:54,Fuerza Popular y Juntos por el Perú tendrían los diputados con menor votación: una electa solo obtuvo 890 votos,Narda Saavedra,https://larepublica.pe/politica/2026/05/05/elecciones-2026-los-10-posibles-diputados-que-recibieron-menos-de-3-mil-votos-e-ingresarian-por-arrastre-hnews-159570,"La mayoría de candidatos con menor votación pertenece a Fuerza Popular y Juntos por el Perú que, justamente, fueron los que lograron más escaños.","Congreso del Perú, Fuerza Popular, Juntos Por el Perú"
La República,2026-05-07 10:30:15,"RMP sobre Rafael López Aliaga: ""Su objetivo siempre fue que se anulen las elecciones porque no le gusta el resultado""",Eva Palomino,https://larepublica.pe/politica/2026/05/07/rmp-sobre-rafael-lopez-aliaga-su-objetivo-siempre-fue-que-se-anulen-las-elecciones-porque-no-le-gusta-el-resultado-hnews-230125,Palacios afirmó que el objetivo de López Aliaga es anular las elecciones y alegó que su oposición busca invalidar el voto porque no acepta el resultado.,"Rosa María Palacios, Sin guion"
La República,2026-05-07 09:14:17,Congreso: fuerte presión para que no se apruebe ley que protege reservas marinas de la pesca industrial,Rosmery Tapara,https://larepublica.pe/politica/2026/05/07/congreso-fuerte-presion-para-que-no-se-apruebe-ley-que-protege-reservas-marinas-de-la-pesca-industrial-hnews-435232,"Una iniciativa para prohibir efectivamente la pesca industrial en las Áreas Naturales Protegidas (ANP), como la Reserva Nacional de Paracas y la Dorsal de Nazca, está en la agenda del Legislativo. Pero intereses políticos vinculados con los sectores empresariales intentan que no se ponga a debate.",Pesca
La República,2026-05-07 07:31:52,La JNJ altera la composición de la Corte Penal Nacional,César Romero Calle,https://larepublica.pe/politica/2026/05/07/la-jnj-altera-la-composicion-de-la-corte-superior-de-justicia-penal-especializada-nacional-hnews-179564,Junta Nacional de Justicia. El nombramiento de nueve jueces superiores penales con competencia nacional generará cambios en la composición de las Salas Penales Nacionales de Apelaciones y la probable elección de un nuevo presidente de este sistema especializado,"Junta Nacional de Justicia, Poder Judicial"
La República,2026-05-07 07:27:41,Vocero del Arzobispado de Lima cuestiona a Norma Yarrow por tildar de “rojo y zurdo” al cardenal Carlos Castillo,Ariadna Yaya,https://larepublica.pe/politica/2026/05/07/vocero-del-arzobispado-de-lima-cuestiona-a-norma-yarrow-por-tildar-de-rojo-y-zurdo-al-cardenal-carlos-castillo-hnews-240254,Juan José Dioses rechazó las declaraciones de Norma Yarrow contra el cardenal Carlos Castillo y afirmó que ese tipo de calificativos alimentan la polarización política y religiosa en el país.,"Norma Yarrow, Renovación Popular"
La República,2026-05-07 07:07:00,Expresidente José Jerí: “Esta no es una compra antojadiza ni un capricho político”,Ángel Páez,https://larepublica.pe/politica/2026/05/07/expresidente-jose-jeri-esta-no-es-una-compra-antojadiza-ni-un-capricho-politico-lockheed-martin-fap-hnews-554052,"Contacto con La República. Exmandatario señaló que la elección del modelo F-16 Block 70 fue resultado de una evaluación de la Fuerza Aérea del Perú (FAP). Cuando se le preguntó por qué no se le avisó a los postores de Francia y Suecia para que presenten sus nuevas ofertas, oportunidad que sí tuvo la empresa estadounidense Lockheed Martin, José Jerí manifestó que ya no era necesario.","Fuerza Aérea del Perú, José Jerí, José María Balcázar"
La República,2026-05-06 21:59:20,Fiscalía solicita al Poder Judicial archivar denuncia del Congreso contra Delia Espinoza,Jazmín Bianchi,https://larepublica.pe/politica/2026/05/06/fiscalia-solicita-al-poder-judicial-archivar-denuncia-del-congreso-contra-delia-espinoza-hnews-91584,Fiscal Eduardo Atencio aseguró que no hubo perjuicio contra el Estado por parte de Delia Espinoza. Decisión quedará en manos del juez Juan Carlos Checkley.,
La República,2026-05-06 20:05:34,Keiko Fujimori se aferra a la figura de su padre durante su campaña en la Selva,Jazmín Bianchi,https://larepublica.pe/politica/2026/05/06/keiko-fujimori-se-aferra-a-la-figura-de-su-padre-durante-su-campana-en-la-selva-hnews-85476,La candidata de Fuerza Popular apeló a promesas populistas y al legado de su padre durante su visita a Loreto.,
La República,2026-05-06 18:37:08,Roberto Sánchez prioriza reuniones antes que actos de campaña en estos últimos días,Mauricio Muñoz,https://larepublica.pe/politica/2026/05/06/roberto-sanchez-prioriza-reuniones-antes-que-actos-de-campana-en-estos-ultimos-dias-hnews-425304,"Pese a la cercanía de la segunda vuelta, Roberto Sánchez ha optado por concentrarse en fortalecer su equipo de aliados. El candidato de Juntos por el Perú sostuvo reuniones con José Domingo Pérez y Hernando Cevallos.","Roberto Sánchez, Elecciones 2026"
La República,2026-05-06 18:10:30,"Juntos por el Perú, Ahora Nación, Venceremos y otros partidos rechazan la narrativa de fraude impulsada por López Aliaga",Mauricio Muñoz,https://larepublica.pe/politica/2026/05/06/juntos-por-el-peru-ahora-nacion-venceremos-y-otros-partidos-rechazan-la-narrativa-de-fraude-impulsada-por-lopez-aliaga-hnews-117816,"Además, los partidos llamaron a sus segudiores a participar de un plantón en defensa de los resultados el 7 de mayo a las 4:00 p.m. frente a la sede del JNE.","Juntos Por el Perú, Elecciones 2026, Renovación Popular, Rafael López Aliaga"
La República,2026-05-06 15:38:44,Integrante del Pleno del JNE asegura que auditoría a elecciones no condicionará los resultados de la primera vuelta,Mauricio Muñoz,https://larepublica.pe/politica/2026/05/06/integrante-del-pleno-del-jne-asegura-que-auditoria-a-elecciones-no-condicionara-los-resultados-de-la-primera-vuelta-hnews-353676,"Gunther Gonzales, del Jurado Nacional de Elecciones, aseguró que la auditoría técnica ya cuenta con profesionales voceados para dirigirla. Además, aseguró que las determinaciones no tendrían que afectar el cronograma electoral.","JNE, Elecciones 2026, ONPE"
La República,2026-05-06 09:45:39,Indecopi: designan a Juan Carlos del Prado como nuevo presidente en reemplazo de Alberto Villanueva,Ariadna Yaya,https://larepublica.pe/politica/2026/05/06/indecopi-designan-a-juan-carlos-del-prado-como-nuevo-presidente-en-reemplazo-de-alberto-villanueva-hnews-248988,El Ejecutivo oficializó la salida de Alberto Villanueva Eslava del Consejo Directivo de Indecopi y nombró a Juan Carlos del Prado como su reemplazo mediante resoluciones publicadas en El Peruano.,INDECOPI
La República,2026-05-06 14:20:47,Elecciones regionales y municipales 2026: dos movimientos regionales elegirá a sus candidatos mediante afiliados,Ariadna Yaya,https://larepublica.pe/politica/2026/05/06/elecciones-regionales-y-municipales-2026-dos-movimientos-regionales-elegira-a-sus-candidatos-mediante-afiliados-hnews-115914,"En las elecciones regionales y municipales 2026, solo dos agrupaciones optaron por voto directo de militantes en sus elecciones primarias, mientras más de 70 organizaciones políticas recurrirán al sistema de delegados para definir sus postulaciones.","Elecciones 2026, ONPE, JNE"
La República,2026-05-06 11:20:45,"Alejandro Manay: lo acusaron de terrorista, ahora es diputado",Adrián Sarria Muñoz,https://larepublica.pe/politica/2026/05/06/alejandro-manay-lo-acusaron-de-terrorista-ahora-es-diputado-hnews-174372,"En 2023, Alejandro Manay Pillaca fue detenido y exhibido por la PNP como presunto terrorista tras las protestas contra Boluarte en Ayacucho, cuya represión dejó un saldo de 10 fallecidos. Tres años después, el maestro y dirigente sindical se convirtió en el candidato más votado de la región para la Cámara de Diputados.","Congreso del Perú, Ayacucho, Juntos Por el Perú, Dina Boluarte, Marchas en Perú, Protestas, Docentes, Elecciones 2026, terrorismo"
La República,2026-05-06 11:16:17,JNE niega que Roberto Burneo y Luis Galarreta se hayan reunido en viaje a Panamá,Ariadna Yaya,https://larepublica.pe/politica/2026/05/06/jne-niega-que-roberto-burneo-y-luis-galarreta-se-hayan-reunido-en-viaje-a-panama-hnews-337062,La entidad electoral aclaró que su presidente solo realizó una escala técnica de 33 minutos en Panamá tras una misión oficial en Costa Rica y descartó cualquier contacto con Luis Galarreta o representantes de Fuerza Popular.,"Elecciones 2026, JNE, Roberto Burneo, Luis Galarreta, Fuerza Popular"
La República,2026-05-06 12:46:55,Bernardo Pachas cuestiona auditoría de la JNE y otras propuestas por el Congreso: “Estamos en el cierre de la elección”,Mauricio Muñoz,https://larepublica.pe/politica/2026/05/06/bernardo-pachas-cuestiona-auditoria-de-la-jne-y-otras-propuestas-por-el-congreso-estamos-en-el-cierre-de-la-eleccion-hnews-477060,El jefe interino de la ONPE aseguró que una nueva auditoría no sería recomendable porque se tendría que establecer una serie de requisitos para su realización.,ONPE
La República,2026-05-06 11:34:11,Empresario José Estrada estará recluido en el penal de Pucallpa hasta el 2054,Óscar Chumpitaz,https://larepublica.pe/politica/2026/05/06/empresario-jose-estrada-estara-recluido-en-el-penal-de-pucallpa-hasta-el-2054-caso-saweto-hnews-474972,"Acusado de ser autor intelectual del asesinato de los líderes indígenas Edwin Chota, Jorge Ríos, Francisco Pinedo y Leoncio Quintisima fue internado en esa prisión por orden del Tercer Juzgado de Investigación Preparatoria de Coronel Portillo. Durante su traslado dijo ser inocente: “Yo maté a nadie, esto no se va a quedar así”, advirtió.","Pueblos indígenas, Día del Idioma Nativo, Defensoría del Pueblo, Poder Judicial"
La República,2026-05-06 10:46:46,Candidato al Senado por Juntos por el Perú denuncia presuntas irregularidades en conteo de votos,Almendra Ruesta,https://larepublica.pe/politica/2026/05/06/candidato-al-senado-por-juntos-por-el-peru-denuncia-presuntas-irregularidades-en-conteo-de-votos-hnews-511416,Defensa de José “Pepe” Feria asegura que se habrían omitido votos en diversas mesas electorales.,"Juntos Por el Perú, Elecciones 2026"
La República,2026-05-06 09:07:58,"Madre de Dios: Caen 6 mineros ilegales con armamento, dragas y campamentos en la RN Tambopata",Óscar Chumpitaz,https://larepublica.pe/politica/2026/05/06/madre-de-dios-caen-6-mineros-ilegales-con-armamento-dragas-y-campamentos-en-la-rn-tambopata-mineria-ilegal-hnews-251640,"Ofensiva del Ejército, la Policía y el Ministerio Público fue ejecutada en Reserva Nacional de Tambopata, Sector Azul, El Lago y San José de Carene, y el impacto financiero para estas mafias es de S/3’837,290.00, cifra que representa un duro golpe para las economías ilícitas que sostienen a estos grupos criminales.","minería ilegal, Minería Informal, Madre de Dios, Fuerzas Armadas del Perú"
La República,2026-05-06 08:18:30,Cancillería confirma retorno de 7 peruanos desde Rusia: ya son 25 los repatriados desde abril,Ariadna Yaya,https://larepublica.pe/politica/2026/05/06/cancilleria-confirma-retorno-de-7-peruanos-desde-rusia-ya-son-25-los-repatriados-desde-abril-hnews-192774,"La entidad precisó que los peruanos en Rusia recibieron apoyo de la embajada en Moscú y señaló que aún hay casos en seguimiento, incluidos connacionales que habrían tenido contacto con fuerzas armadas extranjeras.",Cancillería del Perú
La República,2026-05-06 06:36:00,Alfredo Marcos: “¿La realidad política? Los peruanos estamos acostumbrados al drama”,Carlos Paucar,https://larepublica.pe/politica/2026/05/06/alfredo-marcos-la-realidad-politica-los-peruanos-estamos-acostumbrados-al-drama-213096,"Caricaturista político Alfredo Marcos presentará Los Calatos, una antología de sus famosos personajes que mostraban sus carencias y su ingenio. Mucho más que un libro de caricaturas es un retrato del Perú y una invitación a reflexionar desde el humor.","Elecciones presidenciales, Ciudadanía y política"
La República,2026-05-06 05:51:51,Capitán Vallejos depositó en sus cuentas S/9.8 millones en efectivo,Doris Aguirre,https://larepublica.pe/politica/2026/05/06/capitan-roman-vallejos-deposito-en-sus-cuentas-s98-millones-en-efectivo-pnp-hnews-393355,"DINERO CALIENTE. En sus declaraciones juradas, Román Vallejos Castillo solo consignó bienes y rentas por S/153.858, ocultando los S/31.4 millones que guardaba en el banco. Solo informó que su principal ingreso provenía de sus labores como capitán de la PNP.Respecto a la suma millonaria, argumenta que tiene cómo demostrar su origen legal.","Policía Nacional del Perú, Ministerio Público"
La República,2026-05-05 22:26:36,Demanda competencial de la municipalidad de Lima contra el JNE solo pide nuevo pronunciamiento,César Romero Calle,https://larepublica.pe/politica/2026/05/05/demanda-de-la-municipalidad-de-lima-contra-el-jne-solo-pide-nuevo-pronunciamiento-239700,"Una pérdida de tiempo y recursos municipales. La demanda competencial, firmada por el abogado Gerardo Eto Cruz, no precisa cuales son las competencias municipales que han sido afectadas por la decisión del JNE de rechazar la convocatoria a elecciones complementarias. Solo se habla de ""desplazamiento de un conflicto urbano"". La Municipalidad no solicita al TC que convoque directamente a nuevas elecciones.",
La República,2026-05-04 22:13:33,"Delia Espinoza: ""El mensaje que deja la JNJ es que quien no se alinea, le arruinan la carrera""",Narda Saavedra,https://larepublica.pe/politica/2026/05/04/delia-espinoza-el-mensaje-que-deja-la-jnj-es-que-quien-no-se-le-alinea-le-arruinan-la-carrera-hnews-316772,La decana del Colegio de Abogados de Lima alertó que los procesos de ratificación son instrumentalizados para amedrentar y destruir la carrera de jueces y fiscales.,"Delia Espinoza, Junta Nacional de Justicia"
La República,2026-05-05 20:32:52,Procuraduría del JNE denuncia a Jorge Ugarte por protestas frente a la casa de Roberto Burneo,Narda Saavedra,https://larepublica.pe/politica/2026/05/05/procuraduria-del-jne-denuncia-a-jorge-ugarte-por-protestas-frente-a-la-casa-de-roberto-burneo-hnews-404005,"Para fundamentar la denuncia, el JNE señala de “especial gravedad institucional, constitucional y electoral al haber convocado, dirigido, orientado e incitado a un grupo de 500 personas” para concentrarse en las instalaciones del JNE y en la vivienda de Burneo.","JNE, Roberto Burneo"
La República,2026-05-05 19:46:05,Cuestionan proyecto de Renovación Popular sobre violencia familiar,Jazmín Bianchi,https://larepublica.pe/politica/2026/05/05/comision-de-mujer-se-debatira-hoy-proyecto-que-amenaza-con-silenciar-a-victimas-de-violencia-familiar-hnews-166396,La sesión fue suspendida por falta de quórum. Tania Pariona y exministra Anahí Durand sostienen que la norma perjudica a las víctimas de agresión. Piden diferenciar denuncias falsas de las que han prescrito.,
La República,2026-05-05 19:41:22,Más de 4 mil peruanos han sido repatriados o deportados de EEUU en los últimos 15 meses,Óscar Chumpitaz,https://larepublica.pe/politica/2026/05/05/mas-de-4-mil-peruanos-han-sido-repatriados-o-deportados-de-eeuu-en-los-ultimos-15-meses-deportados-hnews-299105,"Hoy la Dirección General de Defensa Pública y Acceso a la Justicia, brindó asistencia legal a 105 peruanos repatriados procedentes de los EEUU por su situación migratoria irregular. En el mismo período se orientó a 114 personas con mandatos de detención o requisitorias y se garantizó la protección de 113 menores repatriados.","Estados Unidos, Cancillería del Perú, Deportaciones, Ministerio de Justicia"
La República,2026-05-05 19:31:31,Jefe de la ONPE asegura ante el Congreso que han contratado una auditoría para la segunda vuelta,Jazmín Bianchi,https://larepublica.pe/politica/2026/05/05/jefe-de-la-onpe-asegura-ante-el-congreso-que-han-contratado-una-auditoria-para-la-segunda-vuelta-hnews-324385,"Durante la sesión, Bernardo Pachas, jefe interino de la ONPE, rechazó que se haya incorporado personas fuera del padrón electoral en mesas de los centros poblados. Además, indicó que una auditoría a la primera vuelta es un riesgo, ya que al estar en pleno proceso se puede alterar el sistema.",
La República,2026-05-05 18:21:06,Organizaciones de DD.HH denuncian que salida de juez Ordóñez es un castigo por participar ante la CIDH,Eva Palomino,https://larepublica.pe/politica/2026/05/05/organizaciones-de-ddhh-denuncian-que-salida-de-juez-ordonez-es-un-castigo-por-participar-ante-la-cidh-hnews-432000,Ambas entidades instan a revertir la medida impuesta por la Junta Nacional de Justicia y a garantizar el respeto a los derechos judiciales.,"CIDH, Junta Nacional de Justicia, Poder Judicial"
La República,2026-05-05 10:50:20,Con recursos públicos: MML contrata abogados para impugnar decisión del JNE sobre elecciones complementarias,Eva Palomino,https://larepublica.pe/politica/2026/05/05/con-recursos-publicos-mml-contrata-abogados-para-impugnar-decision-del-jne-sobre-elecciones-complementarias-hnews-73450,La Municipalidad Metropolitana de Lima impugnará la decisión del Jurado Nacional de Elecciones sobre la inviabilidad de elecciones complementarias. El alcalde Renzo Reggiardo opta por la vía judicial.,"Municipalidad de Lima, JNE"
La República,2026-05-05 17:09:24,"Las mesas de votación de serie 900: López Aliaga solo ganó en 30 de ellas, mientras que Roberto Sánchez en más de 3.200",Josué Chávez Cardoza,https://larepublica.pe/politica/2026/05/05/las-mesas-de-votacion-9000-lopez-aliaga-solo-gano-en-30-de-ellas-mientras-que-roberto-sanchez-en-mas-de-3200-hnews-362945,"Las mesas 9000 se utilizan en los centros poblados para que las personas de zonas alejadas puedan acudir a votar. En 2026, la ONPE implementó 4.700 mesas de votación en 1.913 centros poblados para más de 1 millón de electores hábiles.","Rafael López Aliaga, ONPE, Roberto Sánchez, Elecciones 2026"
La República,2026-05-05 11:31:52,"Transparencia descarta narrativa de fraude en elecciones generales: ""No existe evidencia""",Eva Palomino,https://larepublica.pe/politica/2026/05/05/transparencia-descarta-narrativa-de-fraude-en-elecciones-generales-no-existe-evidencia-hnews-185285,"La Asociación Civil Transparencia concluyó que no hay evidencia de fraude en las elecciones del 12 de abril, según su segundo informe de observación.","Elecciones 2026, JNE, ONPE"
La República,2026-05-04 23:33:22,Delia Espinoza: dos jueces votaron a favor de inaplicar inhabilitación contra exfiscal de la Nación,Narda Saavedra,https://larepublica.pe/politica/2026/05/04/dos-jueces-votaron-a-favor-de-inaplicar-inhabilitacion-contra-delia-espinoza-hnews-173320,"Al no lograr unanimidad, la Tercera Sala Constitucional fijó una audiencia para el 12 de mayo a fin de contar con el voto de un juez dirimente.",Delia Espinoza
La República,2026-05-05 16:29:58,"RMP sobre narrativa de fraude: ""López Aliaga le está diciendo a todo el Perú que su voto no vale nada""",Eva Palomino,https://larepublica.pe/politica/2026/05/05/rmp-sobre-narrativa-de-fraude-lopez-aliaga-le-esta-diciendo-a-todo-el-peru-que-su-voto-no-vale-nada-hnews-223890,"La conductora advirtió que el discurso de López Aliaga, quien insinúa un fraude electoral, podría llevar al Perú hacia la anarquía por no aceptar los resultados oficiales.","Rosa María Palacios, Sin guion"
La República,2026-05-05 13:31:02,"Ruth Luque cuestiona a Renovación Popular por no aceptar los resultados presidenciales: ""Malos perdedores""",Josué Chávez Cardoza,https://larepublica.pe/politica/2026/05/05/ruth-luque-cuestiona-a-renovacion-popular-por-no-aceptar-los-resultados-presidenciales-malos-perdedores-hnews-290795,La congresista del Bloque Democrático criticó a Rafael López Aliaga por insultar a las autoridades electorales en medio del conteo de votos de la elección presidencial.,"Congreso del Perú, Elecciones 2026, Renovación Popular"
La República,2026-05-02 23:06:18,Colegio de Ingenieros desmiente comunicado de Rafael López Aliaga sobre conteo de votos,Ariadna Yaya,https://larepublica.pe/politica/2026/05/02/colegio-de-ingenieros-desmiente-comunicado-de-rafael-lopez-aliaga-sobre-conteo-de-votos-hnews-71782,"El Colegio de Ingenieros aclaró que el documento difundido por Rafael López Aliaga, vinculado al sistema de la ONPE y al conteo de votos, no es un pronunciamiento oficial ni representa su postura institucional. La orden anunció una verificación interna.","Elecciones 2026, Rafael López Aliaga"
La República,2026-05-05 10:06:54,ONPE respaldó el uso del sistema STAE y aseguró que se instalaron más de 1.900 mesas en centros poblados,Josué Chávez Cardoza,https://larepublica.pe/politica/2026/05/05/onpe-respaldo-el-uso-del-sistema-stae-en-las-elecciones-2026-y-aseguro-que-se-instalaron-mas-de-1900-mesas-inclusivas-hnews-341755,"Asimismo, la ONPE reiteró que no se usará el STAE en la segunda vuelta porque el escrutinio de la segunda vuelta es mucho más sencillo. Por otro lado, el ente electoral informó que se levantaron todas las observaciones del sistema STAE.","ONPE, Elecciones 2026"
La República,2026-05-05 10:45:02,Candidato regional de Acuña queda fuera de elecciones: ratifican su sentencia por maltratar a su propia hija,Mauricio Muñoz,https://larepublica.pe/politica/2026/05/05/candidato-regional-de-acuna-queda-fuera-de-elecciones-ratifican-su-sentencia-por-maltratar-a-su-propia-hija-hnews-493615,"Gabriel Madrid, exalcalde de Piura y militante de Alianza para el Progreso, fue denunciado por su hija en 2021.",Cesar Acuña
La República,2026-05-04 17:51:35,Jefe de la ONPE responde ante la Comisión de Constitución por fallas logísticas en las elecciones: JNE no se presentó,Ariadna Yaya,https://larepublica.pe/politica/2026/05/04/elecciones-peru-2026-comision-de-constitucion-del-congreso-invita-a-jefes-del-jne-roberto-burneo-onpe-juan-pachas-serrano-y-reniec-carmen-velarde-por-fallas-logisticas-del-12-de-abril-hnews-327796,"El jefe del JNE, Roberto Burneo, no asistió a la comisión debido a que hubo un Pleno en la institución que dirige de cara a la segunda vuelta. La citación busca esclarecer los problemas de desorganización y retrasos reportados el pasado 12 de abril, incluyendo mesas no instaladas a tiempo y problemas con el material electoral.","Comisión de Constitución, Congreso del Perú, JNE, ONPE, Reniec"
La República,2026-05-04 13:10:08,"Presidente de la Confiep rechaza fraude electoral que promueve López Aliaga: ""No encontramos elementos""",Josué Chávez Cardoza,https://larepublica.pe/politica/2026/05/04/presidente-de-la-confiep-rechaza-fraude-electoral-que-promueve-lopez-aliaga-no-encontramos-elementos-hnews-376028,"Durante una entrevista, Jorge Zapata Ríos aseguró que, a pesar de las irregularidades y el mal manejo de la ONPE, no se puede afirmar que hubo fraude.","Confiep, Rafael López Aliaga, Elecciones 2026"
La República,2026-05-05 07:54:35,"PCM contradice al presidente José Balcázar y afirma que contratación de aviones F-16 block 70 no fue ""a dedo""",Josué Chávez Cardoza,https://larepublica.pe/politica/2026/05/05/pcm-contradice-al-presidente-jose-balcazar-y-afirma-que-contratacion-de-aviones-f16-block-70-no-fue-a-dedo-hnews-223100,"Contradicciones en el Gobierno por compra de aviones F-16 a Estados Unidos. En declaraciones a la prensa desde el Congreso, el primer ministro Luis Arroyo defendió la adquisición de los cazas y afirmó que Balcázar ""tenía conocimiento"" del proceso.","José María Balcázar, PCM, Estados Unidos, Luis Arroyo"
La República,2026-05-05 10:53:02,¿Cómo ingresó el arma de fuego usada para asesinar al ‘Chino Malaco’ en el penal de Juliaca?,Óscar Chumpitaz,https://larepublica.pe/politica/2026/05/05/como-ingreso-el-arma-de-fuego-usada-para-asesinar-al-chino-malaco-en-el-penal-de-juliaca-carceles-hnews-282610,César Vásquez Montoya fue victimado a tiros en el pabellón 5 de ese presidio que tiene áreas de máxima seguridad. El arma fue encontrada al interno Luis Oliver Pairazaman Alcántara quien confesó el crimen. Ahora es interrogado para determinar quién o quiénes facilitan el ingresó de armamento a la cárcel.,"INPE, Juliaca, delincuencia, Cárcel"
La República,2026-05-05 09:33:19,"Narrativa de fraude continúa: exoficial Chavín de Huántar promueve ""golpe de Estado democrático""",Mauricio Muñoz,https://larepublica.pe/politica/2026/05/05/narrativa-de-fraude-continua-exoficial-chavin-de-huantar-promueve-golpe-de-estado-democratico-hnews-86010,La declaración de Zevallos resuena en medios digitales y es respaldada por otros actores fraudistas. Exministro de Defensa señaló que estas ideas degradan la democracia nacional y desestabilizan el sistema político.,Elecciones 2026
La República,2026-05-04 08:24:46,"Congreso busca remodelar su complejo deportivo: cambiarán el césped de fútbol, arcos, tribunas y reflectores",Josué Chávez Cardoza,https://larepublica.pe/politica/2026/05/04/congreso-busca-remodelar-su-complejo-deportivo-cambiaran-el-cesped-de-futbol-arcos-tribunas-y-reflectores-hnews-212848,"El Congreso de la República remodelará 170 butacas, los arcos de fútbol y 12 reflectores. Los parlamentarios se han mostrado en contra de esta iniciativa. Por su parte, el Legislativo asegura que aún no se entregó la buena pro a ningún postor.","Congreso del Perú, Fútbol"
La República,2026-05-04 10:39:51,JNE alertó riesgos de ciberseguridad en el sistema STAE de la ONPE un mes antes de las elecciones,Josué Chávez Cardoza,https://larepublica.pe/politica/2026/05/04/jne-alerto-a-la-onpe-riesgos-de-ciberseguridad-en-el-sistema-stae-un-mes-antes-de-las-elecciones-hnews-115196,Un informe de fiscalización del 10 de marzo advirtió que el USB STAE de la ONPE podría ser clonado y utilizado para acceder al sistema sin problemas.,"JNE, ONPE, Elecciones 2026"
La República,2026-05-04 15:44:24,Elección del nuevo jefe de la ONPE: comenzó proceso de inscripción en el concurso público de méritos,Josué Chávez Cardoza,https://larepublica.pe/politica/2026/05/04/eleccion-del-nuevo-jefe-de-la-onpe-comenzo-proceso-de-inscripcion-en-el-concurso-publico-de-meritos-hnews-336312,"El proceso de inscripción y presentación de documentos de aptitud para elegir al nuevo jefe de la ONPE comenzó el 2 de mayo y culminará el 8 del mismo mes. Mientras tanto, el pago de derechos de inscripción se hará hasta el jueves 7.","ONPE, Junta Nacional de Justicia"
La República,2026-05-04 16:54:21,Magistrados alzan su voz de protesta y salen en defensa de juez Oswaldo Ordóñez tras no ser ratificado por JNJ,Josué Chávez Cardoza,https://larepublica.pe/politica/2026/05/04/magistrados-alzan-su-voz-de-protesta-y-salen-en-defensa-de-juez-oswaldo-ordonez-tras-no-ser-ratificado-por-jnj-hnews-346444,Los jueces del sistema judicial realizaron un plantón en señal de rechazo a la decisión de la Junta Nacional de Justicia (JNJ). Exigieron que se respete la independencia judicial y fiscal.,"Poder Judicial, Junta Nacional de Justicia"
La República,2026-05-04 22:15:24,Rafael López Aliaga anuncia que no jurará como senador,Carlos Villacorta,https://larepublica.pe/politica/2026/05/04/rafael-lopez-aliaga-anuncia-que-no-jurara-como-senador-hnews-268836,"Rafael López Aliaga adelantó que no jurará en el cargo de senador si el Jurado Nacional de Elecciones (JNE) no realiza una auditoria sobre resultados del 12 abril. ""En estas condiciones ni loco (...) tengo un accesitario que entrará a cubrir mi sitio"", sostuvo.","Rafael López Aliaga, Junta Nacional de Justicia"
La República,2026-05-04 19:55:17,Comisión de Constitución debatirá predictamen que redefine delitos de lesa humanidad,Ariadna Yaya,https://larepublica.pe/politica/2026/05/04/congreso-peru-comision-de-constitucion-debatira-predictamen-que-redefine-delitos-de-lesa-humanidad-hnews-149888,La Comisión de Constitución evaluará este martes 5 de mayo el predictamen del proyecto de ley que busca incorportar los delitos de lesa humanidad al Código Penal y establecer nuevas condiciones para su aplicación promovido por Fernando Rospigliosi.,"Comisión de Constitución, Congreso del Perú, Fernando Rospigliosi"
La República,2026-05-04 00:40:05,"Balcázar: compra de los F-16 “fue a dedo”, “sin licitación”",Ángel Páez,https://larepublica.pe/politica/2026/05/04/jose-maria-balcazar-compra-de-aviones-de-combate-f16-block-70-fue-a-dedo-sin-licitacion-fuerza-aerea-del-peru-jose-maria-balcazar-jose-jeri-ministerio-de-defensa-hnews-212292,"Con queso y tocino. El jefe de Estado manifestó que el expresidente Jerí canceló el proceso de licitación en el que participaban empresas de Francia (Dassault Aviation), Suecia (Saab) y Estados Unidos (Lockheed Martin), para terminar negociando únicamente con esta última. “Fue una compra directa, sin licitación pública”, aseguró.","Fuerza Aérea del Perú, José María Balcázar, José Jerí, Ministerio de Defensa"
La República,2026-05-04 15:28:41,"Caso Saweto: Cayó José Estrada, uno de los implicados en el asesinato de 4 líderes indígenas",Óscar Chumpitaz,https://larepublica.pe/politica/2026/05/04/caso-saweto-cayo-jose-estrada-uno-de-los-implicados-en-el-asesinato-de-4-lideres-indigenas-lideres-indigenas-hnews-243336,"Empresario había sido condenado a 28 años de prisión por el crimen de los líderes ashéninkas Edwin Chota, Jorge Ríos, Francisco Pinedo y Leoncio Quintisima. José Estrada Huayta era uno de los más buscados y el gobierno ofrecía S/ 50.000 de recompensa por su captura.","Pueblos indígenas, Ucayali, Defensoría del Pueblo, Policía Nacional del Perú"
La República,2026-05-03 20:53:59,"Capitán PNP que registra S/31 millones atribuye el dinero a la venta de vehículos: ""En 2 o 3 horas haces 400 mil dólares""",Narda Saavedra,https://larepublica.pe/politica/2026/05/03/capitan-pnp-que-registra-s31-millones-atribuye-el-dinero-a-la-venta-de-vehiculos-en-2-o-3-horas-haces-400-mil-dolares-hnews-119181,El capitán PNP explicó que sus ganancias provienen de la compra y venta de autos. Aseguró que nunca ha participado de la modalidad 'cambiazo de oro' que le atribuye la Fiscalía.,"PNP, Ministerio del Interior"
La República,2026-05-01 17:25:49,Resultados ONPE EN VIVO al 97.807%: Roberto Sánchez saca ventaja por más de 26 mil votos sobre López Aliaga,Ariadna Yaya,https://larepublica.pe/politica/2026/05/01/resultados-onpe-en-vivo-al-97415-roberto-sanchez-continua-sacando-ventaja-por-mas-de-26-mil-votos-sobre-lopez-aliaga-hnews-98740,"Sánchez, candidato de Juntos por el Perú, se perfila como rival de Keiko Fujimori en la segunda vuelta presidencial. Los JEE continuarán resolviendo las actas observadas hasta que la ONPE actualice los resultados al 100%.","Elecciones 2026, Roberto Sánchez, Rafael López Aliaga, ONPE"
La República,2026-05-04 14:57:56,"Exministros y exdefensora del Pueblo exigen a la JNJ que reconsidere ratificar a juez Ordoñez: ""Es una represalia inaceptable""",Narda Saavedra,https://larepublica.pe/politica/2026/05/04/exministros-y-exdefensora-del-pueblo-exigen-a-la-jnj-que-reconsidere-ratificar-a-juez-ordonez-es-una-represalia-inaceptable-hnews-235804,"Además del pedido de reconsideración, pidieron que se “transparente de manera suficiente, objetiva y verificable los criterios utilizados en dicho proceso”.",Junta Nacional de Justicia
La República,2026-05-04 13:30:51,Presidenta de la JNJ se reunió con exintegrante del SIN que promueve fraude electoral sin pruebas,Ariadna Yaya,https://larepublica.pe/politica/2026/05/04/presidenta-de-la-jnj-se-reunio-con-exintegrante-del-sin-que-promueve-fraude-electoral-sin-pruebas-hnews-90696,"María Teresa Cabrera recibió en su despacho a un exmilitar que participó en marchas contra los resultados electorales. El encuentro ocurrió días después de la salida del ahora exjefe de la ONPE, Piero Corvetto, y quedó en registrado en las visitas institucionales de la entidad.","Junta Nacional de Justicia, Elecciones 2026"
La República,2026-05-04 08:34:12,La Junta Nacional de Justicia actúa como un instrumento político para silenciar a jueces,César Romero Calle,https://larepublica.pe/politica/2026/05/04/la-jnj-actua-como-un-instrumento-politico-para-silenciar-a-jueces-hnews-386576,"CONTROL. Desde que asumió funciones, la mayoría de los actuales integrantes de la Junta Nacional de Justicia (JNJ) se ha dedicado a perseguir a jueces y fiscales incómodos para el pacto de gobierno. Primero fueron los fiscales y ahora están en riesgo los jueces que se han opuesto a las leyes “pro-crimen”.","Poder Judicial, Junta Nacional de Justicia"
La República,2026-05-03 08:45:45,"José Domingo Pérez: ""Pedro Castillo fue sentenciado por leer una proclama de lo que creía que era correcto para el pueblo""",Josué Chávez Cardoza,https://larepublica.pe/politica/2026/05/03/jose-domingo-perez-pedro-castillo-fue-sentenciado-por-leer-una-proclama-de-lo-que-creia-que-era-correcto-para-el-pueblo-hnews-226074,El exfiscal anticorrupción afirmó que en la sentencia del expresidente Pedro Castillo los jueces no mencionan que hubo un golpe de Estado.,"José Domingo Pérez, Pedro Castillo, Juntos Por el Perú, Roberto Sánchez"
La República,2026-05-04 06:49:00,Reabren caso de líder comunero asesinado cuando enfrentaba a empresa,Rosmery Tapara,https://larepublica.pe/politica/2026/05/04/reabren-caso-de-lider-comunero-asesinado-cuando-enfrentaba-a-empresa-industrias-arguelles-quipan-hnews-264156,"Justicia. Sin haber practicado pericias a los cuatro celulares de la víctima, Santiago Guardamino, la fiscalía archivó el caso “por falta de pruebas”, El dirigente luchaba contra la compañía Industrias Argüelles, que compró fraudulentamente un terreno de la comunidad.",Tráfico de terrenos
La República,2026-05-03 12:49:57,ANP reporta 140 ataques a periodistas en 2026: Rafael López Aliaga figura como el principal agresor,Josué Chávez Cardoza,https://larepublica.pe/politica/2026/05/03/anp-reporta-140-ataques-a-periodistas-en-2026-rafael-lopez-aliaga-figura-como-el-principal-agresor-hnews-114408,"El informe de la Asociación Nacional de Periodistas (ANP) detectó que López Aliaga realizó 12 ataques a periodistas en el 2026. La ONPE figura en 6 casos, mientras que Presidencia en 3 momentos.","Rafael López Aliaga, Renovación Popular, Periodista, Colegio de Periodistas del Perú"
La República,2026-05-03 17:38:51,Elecciones 2026: más de 2 mil actas presidenciales pendientes y conteo en regiones para senadores y diputados avanza lento,Josué Chávez Cardoza,https://larepublica.pe/politica/2026/05/03/elecciones-2026-mas-de-2-mil-actas-presidenciales-pendientes-y-conteo-en-regiones-para-senadores-y-diputados-avanza-lento-hnews-274770,"JNE a contrarreloj. El ente electoral tiene hasta el 7 de mayo para realizar el recuento de votos de las actas presidenciales observadas por la ONPE. Hasta el momento, el portal del JNE indica que de las 5.882 actas recibidas en los JEE se resolvieron 5.719 y 155 recuentos están pendientes.","Elecciones 2026, ONPE, JNE, Roberto Sánchez, Rafael López Aliaga"
La República,2026-05-03 22:22:19,"Habla sobreviviente de masacre de Colcabamba: ""No encontraron nada y dijeron 'hay que meterle bala'""",Narda Saavedra,https://larepublica.pe/politica/2026/05/03/habla-sobreviviente-de-masacre-de-colcabamba-no-encontraron-nada-y-dijeron-hay-que-meterle-bala-hnews-56010,Jonathan Águila Gutiérrez de 23 años contó que escuchó cuando uno de los militares ordenó tirar municiones sobre los jóvenes.,Fuerzas Armadas del Perú
La República,2026-05-03 18:30:57,Keiko Fujimori en busca de votos del sur y Roberto Sánchez articula esfuerzos en Lima,Narda Saavedra,https://larepublica.pe/politica/2026/05/03/keiko-fujimori-en-busca-de-votos-del-sur-y-roberto-sanchez-articula-esfuerzos-en-lima-hnews-115041,Ambos candidatos empiezan a concentrar sus esfuerzos en las regiones donde no alcanzaron la mayoría.,"Keiko Fujimori, Roberto Sánchez"
La República,2026-05-03 17:52:57,Congreso: ministros responderán por masacre de Colcabamba y compra de F-16 este lunes 4 de mayo,Mauricio Muñoz,https://larepublica.pe/politica/2026/05/03/congreso-ministros-responderan-por-masacre-de-colcabamba-y-compra-de-f16-este-lunes-4-de-mayo-hnews-86655,"Karol Paredes, presidenta de la Comisión de Defensa Nacional del Congreso, confirmó la asistencia de los ministros y mencionó la invitación al ministro del Interior, José Zapata.","Congreso del Perú, Cancillería del Perú, Ministerio de Defensa"
La República,2026-05-03 17:30:00,Ciberdelincuencia aumentó 134% en los últimos 5 años en Perú,Óscar Chumpitaz,https://larepublica.pe/politica/2026/05/03/ciberdelincuencia-aumento-134-en-los-ultimos-5-anos-en-peru-ciberdelitos-hnews-286779,"Cuidado con el ‘robocalling’. Las denuncias pasaron de 19.101 en el 2021 a 44,703 en 2025. El ‘robocalling’ es una técnica de llamadas automatizadas masivas que utiliza sistemas informáticos para marcas miles de números. Su objetivo principal es verificar si una línea está activa para fines comerciales o para estafas telefónicas. Las penas oscilan entre 5 y 8 años de cárcel.","Estafa, Tecnología, Investigación, Extorsión"
La República,2026-05-03 14:53:15,"Cardenal Carlos Castillo critica a los militares responsables de la masacre de Colcabamba: ""En vez de verificar, hicieron un prejuicio""",Mauricio Muñoz,https://larepublica.pe/politica/2026/05/03/cardenal-carlos-castillo-critica-a-los-militares-responsables-de-la-masacre-de-colcabamba-en-vez-de-verificar-hicieron-un-prejuicio-hnews-138159,"Mientras tanto, ocho militares son investigados tras la matanza, mientras que congrsistas solicitó una interpelación al ministro de Defensa por la situación ocurrida durante el operativo.","Iglesia Católica, Ejército peruano"
La República,2026-04-16 13:51:18,¿Cuándo es la segunda vuelta de Elecciones Perú 2026?,Ariadna Yaya,https://larepublica.pe/politica/2026/04/16/cuando-sera-la-segunda-vuelta-de-las-elecciones-presidenciales-peru-2026-keiko-fujimori-roberto-sanchez-rafael-lopez-aliaga-hnews-734448,"Conoce cuándo será la segunda vuelta de las Elecciones 2026, quiénes participarán y cómo se definirá al próximo presidente. Revisa la fecha oficial, el proceso y todo lo que debes saber para esta etapa decisiva.","ONPE, JNE, Keiko Fujimori, Roberto Sánchez"
La República,2026-05-03 11:50:46,Día Mundial de la Libertad de Prensa: Papa León XIV llama a recordar a los periodistas víctimas de guerras y violencia,Mauricio Muñoz,https://larepublica.pe/politica/2026/05/03/dia-mundial-de-la-libertad-de-prensa-papa-leon-xiv-llama-a-recordar-a-los-periodistas-victimas-de-guerras-y-violencia-hnews-138882,"Recientemente, la Asociación Nacional de Periodistas (ANP) reportó 140 ataques a trabajadores de prensa en Perú durante el 2026. A nivel global, más de 260 periodistas han sido asesinados en Gaza, Libano y Yemen por parte de las Fuerzas Armadas de Israel, según Reporteros Sin Fronteras.","Papa León XIV, Robert Prevost"
La República,2026-05-03 11:38:50,"PNP: “Para quienes quiebran el juramento ante la bandera, el castigo debe ser el doble o el trIple”",Óscar Chumpitaz,https://larepublica.pe/politica/2026/05/03/pnp-para-quienes-quiebran-el-juramento-ante-la-bandera-el-castigo-debe-ser-el-doble-o-el-triple-corrupcion-hnews-110574,"Sobre los casos de corrupción en la PNP, el comandante general de esa institución, Óscar Arriola, manifestó que “es la propia policía la que realiza las investigaciones para limpiar la institución. Esta semana fue detenido e, Piura el suboficial Wilmer Monsefú por extorsionar a su padrino de bodas.","Policía Nacional del Perú, Corrupción, Piura, Ministerio Público"
La República,2026-05-02 06:01:00,Keiko sumó en la Selva Oriental y Sánchez afirmó el voto castillista en el sur,Narda Saavedra,https://larepublica.pe/politica/2026/05/02/5-de-las-8-regiones-del-norte-votaron-por-keiko-fujimori-y-3-de-las-5-regiones-del-sur-por-roberto-sanchez-hnews-88860,"En el norte, Fujimori ganó en Tumbes (34%), Piura (27%), Lambayeque (26%), La Libertad (20%), Loreto (27%). Por su parte, Sánchez ocupó el primer lugar en Cajamarca (41%), Amazonas (36%) y San Martín (23.8%).","Keiko Fujimori, Roberto Sánchez"
La República,2026-05-03 08:03:19,Cámara de Diputados 2026: Fuerza Popular lidera y Juntos por el Perú se consolida como segundo bloque mayoritario,Eva Palomino,https://larepublica.pe/politica/2026/05/03/camara-de-diputados-2026-fuerza-popular-lidera-y-juntos-por-el-peru-se-consolida-como-segundo-bloque-mayoritario-hnews-75521,"Con una distribución de escaños que favorece a Fuerza Popular (40) y Juntos por el Perú (31), el nuevo Parlamento enfrentará un escenario sin mayoría absoluta.","Fuerza Popular, Juntos Por el Perú"
La República,2026-05-03 06:50:00,Capitán PNP no sabe explicar cómo amasó más de S/31 mllns.,Doris Aguirre,https://larepublica.pe/politica/2026/05/03/capitan-pnp-no-sabe-explicar-como-amaso-mas-de-s31-millones-policia-nacional-del-peru-hnews-104172,"Rey midas policial. En 2022, el oficial Román Vallejos Castillo montó la empresa de alquiler de vehículos Prama Cars, entre cuyos clientes había transportistas de oro. Vallejos filtraba a sus colegas de la Policía información sobre el traslado de lingotes que luego eran incautados y cambiados por cobre. En solo dos años su negocio creció exponecialmente.","Policía Nacional del Perú, Ministerio Público"
La República,2026-05-03 02:17:26,Hernando Cevallos: “Roberto Sánchez nunca ha sido enemigo de Julio Velarde”,Emilio Camacho,https://larepublica.pe/politica/2026/05/03/hernando-cevallos-roberto-sanchez-nunca-ha-sido-enemigo-de-julio-velarde-hnews-62172,"Excandidato al Senado y uno de los hombres con más experiencia política en Juntos por el Perú, Hernando Cevallos habla de los cuestionamientos de los últimos días a la candidatura de Roberto Sánchez y del gobierno de Pedro Castillo, en el que fue ministro de Salud.","Juntos Por el Perú, Pedro Castillo, Roberto Sánchez, Antauro Humala"
La República,2026-05-02 20:05:20,ONPE recuerda que Renovación Popular no asistió a sesiones sobre conteo de votos y reafirma transparencia del proceso,Ariadna Yaya,https://larepublica.pe/politica/2026/05/02/onpe-recuerda-que-renovacion-popular-no-asistio-a-sesiones-sobre-conteo-de-votos-y-reafirma-transparencia-del-proceso-elecciones-2026-hnews-81416,"La ONPE detalló qué partidos participaron en sesiones técnicas sobre el conteo de votos, sin incluir a Renovación Popular. El organismo defendió la confiabilidad del sistema tras los cuestionamientos por el 12 de abril.","Elecciones 2026, Renovación Popular, ONPE"
La República,2026-05-02 18:21:46,"Roberto Sánchez niega que postura de Antauro sea la del partido: ""No existe ningún problema territorial con Chile""",Jazmín Bianchi,https://larepublica.pe/politica/2026/05/02/roberto-sanchez-niega-que-postura-de-antauro-sea-la-del-partido-no-existe-ningun-problema-territorial-con-chile-hnews-56034,"La aclaración del líder del partido Juntos por el Perú se da en el marco de las declaraciones de Antauro Humala por recuperar Tarapacá y Arica. El exmilitar señaló que se haría ""por medio de la vía diplomática o por la vía armada"".","Roberto Sánchez, Antauro Humala, Chile, Perú - Chile Límites marítimos: Demanda ante la Corte de La Haya"
La República,2026-05-02 17:56:58,Sujeto que amenazó de muerte al jefe del JNE tiene antecedentes violentistas,Jazmín Bianchi,https://larepublica.pe/politica/2026/05/02/sujeto-que-amenazo-de-muerte-al-jefe-del-jne-tiene-antecedentes-violentistas-hnews-109302,"Se trata de Jorge Ugarte Olivera, activista de ultraderecha que pidió un golpe cívico militar en las afueras de la casa de Roberto Burneo, presidente del Jurado Nacional de Elecciones. Posee un historial agresivo y de ataques sistemáticos.",
La República,2026-05-02 15:52:19,Keiko Fujimori llega de sorpresa a localidad de Ocollo en Ayacucho ante posible rechazo ciudadano,Eva Palomino,https://larepublica.pe/politica/2026/05/02/keiko-fujimori-llega-de-sorpresa-a-localidad-de-ocollo-en-ayacucho-hnews-96228,"La candidata presidencial Keiko Fujimori sorprendió al llegar a Ocollo, Ayacucho, en el que encabezó una breve actividad proselitista ante menos de 30 personas.","Keiko Fujimori, Ayacucho"
La República,2026-05-02 15:50:29,Roberto Sánchez participó con López Chau en marcha de la CGTP por la mejora de condiciones laborales,Jazmín Bianchi,https://larepublica.pe/politica/2026/05/02/roberto-sanchez-participo-con-lopez-chau-en-marcha-de-la-cgtp-por-la-mejora-de-condiciones-laborales-cgtp-jnews-167184,"En el marco del Día del Trabajador, la Confederación General de Trabajadores del Perú (CGTP) convocó una movilización nacional para que se respeten los derechos laborales. La concentración inició en la Plaza Dos de Mayo.","Alfonso López - chau, Roberto Sánchez, Día del Trabajador"
La República,2026-05-02 14:52:53,"RSF alerta ""deterioro sistemático"" en la libertad de prensa en el Perú tras asesinato de cuatro periodistas en 2025",Ariadna Yaya,https://larepublica.pe/politica/2026/05/02/reporteros-sin-fronteras-rsf-alerta-deterioro-sistematico-en-la-libertad-de-prensa-en-el-peru-tras-asesinato-de-cuatro-periodistas-en-2025-hnews-55190,La Clasificación Mundial de la Libertad de Prensa de Reporteros Sin Fronteras ubica al Perú en el puesto 144 del ránking mundial y advierte que la violencia y la inseguridad agravan el ejercicio del periodismo en medio del avance del crimen organizado en la región.,Periodista
La República,2026-05-01 13:50:30,Presidente de la CIDH: “La independencia judicial es un pilar del Estado de Derecho y forma parte del estándar interamericano”,María Elena Castillo,https://larepublica.pe/politica/2026/05/01/presidente-de-la-cidh-la-independencia-judicial-es-un-pilar-del-estado-de-derecho-y-forma-parte-del-estandar-interamericano-hnews-67001,"Stuardo Ralón, presidente de la Comisión Interamericana de Derechos Humanos, da detalles sobre el informe anual 2025 que elaboró la institución, enfocado en derechos humanos y la justicia interamericana.",CIDH
La República,2026-05-02 11:56:59,"Delia Espinoza sobre marchas violentas en el JNE: ""No existe 'golpe de estado democrático', va en contra de la legalidad electoral""",Eva Palomino,https://larepublica.pe/politica/2026/05/02/delia-espinoza-sobre-marchas-violentas-en-el-jne-no-existe-golpe-de-estado-democratico-va-en-contra-de-la-legalidad-electoral-hnews-120842,"Espinoza advierte sobre las amenazas hacia Roberto Burneo y señala que no hay justificación para un ""golpe de estado democrático"".","Delia Espinoza, JNE"
La República,2026-05-01 11:38:15,Congreso aprueba de contrabando ley para impedir que Delia Espinoza continúe como decana del CAL,Eva Palomino,https://larepublica.pe/politica/2026/05/01/congreso-aprueba-ley-que-podria-afectar-la-permanencia-de-delia-espinoza-como-decana-del-colegio-de-abogados-de-lima-hnews-92312,"La iniciativa incorpora una norma cuestionada que podría afectar a autoridades actuales como la decana del CAL, Delia Espinoza. A puertas de su votación, se presentó un texto sustitutorio que impediría a personas inhabilitadas para ejercer función pública integrar órganos de gobierno en colegios profesionales.","Congreso del Perú, Delia Espinoza, Colegio de Abogados"
La República,2026-05-01 16:32:24,"ONU rechaza represalias tomadas en contra de juez que denunció leyes procrimen ante la CIDH: ""Afecta a todos los jueces del país”",Mauricio Muñoz,https://larepublica.pe/politica/2026/05/01/onu-rechaza-represalias-tomadas-en-contra-de-juez-que-denuncio-leyes-procrimen-ante-la-cidh-afecta-a-todos-los-jueces-del-pais-hnews-80922,Las expertas de la ONU señalaron que esta decisión afectaría la independencia judicial y el derecho a la libertad de expresión de los magistrados en el país.,"ONU, CIDH"
La República,2026-05-01 08:55:27,"José Balcázar asegura que sus mensajes no se entienden porque ""hay falta de compresión lectora""",Narda Saavedra,https://larepublica.pe/politica/2026/05/01/jose-balcazar-asegura-que-sus-mensajes-no-se-entienden-porque-hay-falta-de-compresion-lectora-hnews-14400,Ello en referencia a sus palabras sobre la comunidad judía que generó que las embajadas de Alemania e Israel exigieran una rectificación.,José María Balcázar
La República,2026-04-30 17:23:37,Piero Corvetto se allana a impedimento de salida del país por 18 meses dictado por el Poder Judicial,Jazmín Bianchi,https://larepublica.pe/politica/2026/04/30/piero-corvetto-poder-judicial-dicta-impedimento-de-salida-del-pais-contra-el-exjefe-de-la-onpe-hnews-1961070,"El juez Manuel Chuyo declaró fundado el pedido de la Fiscalía contra el exjefe de la ONPE. La medida busca evitar la fuga del exfuncionario y otros involucrados, quienes son investigados por el presunto delito de colusión agravada. La Fiscalía argumentó que las irregularidades en la contratación del transporte electoral beneficiaron a la empresa Galaga SAC,","ONPE, piero corvetto, Poder Judicial, Elecciones 2026"
La República,2026-05-01 12:35:44,JNE condena amenazas frente a casa de Roberto Burneo realizadas por manifestantes a favor de narrativa del fraude,Mauricio Muñoz,https://larepublica.pe/politica/2026/05/01/jne-condena-amenazas-frente-a-casa-de-roberto-burneo-realizadas-por-manifestantes-a-favor-de-narrativa-del-fraude-hnews-77605,"En su comunicado, el JNE destacó que el derecho a manifestarse no justifica actos de intimidación y advirtió que se tomarán acciones correspondientes ante cualquier intento de presión a su autonomía.","JNE, Roberto Burneo"
La República,2026-05-01 11:36:30,Congreso aprueba incrementar en 50% la asignación mensual para militares acuartelados,Narda Saavedra,https://larepublica.pe/politica/2026/05/01/congreso-aprueba-incrementar-en-50-la-asignacion-mensual-para-militares-acuartelados-de-las-ffaa-hnews-58024,La medida fue respaldada con 98 votos y quedó exonerada de una segunda votación. Alejandro Soto señaló que la asignación no ha sido actualizada desde el año 2012.,"Congreso del Perú, Fuerzas Armadas del Perú"
La República,2026-04-30 14:29:58,Balcázar miente: no es cierto que el contrato ya estaba firmado cuando él ordenó suspenderlo,Ángel Páez,https://larepublica.pe/politica/2026/04/30/jose-maria-balcazar-miente-no-es-cierto-que-el-contrato-ya-estaba-firmado-cuando-el-ordeno-suspenderlo-fap-f16-hnews-1174740,"Yerro presidencial. El jefe de Estado afirma que cuando decidió suspender la adquisición, el viernes 17 de abril, el acuerdo ya se encontraba suscrito. Pero el embajador de EE.UU, Bernie Navarro, reveló que fue el lunes 20 de abril. Además, Balcázar pudo invalidar con un Decreto de Urgencia el acuerdo comercial con Lockheed Martin.","Fuerza Aérea del Perú, Fuerzas Armadas del Perú, José María Balcázar, José Jerí"
La República,2026-04-29 19:08:16,Encuesta del IEP: el 32% cree que el nuevo Congreso bicameral será igual al actual de una sola cámara,Mauricio Muñoz,https://larepublica.pe/politica/2026/04/29/encuesta-del-iep-el-32-cree-que-el-nuevo-congreso-bicameral-sera-igual-al-actual-de-una-sola-camara-hnews-1106553,"Adicionalmente, el 29% de los encuestados piensa que el próximo Congreso será mejor, mientras que otro 29% considera que será peor. La percepción de continuidad es mayor entre jóvenes de 18 a 29 años, con un 42% opinando que todo seguirá igual.","Encuesta IEP, Congreso del Perú"
La República,2026-04-30 16:57:50,Roberto Sánchez: candidato de Juntos por el Perú propone que jueces sean elegidos por voto popular,Mauricio Muñoz,https://larepublica.pe/politica/2026/04/30/roberto-sanchez-candidato-de-juntos-por-el-peru-propone-que-jueces-sean-elegidos-por-voto-popular-hnews-1104630,"El candidato presidencial propuso, en una conferencia de prensa dirigida a medios internacionales, que los jueces sean elegidos por voto popular y no por la Junta Nacional de Justicia.","Roberto Sánchez, Juntos Por el Perú"
La República,2026-04-30 17:33:45,Roberto Sánchez anuncia a José Domingo Pérez como parte del equipo de Juntos por el Perú,Mauricio Muñoz,https://larepublica.pe/politica/2026/04/30/roberto-sanchez-anuncia-a-jose-domingo-perez-como-parte-del-equipo-de-juntos-por-el-peru-hnews-2928930,"Además, Sánchez mantiene conversaciones para proponer a Pérez como posible ministro de Justicia en un futuro gobierno. Pérez recientemente se unió a la defensa del exmandatario Pedro Castillo.","Elecciones 2026, Roberto Sánchez, José Domingo Pérez"
La República,2026-04-30 19:02:42,JNJ golpea al Poder Judicial: no ratifican al juez Oswaldo Ordoñez por denunciar las ‘leyes procrimen’,Narda Saavedra,https://larepublica.pe/politica/2026/04/30/jnj-golpea-al-poder-judicial-no-ratifican-al-juez-oswaldo-ordonez-por-denunciar-las-leyes-procrimen-ante-la-cidh-hnews-1463340,"Votaron a favor de la no ratificación, los magistrados Germán Serkovic, Víctor Chanduví, Gino Ríos, María Teresa y Cayo Galindo. Solo se opusieron Francisco Távara y Jaime de la Puente.","Junta Nacional de Justicia, CIDH"
La República,2026-04-30 19:07:01,Elección exprés para nuevo jefe de ONPE: proceso durará 65 días frente a los 100 que tomó nombrar a Corvetto,Josué Chávez Cardoza,https://larepublica.pe/politica/2026/04/30/eleccion-expres-para-nuevo-jefe-de-onpe-proceso-durara-65-dias-frente-a-los-100-que-tomo-nombrar-a-corvetto-hnews-1543080,"A través de un comunicado, la Junta Nacional de Justicia negó las ""versiones que señalan una supuesta celeridad"". Sin embargo, el proceso de selección anterior tardó 101 días. Además, la fecha de interposición de tachas no se estaría comenzando de acuerdo a lo estipulado en la Resolución n.º 036-2020-JNJ.","Junta Nacional de Justicia, ONPE, piero corvetto"
La República,2026-04-30 10:47:30,Juntos por el Perú descarta participación de Antauro Humala en su campaña,Eva Palomino,https://larepublica.pe/politica/2026/04/30/juntos-por-el-peru-descarta-participacion-de-antauro-humala-en-su-campana-hnews-2397420,"El integrante del equipo técnico de Juntos por el Perú destacó que la organización es una coalición de movimientos enfocados en un programa, del cual algunas coincidencias son con Humala.","Roberto Sánchez, Juntos Por el Perú"
La República,2026-04-30 18:24:51,"Piero Corvetto reaparece en audiencia judicial por caso Gálaga: ""Tendré la oportunidad de probar mi inocencia""",Mauricio Muñoz,https://larepublica.pe/politica/2026/04/30/piero-corvetto-reaparece-en-audiencia-judicial-por-caso-galaga-tendre-la-oportunidad-de-probar-mi-inocencia-hnews-1384380,"En declaraciones ante las autoridades judiciales, el exjefe de la ONPE aseguró que el pasaporte hallado en su hogar estaba vencido, desestimando alegaciones de intento de fuga.","piero corvetto, ONPE, Elecciones 2026"
La República,2026-04-26 10:58:15,Resultados ONPE EN VIVO al 97.216%: Roberto Sánchez mantiene 27 mil 500 votos de ventaja sobre López Aliaga,Mauricio Muñoz,https://larepublica.pe/politica/2026/04/26/resultados-onpe-en-vivo-roberto-sanchez-amplia-a-mas-de-24000-votos-su-ventaja-sobre-lopez-aliaga-al-9588-hnews-1843920,"El candidato de Juntos por el Perú se posiciona como favorito para participar de la segunda vuelta. La ONPE finalizó el cómputo de las actas sin observaciones. En tanto, los Jurados Electorales Especiales continúan resolviendo las actas observadas.","Roberto Sánchez, Rafael López Aliaga, Elecciones 2026"
La República,2026-04-30 11:01:59,"José Balcázar sobre compra de aviones F-16: ""Me ratifico en mi postura, pero ya el contrato no se podía parar""",Narda Saavedra,https://larepublica.pe/politica/2026/04/30/jose-balcazar-sobre-compra-de-aviones-f16-me-ratifico-en-mi-postura-pero-ya-el-contrato-no-se-podia-parar-hnews-642180,"El mandatario ratificó su postura indicando que la compra debió ser asumida por el próximo gobierno, sin embargo, reconoció que el contrato ya se había establecido.",José María Balcázar
La República,2026-04-30 13:54:03,JNJ descarta supuesta celeridad indebida en proceso de selección para el nuevo jefe de la ONPE,Narda Saavedra,https://larepublica.pe/politica/2026/04/30/jnj-descarta-supuesta-celeridad-indebida-en-proceso-de-seleccion-para-el-nuevo-jefe-de-la-onpe-hnews-1627230,En un comunicado señalaron que no existe ninguna “celeridad indebida” en el proceso y que este se desarrolla en los plazos establecidos en el marco legal vigente.,"Junta Nacional de Justicia, ONPE"
La República,2026-04-30 13:56:59,Masacre de Colcabamba: presentan moción de interpelación contra ministro de Defensa,Mauricio Muñoz,https://larepublica.pe/politica/2026/04/30/masacre-de-colcabamba-presentan-mocion-de-interpelacion-contra-ministro-de-defensa-huancavelica-congreso-hnews-1094400,La moción busca que el ministro Flores Carcagno responda a un pliego de preguntas sobre el asesinato de cinco ciudadanos durante un operativo militar.,"Congreso del Perú, Ministerio de Defensa"
La República,2026-04-29 11:30:47,Sacerdote Omar Sánchez es denunciado ante el Dicasterio del Vaticano por abuso a un joven,Mauricio Muñoz,https://larepublica.pe/politica/2026/04/29/sacerdote-omar-sanchez-es-denunciado-ante-el-dicasterio-del-vaticano-por-presunto-abuso-a-un-joven-hnews-2390209,"Según lo revelado por el portal Epicentro, el sacerdote habría aprovechado su posición de poder en la Asociación de las Bienaventuranzas —organización que encabeza— para someter y causar daño a un joven en situación de vulnerabilidad desde 2019. Hasta el momento, el cura no se ha pronunciado.",Vaticano
La República,2026-04-29 17:18:07,Criminales acaban con la vida de excandidato al Senado por Progresemos en Trujillo,Sergio Verde,https://larepublica.pe/politica/2026/04/29/criminales-acaban-con-la-vida-de-excandidato-al-senado-por-progresemos-en-trujillo-elecciones-2026-hnews-434159,"Un nuevo crimen se registró en Trujillo, donde Jorge Alcalde Alfaro, excandidato al Senado por Progresemos, fue asesinado a plena luz del día.","Trujillo, Elecciones 2026"
La República,2026-04-29 19:36:33,"Jorge Nieto aún no define si respaldará a Keiko Fujimori o Roberto Sánchez para la segunda vuelta: ""Esperaré resultados oficiales""",Jazmín Bianchi,https://larepublica.pe/politica/2026/04/29/jorge-nieto-aun-define-si-respaldara-a-keiko-o-sanchez-para-la-segunda-vuelta-esperare-resultados-oficiales-hnews-1579746,"Durante una rueda de prensa, el líder del Partido del Buen Gobierno, Jorge Nieto, señaló que esperará los resultados oficiales para definir su apoyo a alguna candidatura.","Jorge Nieto, Jorge Nieto Montesinos, Elecciones 2026"
La República,2026-04-29 16:58:24,JNJ elegirá a nuevo jefe de ONPE en plena segunda vuelta entre Roberto Sánchez y Keiko Fujimori,Josué Chávez Cardoza,https://larepublica.pe/politica/2026/04/29/jnj-elegira-a-nuevo-jefe-de-onpe-en-plena-segunda-vuelta-entre-roberto-sanchez-y-keiko-fujimori-hnews-2750389,"En un plazo de 40 días, es decir, el 8 de junio, la JNJ publicará la lista de postulantes que superen la evaluación curricular. Ocho días después se conocerá qué aspirantes avanzan a la etapa de entrevista personal. De este modo, el proceso de selección se desarrollará en paralelo al conteo de votos a cargo de la ONPE. Bernardo Pachas estará al frente de la segunda vuelta.","Junta Nacional de Justicia, ONPE, Elecciones 2026"
La República,2026-04-30 10:39:59,Piero Corvetto: Fiscalía sustenta hoy pedido de impedimento de salida contra exjefe de la ONPE,Jazmín Bianchi,https://larepublica.pe/politica/2026/04/30/piero-corvetto-fiscalia-sustentara-hoy-ante-el-poder-judicial-pedido-de-impedimento-de-salida-contra-exjefe-de-la-onpe-hnews-702510,"La audiencia se realizará de manera virtual este jueves 30 de abril a las 11 a.m., según la resolución judicial. La defensa legal de Piero Corvetto señaló que no se opondría al pedido de la Fiscalía.","ONPE, piero corvetto, Fiscalía, Poder Judicial"
La República,2026-04-30 09:38:42,Proyecto Especial Corah será disuelto tras 43 años de funcionamiento,Óscar Chumpitaz,https://larepublica.pe/politica/2026/04/30/proyecto-especial-corah-sera-disuelto-tras-43-anos-de-funcionamiento-narcotrafico-hnews-1942920,"Gobierno oficializó la creación del Programa de Reducción de Cultivos Ilegales en el Perú (PRECIP) que busca intensificar la respuesta del Estado frente a los cultivos ilícitos vinculados al narcotráfico. Según se informó, el nuevo programa promoverá la reducción de cultivos ilegales con un enfoque integral que incorpora dimensiones ambientales, sociales, culturales y económicas en las zonas de intervención.","Narcotráfico, cocaína, Coca, Ministerio del Interior"
La República,2026-04-29 16:25:54,Piero Corvetto: abogado de exjefe de ONPE renuncia en medio de investigación por fallas logísticas de las Elecciones,Jazmín Bianchi,https://larepublica.pe/politica/2026/04/29/piero-corvetto-abogado-de-exjefe-de-onpe-renuncia-en-medio-de-investigacion-por-fallas-logisticas-de-las-elecciones-793092,El abogado Ricardo Sánchez Carranza formalizó su dimisión ante el juzgado de la Corte Superior de Justicia.,"piero corvetto, ONPE"
La República,2026-04-29 16:28:35,Encuesta IEP: 84% cree que los candidatos que pasen a segunda vuelta deben firmar una hoja de ruta,Mauricio Muñoz,https://larepublica.pe/politica/2026/04/29/encuesta-iep-84-de-la-poblacion-cree-que-los-candidatos-que-pasen-a-segunda-vuelta-deben-firmar-una-hoja-de-ruta-hnews-2384496,"El apoyo a la hoja de ruta es mayor entre los jóvenes y los sectores socioeconómicos A y B, alcanzando un 90% y un 89% respectivamente. La medida también es apoyada por un 86% de los encuestados en Lima Metropolitana.",Encuesta IEP
La República,2026-04-28 13:57:46,Fiscalía en DDHH aplica Protocolo de Minnesota para investigar muerte de 5 civiles en Colcabamba,Óscar Chumpitaz,https://larepublica.pe/politica/2026/04/28/fiscalia-en-ddhh-aplica-protocolo-de-minnesota-para-investigar-muerte-de-5-civiles-en-colcabamba-vraem-hnews-924308,Otro de los ejes centrales de la investigación está puesto en los cuadernos de control de registros de ingreso y salida de vehículos y personas en las inmediaciones de la localidad de Campo Armiño. También en el análisis de los registros fílmicos de las cámaras de videovigilancia en garitas de control.,"masacre, VRAEM, Fuerzas Armadas del Perú, Ministerio Público"
La República,2026-04-29 17:18:45,Ministro de Defensa solicita presentarse en Comisión del Congreso para informar sobre ataque en Colcabamba,Jazmín Bianchi,https://larepublica.pe/politica/2026/04/29/ministro-de-defensa-solicita-presentarse-en-comision-del-congreso-para-informar-sobre-ataque-en-colcabamba-hnews-1925687,"El abogado Amadeo Flores Carcagno, actual ministro de Defensa, presentó un oficio dirigido a la parlamentaria Karol Paredes, quien preside la Comisión de Defensa Nacional.",
La República,2026-04-29 12:26:15,Fiscalía llega a la ONPE para recoger información por contrataciones vinculadas a las Elecciones 2026,Josué Chávez Cardoza,https://larepublica.pe/politica/2026/04/29/fiscalia-llega-a-la-onpe-para-recoger-informacion-sobre-las-contrataciones-para-las-elecciones-2026-hnews-828008,La Fiscalía anticorrupción realiza una diligencia de exhibición de documentos en la sede central de la ONPE. Las actividades se llevan a cabo junto con la Dirección contra la Corrupción (Dircocor) de la PNP.,"Fiscalía, Ministerio Público, ONPE, Debate Presidencial 2026"
La República,2026-04-29 12:26:15,Fiscalía llega a la ONPE para recoger información por contrataciones vinculadas a las Elecciones 2026,Josué Chávez Cardoza,https://larepublica.pe/politica/2026/04/29/fiscalia-llega-a-la-onpe-para-recoger-informacion-sobre-las-contrataciones-para-las-elecciones-2026-hnews-828008,La Fiscalía anticorrupción realiza una diligencia de exhibición de documentos en la sede central de la ONPE. Las actividades se llevan a cabo junto con la Dirección contra la Corrupción (Dircocor) de la PNP.,"Fiscalía, Ministerio Público, ONPE, Debate Presidencial 2026"
La República,2026-04-28 18:44:44,"Ricardo Acuña, sobreviviente y testigo de la matanza: “Me presionaron para mentir”",Doris Aguirre,https://larepublica.pe/politica/2026/04/28/ricardo-acuna-sobreviviente-y-testigo-de-la-matanza-me-presionaron-para-mentir-operativo-antidroga-vraem-ejercito-del-peru-hnews-1747228,"Manifestaciones. Ante la fiscal antidrogas Jeannette Carrillo, Ricardo Acuña Quispe afirmó que el grupo que estaba en la camioneta había participado en un transporte de drogas como “mochileros” (cargadores). Luego, ante la fiscal Provincial Penal de Tayacaja, Zani Romero Chávez, expresó que los militares lo presionaron para dar un falso testimonio, sin la presencia de un abogado defensor, y así justificar la matanza a balazos de cinco civiles en Colcabamba.","Ejército peruano, Fiscalía, VRAEM"
La República,2026-04-29 12:34:36,"Nuevo jefe de la ONPE jurará el 3 de julio, según el cronograma del JNJ",Mauricio Muñoz,https://larepublica.pe/politica/2026/04/29/nuevo-jefe-de-la-onpe-juramentara-el-3-de-julio-segun-el-cronograma-del-jnj-hnews-621934,"De acuerdo con este cronograma, Bernardo Pachas, actual jefe interino de la institución electoral, se mantendría en el cargo durante la segunda vuelta de las Elecciones Generales 2026.","ONPE, Junta Nacional de Justicia"
La República,2026-04-28 13:14:20,Elecciones 2026: JNE asegura que elecciones complementarias no tiene sustento legal y generaría incertidumbre,Josué Chávez Cardoza,https://larepublica.pe/politica/2026/04/28/elecciones-2026-jne-asegura-que-elecciones-complementarias-no-tiene-sustento-legal-y-generaria-incertidumbre-hnews-711088,"Por mayoría, el Pleno del JNE rechazó el pedido de elecciones complementarias que hizo Rafael López Aliaga (Renovación Popular). El ente electoral afirmó que ese recurso solo es válido en las elecciones municipales.","Rafael López Aliaga, JNE, ONPE, Elecciones 2026"
La República,2026-04-29 07:42:24,Junta Nacional de Justicia convoca a concurso público de méritos para elegir al nuevo jefe de la ONPE,Josué Chávez Cardoza,https://larepublica.pe/politica/2026/04/29/junta-nacional-de-justicia-busca-nuevo-jefe-de-la-onpe-convoca-a-concurso-publico-de-meritos-hnews-2129064,La convocatoria de la JNJ se dio luego de la renuncia de Piero Corvetto tras el escándalo de la entrega del material electoral. La institución también aprobó las bases del concurso público de méritos para la selección y nombramiento del nuevo jefe de ONPE.,"ONPE, piero corvetto, Junta Nacional de Justicia, Elecciones 2026"
La República,2026-04-26 16:43:47,"ONPE al 96,735%: Sánchez se distancia de López Aliaga por más de 26.000 votos y quedan 3.000 actas por enviar a los JEE",Josué Chávez Cardoza,https://larepublica.pe/politica/2026/04/26/onpe-al-9589-sanchez-se-distancia-de-lopez-aliaga-por-mas-de-24000-votos-y-quedan-3800-actas-por-enviar-a-los-jee-hnews-1412788,"Sánchez pasaría a la segunda vuelta contra Keiko Fujimori. El candidato de JPP le lleva 26.331 votos de distancia a Rafael López Aliaga. Por otro lado, diversos Jurados Electorales Especiales (JEE) ya resolvieron el 100% de las actas observadas que les llegaron.","Rafael López Aliaga, Roberto Sánchez, Jurado Electoral Especial, JNE, ONPE"
La República,2026-04-29 09:50:38,Piero Corvetto: Fiscalía pide 18 meses de impedimento de salida del país para exjefe de la ONPE,Mauricio Muñoz,https://larepublica.pe/politica/2026/04/29/piero-corvetto-ministerio-publico-solicita-18-meses-de-impedimento-de-salida-del-pais-para-exjefe-de-la-onpe-hnews-2330469,La Fiscalía Anticorrupción sustentará el pedido ante el Poder Judicial el 30 de abril a las 11 a.m. para sustentar sus investigaciones.,"piero corvetto, Ministerio Público, ONPE"
La República,2026-04-29 06:00:00,"Encuesta IEP: Keiko Fujimori es fuerte en Lima, pero Roberto Sánchez gana en provincias",Narda Saavedra,https://larepublica.pe/politica/2026/04/29/keiko-fujimori-es-fuerte-en-lima-pero-roberto-sanchez-gana-en-provincias-hnews-1115296,Roberto Sánchez obtendría 32% de votos frente a un 31% de Keiko Fujimori si es que ambos se enfrentan en la segunda vuelta presidencial programada para el 7 de junio de este año.,"Keiko Fujimori, Roberto Sánchez, Elecciones 2026, Juntos Por el Perú, Fuerza Popular"
La República,2026-04-28 17:55:51,Congreso blinda a Dina Boluarte y vuelve a archivar denuncias constitucionales en su contra,Mauricio Muñoz,https://larepublica.pe/politica/2026/04/28/congreso-aprueban-archivar-denuncias-contra-dina-boluarte-por-infracciones-constitucionales-y-delitos-de-corrupcion-hnews-865676,Las denuncias constitucionales presentadas por los congresistas Juan Burgos (Podemos Perú) y Edwin Martínez (Acción Popular) fueron desestimadas por la Subcomisión de Acusaciones Constitucionales.,"Congreso del Perú, Dina Boluarte"
La República,2026-04-29 08:56:25,Cancillería pide información a Rusia sobre situación de peruanos: tomarán acciones por denuncias de trata de personas,Josué Chávez Cardoza,https://larepublica.pe/politica/2026/04/29/cancilleria-pide-informacion-sobre-peruanos-en-rusia-y-tomaran-acciones-por-denuncias-de-trata-de-personas-hnews-2758799,"Además, se pidió al embajador en Moscú redoblar el contacto con autoridades rusas para ""abordar está delicada problemática"". El Ministerio de Relaciones Exteriores recordó que, según la Constitución peruana, los ciudadanos deben solicitar autorización para servir en fuerzas extranjeras. La solicitud se realizó el 28 de abril.","Cancillería del Perú, Ministerio de Relaciones Exteriores, Rusia, Perú, Peruanos en el Extranjero"
La República,2026-04-28 08:45:33,"Roberto Sánchez evalúa a José Domingo Pérez y Hernando Cevallos como ministros de Justicia y Salud: ""Hay conversaciones""",Josué Chávez Cardoza,https://larepublica.pe/politica/2026/04/28/roberto-sanchez-evalua-a-jose-domingo-perez-y-hernando-cevallos-como-ministros-de-justicia-y-salud-hay-conversaciones-hnews-1568028,"""Hay conversaciones preliminares"", reveló el candidato presidencial de Juntos por el Perú (JPP). Por otro lado, Roberto Sánchez mencionó que el san marquino Jorge Manco Zaconetti es una opción para la cartera de Energía y Minas.","Roberto Sánchez, José Domingo Pérez, Hernando Cevallos, Juntos Por el Perú, Elecciones 2026"
La República,2026-04-28 17:25:27,Roberto Sánchez: ONPE sanciona con S/88.000 a Juntos por el Perú por no sustentar aportes en campaña en 2021,Josué Chávez Cardoza,https://larepublica.pe/politica/2026/04/28/roberto-sanroberto-sanchez-onpe-sanciona-con-s88000-a-juntos-por-el-peru-por-no-sustentar-aportes-en-campana-en-2021-hnews-1149092,La ONPE multó al partido por no emitir 86 recibos que justifiquen los aportes recibidos en efectivo o especie durante la campaña del 2021. Cada recibo está valorizado en S/1.000.,"ONPE, Elecciones 2026, Roberto Sánchez"
La República,2026-04-28 22:13:45,José Balcázar anuncia que han pedido un crédito suplementario para financiar Beca Bicentenario,Narda Saavedra,https://larepublica.pe/politica/2026/04/28/jose-balcazar-anuncia-que-han-pedido-un-credito-suplementario-para-financiar-beca-bicentenario-hnews-456260,"El mandatario precisó, además, que la falta de financiamiento se debe a que no se tomó en cuenta en el presupuesto aprobado por el Congreso.","José María Balcázar, Minedu"
La República,2026-04-28 20:21:24,Poder Judicial revisará pedido de detención de Piero Corvetto y otros funcionarios de la ONPE,Jazmín Bianchi,https://larepublica.pe/politica/2026/04/28/poder-judicial-evalua-la-detencion-de-piero-corvetto-y-otros-funcionarios-de-la-onpe-tras-irregularidades-el-12-de-abril-hnews-465164,"La Fiscalía apeló contra la resolución judicial que rechazó la detención preliminar a Piero Corvetto, extitular de la ONPE.",
La República,2026-04-28 21:20:09,"Perú debilitado en el plano internacional, en medio de disputa entre embajadores de China y EE. UU.",Jazmín Bianchi,https://larepublica.pe/politica/2026/04/28/peru-en-el-centro-de-una-disputa-diplomatica-entre-embajadores-de-estados-unidos-y-china-hnews-925290,"El enfrentamiento entre China y Estados Unidos se da en el marco de la controversial compra de los aviones F-16 Block 70, la cual se realizó sin la venia presidencial. Especialistas advierten que este hecho deteriora la imagen del país en el exterior.",
La República,2026-04-28 15:46:27,Derrame de petróleo en Loreto: la comunidad indígena awajún protesta y bloquea carretera,Adrián Sarria Muñoz,https://larepublica.pe/politica/2026/04/28/derrame-de-petroleo-en-loreto-la-comunidad-indigena-awajun-protesta-y-bloquea-carretera-hnews-1822968,"Más de un año después de la fuga registrada en el Oleoducto Norperuano, comunidades awajún de Manseriche afirman que continúan consumiendo agua con residuos petroleros expuestos y que no reciben atención médica especializada. Por eso han vuelto a tomar la carretera Saramiriza–Bagua.","Amazonía, Petroperú, Bloqueo de carreteras, Petróleo, Loreto"
La República,2026-04-28 10:38:41,Ministra de Educación no asistió al Congreso para responder por crisis de becas en Pronabec,Ariadna Yaya,https://larepublica.pe/politica/2026/04/28/pronabec-en-crisis-ministra-de-educacion-maria-esther-cuadros-no-asistira-al-congreso-pese-a-citacion-hnews-2746268,"El Ministerio de Educación excusó la inasistencia de María Esther Cuadros a la Comisión de Educación, pese a estar citada para este martes, debido a que la convocatoria fue enviada el viernes por la noche. El sector anunció que remitirá un informe técnico en su lugar.","Ministerio de Educación, Congreso del Perú, PRONABEC"
La República,2026-04-28 17:45:27,Delia Espinoza interpone demanda de amparo contra el JNE por no poder votar el 12 de abril,Mauricio Muñoz,https://larepublica.pe/politica/2026/04/28/delia-espinoza-interpone-demanda-de-amparo-contra-el-jne-por-no-poder-votar-el-12-de-abril-hnews-980196,"Luciano López, abogado constitucionalista y representante de la exfiscal de la Nación, señaló que la inhabilitación impuesta desde el Congreso contra Espinoza no suspende su derecho a elegir.","Delia Espinoza, JNE, Elecciones 2026"
La República,2026-04-27 21:35:24,"Promovieron la reelección, pero quedaron fuera del próximo Congreso",Diego Alva,https://larepublica.pe/politica/2026/04/27/promovieron-la-reeleccion-pero-quedaron-fuera-del-proximo-congreso-hnews-794205,"Campaña #PorEstosNo fue fundamental para fomentar el análisis sobre los partidos que no debía volver al Congreso y ser castigados en las urnas. Actuales congresistas de Alianza Para el Progreso, Podemos Perú, Somos Perú y Avanza País fueron los más rechazados.",Congreso del Perú
La República,2026-04-28 13:07:55,Congreso plantea invitar al ministro de Defensa para que responda por masacre en Colcabamba,Ariadna Yaya,https://larepublica.pe/politica/2026/04/28/masacre-en-colcabamba-huancavelica-congreso-plantea-citar-al-ministro-de-defensa-amadeo-flores-carcagno-y-pide-explicaciones-por-operativo-militar-hnews-2377732,"La moción presentada por el congresista Wilson Soto busca que Amadeo Flores Carcagno, actual titular de Defensa, acuda con urgencia al Pleno para explicar la intervención militar que dejó cinco muertos en Colcabamba tras cuestionamientos a la versión oficial dada por las Fuerzas Armadas.","Congreso del Perú, Ministerio de Defensa, Fuerzas Armadas del Perú"
La República,2026-04-28 12:52:51,"Jefa de misión electoral de la UE, sobre narrativa de fraude: “No hemos observado hechos que hagan pensar que hay mala fe detrás""",Mauricio Muñoz,https://larepublica.pe/politica/2026/04/28/annalissa-corrado-jefa-de-mision-electoral-de-la-ue-no-hemos-observado-hechos-que-hagan-pensar-que-hay-mala-fe-detras-hnews-2701216,"En entrevista escrita con La República, Annalissa Corrado, diputada europea y jefa de la Misión de Observación Electoral de la Unión Europea evaluó el desempeño de los organismos electorales y detalló el trabajo de la misión tras la primera vuelta de las Elecciones Generales 2026.","Entrevista, Elecciones 2026, Unión Europea"
La República,2026-04-27 18:55:58,Militares dispararon 60 veces a 4x4 en la que murieron 5 civiles,Doris Aguirre,https://larepublica.pe/politica/2026/04/27/militares-dispararon-60-veces-a-4x4-en-la-que-murieron-5-civiles-operativo-antidroga-vraem-ejercito-del-peru-hnews-1268136,"Uno de los tres sobrevivientes reconoció que, horas antes del incidente, habían trasladado un cargamento de 15 kilos de pasta básica de cocaína. Algunas de las víctimas eran “mochileros”, transportistas a pie de droga, según informó el testigo, quien negó que hubiera habido un enfrentamiento, o que alguno de los pasajeros hubiera usado un arma de fuego.","Fuerzas Armadas del Perú, Ministerio Público, Fiscalía, Ejército peruano, VRAEM"
La República,2026-04-28 11:52:46,"Roberto Sánchez intenta deslindarse de Antauro Humala: ""Respeto sus ideas, pero no las comparto""",Mauricio Muñoz,https://larepublica.pe/politica/2026/04/28/roberto-sanchez-intenta-deslindarse-de-antauro-humala-respeto-sus-ideas-pero-no-las-comparto-hnews-2548672,El candidato de Juntos por el Perú aseguró que las declaraciones del líder etnocacerista no se condicen con lo expresado en el plan de gobierno de su partido.,"Roberto Sánchez, Antauro Humala"
La República,2026-04-27 11:32:11,Comisión de Defensa citará nuevamente a ministros para que respondan por aviones F-16,Ariadna Yaya,https://larepublica.pe/politica/2026/04/27/ministro-de-defensa-y-canciller-no-acudiran-a-comision-del-congreso-para-responder-por-la-compra-de-aviones-f16-congreso-hnews-2396925,"El presidente del Consejo de Ministros, Luis Arroyo, y los ministros Amadeo Flores y Carlos Pareja, Defensa y Cancillería respectivamente, no asistieron a la sesión de la Comisión de Defensa prevista para informar sobre el proceso de adquisición de aeronaves de combate para la FAP. La congresista Karol Paredes indicó que la reunión sería reprogramada para este 4 de mayo.","Ministerio de Defensa, Cancillería del Perú, Congreso del Perú"
La República,2026-04-27 16:23:55,"Embajadores de China y EE.UU. protagonizan discusión por aviones F-16: ""Dejas clarísimo quién es el verdadero lobo""",Josué Chávez Cardoza,https://larepublica.pe/politica/2026/04/27/embajadores-de-china-y-eeuu-protagonizan-discusion-por-aviones-f16-dejas-clarisimo-quien-es-el-verdadero-lobo-hnews-1987227,Tensión diplomática entre China y EE. UU. tras discusión de embajadores sobre compra de aviones F-16. La polémica comenzó cuando Navarro advirtió sobre posibles represalias a Perú. Jingyang criticó el tono coercitivo del embajador estadounidense,"Estados Unidos, China, José María Balcázar"
La República,2026-04-27 22:16:39,Fiscalía no pide detención preliminar y libera a los ocho militares involucrados en la muerte de cinco jóvenes,Carlos Villacorta,https://larepublica.pe/politica/2026/04/27/colcabamba-fiscalia-no-pide-detencion-preliminar-y-libera-a-los-8-militares-involucrados-en-la-muerte-de-cinco-jovenes-hnews-1068228,Los militares investigados llevarán la investigación por el presunto delito de homicidio calificado en libertad. En el peritaje de la escena se reportan 60 proyectiles de bala en la camioneta que viajaban los jóvenes.,"Fuerzas Armadas del Perú, VRAEM, Ejército peruano"
La República,2026-04-27 16:48:32,Fiscalía abre investigación contra 8 militares por la muerte de cinco jóvenes en Colcabamba,Josué Chávez Cardoza,https://larepublica.pe/politica/2026/04/27/fiscalia-abre-investigacion-contra-8-militares-por-la-muerte-de-cinco-jovenes-en-colcabamba-hnews-2270295,La Fiscalía Provincial Penal Corporativa de Tayacaja inició la investigación preliminar contra los militares por el presunto delito de homicidio calificado.,"Fiscalía, Ministerio Público, Ayacucho, Fuerzas Armadas del Perú"
La República,2026-04-28 07:08:19,Condenan a exgeneral PNP que incrementó ilegalmente su patrimonio en más de S/ 250 mil,Óscar Chumpitaz,https://larepublica.pe/politica/2026/04/28/condenan-a-exgeneral-pnp-que-incremento-ilegalmente-su-patrimonio-en-mas-de-s-250-mil-corrupcion-hnews-2063768,"Máximo Sánchez Padilla prestó servicios como general PNP en el Alto Huallaga, Vraem, Junín y en Madre de Dios. En el 2019, cuando era jefe de la Diroes, utilizó a 15 subalternos PNP y les ordenó que pinten su nombre en lo alto de un cerro de esa base policial, en Ate.","Corrupción, Policía Nacional del Perú, DINOES, Ministerio Público"
La República,2026-04-28 06:00:00,Comisión episcopal de Acción Social: “No se dejen robar la esperanza”,Gabriel Ruiz Ortega,https://larepublica.pe/politica/2026/04/28/comision-episcopal-de-accion-social-no-se-dejen-robar-la-esperanza-hnews-640359,"Anoche, Alfredo Vizcarra Mori, arzobispo metropolitano de Trujillo y vicepresidente de la CEAS, hizo un llamado a la ciudadanía a no optar por el “mal menor” y cerrar filas ante las mentiras y manipulaciones.",
La República,2026-04-27 23:04:06,Ruth Luque exige que investigación de la masacre en Colcabamba la lidere la Fiscalía y no la PNP,Narda Saavedra,https://larepublica.pe/politica/2026/04/27/ruth-luque-exige-que-investigacion-de-la-masacre-en-colcabamba-la-lidere-la-fiscalia-y-no-la-pnp-hnews-2480544,"“No puede ser que se busque justificar bajo la legítima defensa y se muestre un relato sin garantizar una investigación rigurosa”, escribió en sus redes sociales.","Fiscalía, PNP"
La República,2026-04-27 21:08:11,"Walter Albán: ""A sus votantes, Sánchez no les dice nada. En realidad han reivindicado su voto por Castillo""",Diego Alva,https://larepublica.pe/politica/2026/04/27/walter-alban-a-sus-votantes-sanchez-no-les-dice-nada-en-realidad-han-reivindicado-su-voto-por-castillo-hnews-2658879,"En entrevista para La República, el exministro Walter Albán analizó la coyuntura actual tras los resultados del 12 de abril y el escenario político que nos espera con la segunda vuelta.",Entrevista LR
La República,2026-04-27 14:28:46,La otra oficina de José María Balcázar en el Congreso: tiene 6 trabajadores y sueldos que suman más 38 mil soles,Jazmín Bianchi,https://larepublica.pe/politica/2026/04/27/la-otra-oficina-de-jose-maria-balcazar-en-el-congreso-tiene-6-trabajadores-y-sueldos-que-suman-mas-38-mil-soles-hnews-1768878,"El presidente José María Balcázar mantiene el gasto de su despacho en el Parlamento, aun cuando ya no ejerce funciones legislativas.",
La República,2026-04-27 15:34:22,Acusación en caso Gasoducto al borde del archivo por fallas de la fiscalía,César Romero Calle,https://larepublica.pe/politica/2026/04/27/acusacion-contra-ollanta-humala-en-caso-gasoducto-al-borde-del-archivo-por-fallas-de-la-fiscalia-hnews-2325024,"Control judicial. Juez Leodan Cristóbal evalúa si devuelve a la fiscal Geovanna Mori el requerimiento de condena por segunda vez, a fin de que complete su acusación contra Ollanta Humala y otros 23 procesados. La fiscal dice que ya subsanó. Los abogados consideran que aún falta precisar diversos aspectos",Gasoducto Sur
La República,2026-04-26 09:48:06,Detienen a 8 militares por la muerte de 5 jóvenes en Colcabamba,Óscar Chumpitaz,https://larepublica.pe/politica/2026/04/26/vraem-identifican-a-tres-de-las-5-victimas-de-una-intervencion-militar-en-colcabamba-vraem-hnews-1207284,"Jóvenes murieron en un “enfrentamiento” cuando se desplazaban en una camioneta. Sin embargo, durante el registro no se halló armas ni droga. Hay dos civiles que resultaron heridos y su testimonio será clave para el esclarecimiento. Entre tanto, hay ocho soldados detenidos.","Fuerzas Armadas del Perú, VRAEM, Ejército peruano, Narcotráfico, Huancavelica"
La República,2026-04-27 13:57:52,"ONPE entregó contrato de S/2.3 millones a Gálaga, pese a alerta de presunta corrupción",Ariadna Yaya,https://larepublica.pe/politica/2026/04/27/onpe-entrego-contrato-de-s23-millones-a-galaga-pese-a-alerta-de-presunta-corrupcion-hnews-1026567,Cuarto Poder reveló que la ONPE adjudicó el servicio de traslado de material electoral a Gálaga semanas después de recibir una advertencia formal sobre posibles irregularidades en sus contrataciones.,"ONPE, Elecciones 2026"
La República,2026-04-26 23:35:35,Captan a congresista Raúl Doroteo usando seguridad del Estado para fines personales,Narda Saavedra,https://larepublica.pe/politica/2026/04/26/captan-a-congresista-raul-doroteo-usando-seguridad-del-estado-para-fines-personales-hnews-1209572,"La seguridad del parlamentario fue vista trasladando a una trabajadora del Congreso. Al ser consultado, el parlamentario evitó dar declaraciones y aseguró que es una “ex trabajadora y solo tienen un vínculo laboral”.",Congreso del Perú
La República,2026-04-26 05:36:42,"Susana Matute: “Siempre buscamos una justificación para decir que no somos racistas, es una trampa”",Emilio Camacho,https://larepublica.pe/politica/2026/04/26/susana-matute-siempre-buscamos-una-justificacion-para-decir-que-no-somos-racistas-es-una-trampa-hnews-1400932,"Susana Matute, responsable de políticas para la población afroperuana en el ministerio de Cultura y candidata al Senado por el Partido del Buen Gobierno, habla de las expresiones racistas surgidas en redes sociales luego de los resultados de la primera vuelta. Sostiene que este es un fenómeno permanente que se expresa de forma silenciosa. Además cuenta en esta entrevista su propia historia como activista contra la discriminación, desde las aulas y desde su actual puesto en el Estado.","Jorge Nieto Montesinos, Elecciones 2026, Racismo"
La República,2026-04-26 13:09:02,"Jorge Nieto sobre compra de Aviones F-16: ""Hay un golpe administrativo. Nadie le hizo caso a Balcázar""",Mauricio Muñoz,https://larepublica.pe/politica/2026/04/26/jorge-nieto-sobre-compra-de-aviones-f16-hay-un-golpe-administrativo-nadie-le-hizo-caso-a-balcazar-hnews-2231034,El candidato del Partido del Buen Gobierno consideró que este hecho evidencia una pérdida de autoridad de la institución presidencial.,"Jorge Nieto, Aviones, José María Balcázar"
La República,2026-04-26 18:38:59,Rafael López Aliaga solo logró apoyo mayoritario en Lima: regiones del sur le dieron la espalda en Elecciones 2026,Mauricio Muñoz,https://larepublica.pe/politica/2026/04/26/rafael-lopez-aliaga-solo-logro-apoyo-mayoritario-en-lima-regiones-del-sur-le-dieron-la-espalda-en-las-elecciones-2026-hnews-2067780,"Alrededor del 60% del total de votos del candidato de Renovación Popular proviene de Lima Metropolitana. En regiones del sur del país, López Aliaga registra porcentajes de hasta solo 2%.","Rafael López Aliaga, Elecciones 2026, Renovación Popular"
La República,2026-04-26 06:49:00,La FAP aceleró la compra de los F-16 ante el avance de Sánchez en el conteo de votos,Ángel Páez,https://larepublica.pe/politica/2026/04/26/la-fap-acelero-la-compra-de-los-f16-ante-el-avance-de-roberto-sanchez-en-el-conteo-de-votos-jose-jeri-ore-mindef-hnews-2496075,"En la sombra. En el gobierno de José Jerí se decidió dejar de lado a los postores de Francia y Suecia, sin darles oportunidad para que sustentaran sus propuestas, y se negoció únicamente con la estadounidense Lockheed Martin. La posibilidad de un triunfo electoral de Roberto Sánchez, también influyó en la firma del contrato sin el consentimiento del presidente Balcázar.","Fuerza Aérea del Perú, Fuerzas Armadas del Perú, Ministerio de Defensa, José María Balcázar, José Jerí"
La República,2026-04-26 08:40:57,Roberto Sánchez anuncia denuncias constitucionales contra la JNJ y JNE tras las Elecciones 2026,Josué Chávez Cardoza,https://larepublica.pe/politica/2026/04/26/roberto-sanchez-anuncia-denuncias-constitucionales-contra-la-jnj-y-jne-tras-las-elecciones-2026-hnews-1022944,"Según el candidato presidencial de Juntos por el Perú (JPP), las instituciones habrían actuado fuera del marco legal luego de los comicios electorales del 12 y 13 de abril. El recurso sería presentado por la bancada de JPP en los próximos días.","Roberto Sánchez, JNE, Junta Nacional de Justicia, Elecciones 2026"
La República,2026-04-27 11:12:11,Dirección Regional de Agricultura de Ucayali pretende reconocer a invasores de terreno,Rosmery Tapara,https://larepublica.pe/politica/2026/04/27/direccion-regional-de-agricultura-de-ucayali-pretende-reconocer-a-invasores-de-terreno-hnews-1229526,"El Poder Judicial desestimó todas las acciones de los usurpadores que pretendían reconocimiento legal, e incluso ha dispuesto el desalojo de las 9,7 hectáreas, pero esto han conseguido que autoridades regionales acojan un recurso que carece de fundamento.","Invasión de terrenos, Ucayali"
La República,2026-04-25 18:54:38,Gálaga no le paga a transportistas que subcontrató ante la falta de camiones,Adrián Sarria Muñoz,https://larepublica.pe/politica/2026/04/25/galaga-no-le-paga-a-transportistas-que-subcontrato-ante-la-falta-de-camiones-hnews-338088,"Comunicaciones entre la contratista de ONPE y los propietarios de vehículos obtenidas por La República revelan que, faltando muy poco para la instalación de las mesas electorales, no había suficientes unidades móviles. Galaga tuvo que recurrir a transportistas que prestaron el servicio faltante, pero, hasta el momento, están impagos.","ONPE, Elecciones 2026, Elecciones en el Perú, Elecciones presidenciales"
La República,2026-04-26 16:57:35,Aviones F-16: Comisión de Defensa interrogará a ministros de Defensa y Relaciones Exteriores este lunes,Narda Saavedra,https://larepublica.pe/politica/2026/04/26/aviones-f16-comision-de-defensa-cita-a-ministros-de-defensa-y-relaciones-exteriores-para-este-lunes-hnews-392314,"La audiencia se desarrollará de forma semipresencial a las 3.00 p.m. en la Sala Miguel Grau. También se citó al primer ministro, Luis Arroyo.","Congreso del Perú, Defensa, Ministerio de Defensa, Cancillería del Perú, Ministerio de Relaciones Exteriores"
La República,2026-04-27 08:26:14,Actas del Consejo de Ministros revelarían la poca participación de José María Balcázar en las sesiones,Josué Chávez Cardoza,https://larepublica.pe/politica/2026/04/27/actas-del-consejo-de-ministros-revelarian-la-poca-participacion-de-jose-maria-balcazar-en-las-sesiones-hnews-615087,"El presidente Balcázar solo participó en la sesión del Consejo de Ministros el pasado 6 de marzo durante la crisis de gas GNV, según el dominical Punto Final.","José María Balcázar, PCM, Poder Ejecutivo"
La República,2026-04-26 10:05:03,Perú condena ataque durante la Cena Anual de Corresponsales en la Casa Blanca,Josué Chávez Cardoza,https://larepublica.pe/politica/2026/04/26/donald-trump-gobierno-del-peru-condena-ataque-durante-la-cena-anual-de-corresponsales-en-la-casa-blanca-hnews-1605578,"La Cancillería del Perú informó que todos los participantes del evento, incluidos el presidente Donald Trump y su esposa Melania, están fuera de peligro tras el incidente.","Estados Unidos, Casa Blanca, Donald Trump"
La República,2026-04-25 13:41:55,VRAEM: Confuso operativo militar deja cinco fallecidos,Jazmín Bianchi,https://larepublica.pe/politica/2026/04/25/enfrentamiento-en-el-vraem-entre-militares-y-narcoterroristas-deja-al-menos-cinco-muertos-y-dos-heridos-425775,"El hecho ocurrió en el distrito de Colcabamba, provincia de Tayacaja en la región Huancavelica. Las personas que resultaron heridas fueron trasladadas al hospital de Pampas.",VRAEM
La República,2026-04-26 21:07:39,Simpatizantes de Juntos por el Perú realizan plantón frente al JNE para protestar contra la narrativa del fraude,Narda Saavedra,https://larepublica.pe/politica/2026/04/26/simpatizantes-de-juntos-por-el-peru-realizan-planton-frente-al-jne-para-protestar-contra-la-narrativa-del-fraude-hnews-961870,"Las candidatas a la primera y segunda vicepresidencia, Anali Márquez Huanca y Brígida Curo Bustincio, respectivamente, estuvieron presentes en la marcha.","JNE, Juntos Por el Perú"
La República,2026-04-26 17:30:00,Más de 194.000 delitos cometidos solo en el primer trimestre del 2026,Óscar Chumpitaz,https://larepublica.pe/politica/2026/04/26/mas-de-194000-delitos-cometidos-solo-en-el-primer-trimestre-del-2026-inseguridad-hnews-1901744,"De acuerdo con el Sistema de Denuncias Policiales (Sidpol) de enero a marzo se cometieron 118 mil 507 hechos delictivos, 52.711 casos de violencia contra la mujer y 12.150 faltas. Hubo 13.348 robos y 38.939 hurtos. También 3.891 extorsiones, 287 secuestros, 4.594 casos de violación sexual y 56 actos de corrupción.","Seguridad Ciudadana, Robos, Crimen organizado, Crímenes"
La República,2026-04-26 14:54:48,JEE–Lima Centro 2 termina de resolver observaciones de votos presidenciales emitidos por peruanos en el exterior,Narda Saavedra,https://larepublica.pe/politica/2026/04/26/jee-lima-centro-2-proyecta-que-terminara-de-resolver-observaciones-de-votos-de-peruanos-en-el-exterior-hnews-1900626,"Las actas observadas incluyen errores materiales, aritméticos, inconsistencias numéricas o falta de firmas.","JNE, Elecciones 2026"
La República,2026-04-26 07:26:28,Elecciones 2026: oportunidades y riesgos para Keiko Fujimori y Roberto Sánchez de cara a la segunda vuelta,Mauricio Muñoz,https://larepublica.pe/politica/2026/04/26/elecciones-2026-oportunidades-y-riesgos-para-keiko-fujimori-y-roberto-sanchez-de-cara-a-la-segunda-vuelta-hnews-1172400,"Roberto Sánchez busca ampliar su base electoral, aunque su apoyo femenino es limitado y el respaldo juvenil es bajo. Por su parte, Keiko Fujimori, con fuerte base fujimorista, enfrenta un alto nivel de rechazo, especialmente en zonas rurales.","Elecciones 2026, Keiko Fujimori, Roberto Sánchez"
La República,2026-04-24 18:08:56,JNE fija el 7 de mayo como fecha límite para el recuento de votos,Narda Saavedra,https://larepublica.pe/politica/2026/04/24/jne-da-plazo-a-la-onpe-para-recuento-de-votos-hasta-el-7-de-mayo-hnews-1373712,"Por otro lado, los JEE que han recibido mayor cantidad de actas observadas son Cusco, Huancayo y Pacasmayo.",JNE
La República,2026-04-25 09:44:44,Fuerza Popular lideraría el nuevo Senado con 22 escaños y Juntos por el Perú se consolida como segunda fuerza,Eva Palomino,https://larepublica.pe/politica/2026/04/25/fuerza-popular-lideraria-el-nuevo-senado-con-22-escanos-y-juntos-por-el-peru-se-consolida-como-segunda-fuerza-hnews-889440,"Juntos por el Perú se posiciona en segundo lugar con 14 curules, convirtiéndose en la mayor bancada de izquierda, mientras que Renovación Popular suma 8 escaños y el Partido del Buen Gobierno 7.","Fuerza Popular, Juntos Por el Perú"
La República,2026-04-25 22:35:11,ONPE desmiente a López Aliaga: mesas de la serie 900 001 son para centros poblados y existen desde 2005,Jazmín Bianchi,https://larepublica.pe/politica/2026/04/25/onpe-desmiente-a-lopez-aliaga-mesas-de-la-serie-900-001-son-para-centros-poblados-y-existen-desde-2005-hnews-1782650,El organismo electoral precisó que las mesas con número de identificación a partir del 900001 corresponden a comunidades rurales alejadas y son auditables a través de su portal oficial.,"ONPE, Rafael López Aliaga"
La República,2026-04-25 14:37:46,Roberto Sánchez critica a Balcázar por compra de aviones: “Este es el gobierno de Keiko Fujimori”,Ariadna Yaya,https://larepublica.pe/politica/2026/04/25/roberto-sanchez-critica-a-jose-maria-balcazar-por-compra-de-aviones-este-es-el-gobierno-de-keiko-fujimori-hnews-507650,"El candidato presidencial Roberto Sánchez, de Juntos por el Perú, cuestionó al Gobierno de José María Balcázar en medio de la polémica por la compra de aviones estadounidenses. También rechazó las denuncias de fraude y pidió respetar los resultados.","Roberto Sánchez, José María Balcázar, Juntos Por el Perú, Elecciones 2026, Keiko Fujimori"
La República,2026-04-25 22:57:10,"Denuncian a Piero Corvetto y a la JNJ por presunta omisión de actos funcionales, abandono de cargo y abuso de autoridad",Ariadna Yaya,https://larepublica.pe/politica/2026/04/25/denuncian-a-piero-corvetto-y-a-la-junta-nacional-de-justicia-por-presunta-omision-de-actos-funcionales-abandono-de-cargo-y-abuso-de-autoridad-hnews-1656950,"La exfiscal Sandra Castro presentó una denuncia ante la Fiscalía de la Nación contra el exjefe de la ONPE y los miembros de la JNJ, a quienes acusa de avalar una renuncia que, según sostiene, estaba prohibida durante el proceso electoral en curso.","piero corvetto, ONPE, Junta Nacional de Justicia"
La República,2026-04-25 20:06:11,Relevan a Franco Moreno como jefe policial de La Libertad y designan a Ricardo Espinoza en su reemplazo,Ariadna Yaya,https://larepublica.pe/politica/2026/04/25/relevan-a-franco-moreno-como-jefe-policial-de-la-libertad-y-designa-a-ricardo-espinoza-en-su-reemplazo-hnews-361100,El cambio en la PNP se da tras casi cuatro meses de gestión de Franco Moreno en La Libertad. El comandante general Óscar Arriola Delgado afirmó que la decisión responde a “necesidad de servicio”.,PNP
La República,2026-04-25 16:09:45,Delia Espinoza solicita al JNE evaluar la candidatura de Fernando Rospigliosi al Senado,Jazmín Bianchi,https://larepublica.pe/politica/2026/04/25/delia-espinoza-solicita-al-jne-evaluar-la-candidatura-de-fernando-rospigliosi-al-senado-hnews-1457925,El pedido busca que el ente electoral evalúe la exclusión del candidato al Senado por Fuerza Popular tras condena por difamación agravada.,
La República,2026-04-25 15:38:15,Cancillería confirma gestiones para repatriar a cuatro peruanos trasladados a Congo desde EE.UU.,Eva Palomino,https://larepublica.pe/politica/2026/04/25/cancilleria-confirma-gestiones-para-repatriar-a-cuatro-peruanos-trasladados-a-congo-desde-eeuu-hnews-1629225,"El Ministerio de Relaciones Exteriores gestiona la repatriación de cuatro peruanos enviados al Congo desde EE. UU., en el que eran solicitantes de asilo y están indocumentados.","Aaron Carter, Cancillería del Perú, Estados Unidos"
La República,2026-04-25 11:47:30,"Papa León XIV sobre eventual visita al Perú y América Latina: ""Hasta ahora no confirmados, vamos a ver, en espera""",Eva Palomino,https://larepublica.pe/politica/2026/04/25/papa-leon-xiv-sobre-eventual-visita-al-peru-y-america-latina-hasta-ahora-no-confirmados-vamos-a-ver-en-espera-hnews-802000,El Papa León XIV desmintió rumores sobre su visita a Perú y América Latina y aclaró que no hay nada confirmado en su agenda oficial.,"Papa León XIV, América latina"
La República,2026-04-25 07:59:52,Allanamientos a funcionarios de ONPE fue por colusión agravada,Doris Aguirre,https://larepublica.pe/politica/2026/04/25/allanamientos-a-funcionarios-de-onpe-fue-por-colusion-agravada-hnews-1842096,"Adjudicación trucha. Entre los seis implicados se cuenta al exjefe del organismo, Piero Corvetto, a quien se le atribuye haber favorecido con un contrato de S/6,3 millones al proveedor Servicios Generales Galaga, que no cumplía con los requerimientos de transporte de material para el sufragio del 12 de abril. El fiscal del caso no los implica en supuesto fraude electoral.","piero corvetto, ONPE, Ministerio Público"
La República,2026-04-24 20:03:16,Moción de censura a José María Balcázar responde a disputa política por el control del Ejecutivo,Ariadna Yaya,https://larepublica.pe/politica/2026/04/24/mocion-de-censura-a-jose-maria-balcazar-responde-a-disputa-politica-por-el-control-del-ejecutivo-hnews-1025688,Especialistas coinciden en que la moción de censura contra José María Balcázar no se sostiene en una responsabilidad directa sobre la compra de aviones F-16 y advierten que responde a presiones del Congreso para ganar mayor influencia en el gabinete en medio del contexto electoral.,"José María Balcázar, Congreso del Perú"
La República,2026-04-24 18:35:08,ONPE descarta usar sistema STAE para la segunda vuelta tras errores en la herramienta durante el 12 de abril,Eva Palomino,https://larepublica.pe/politica/2026/04/24/onpe-descarta-usar-sistema-stae-para-la-segunda-vuelta-tras-errores-en-la-herramienta-durante-el-12-de-abril-hnews-1043016,"La ONPE no utilizará el Sistema de Transmisión de Actas Electorales (STAE) en la segunda vuelta presidencial del 7 de junio, tras inconvenientes en la primera vuelta.","Elecciones 2026, ONPE"
La República,2026-04-24 18:00:24,Misión electoral de la OEA expresa preocupación por investigaciones a Piero Corvetto durante proceso electoral,Mauricio Muñoz,https://larepublica.pe/politica/2026/04/24/mision-electoral-de-la-oea-expresa-preocupacion-por-investigaciones-a-piero-corvetto-durante-proceso-electoral-hnews-2054424,"La misión electoral de la OEA subrayó la importancia de garantizar el debido proceso, llamando a las autoridades a manejar las investigaciones con prudencia y apego a la institucionalidad.",
La República,2026-04-24 17:50:20,Paco Bazán busca candidatura para la alcaldía de Lima por Acción Popular,Rosmery Tapara,https://larepublica.pe/politica/2026/04/24/paco-bazan-busca-candidatura-para-la-alcaldia-de-lima-por-accion-popular-hnews-2091672,"El conductor de televisión y abogado sorprende al incursionar en la política, al participar en las elecciones internas del histórico partido Acción Popular con la finalidad de que sus correligionarios lo postulen al sillón municipal metropolitano en los comicios del 4 de octubre.",Acción Popular
La República,2026-04-24 16:06:22,ONPE aclara que no cuenta con trabajadores extranjeros tras revisión solicitada por la JNJ,Eva Palomino,https://larepublica.pe/politica/2026/04/24/onpe-aclara-que-no-cuenta-con-trabajadores-extranjeros-tras-revision-solicitada-por-la-jnj-hnews-1965552,"La Oficina Nacional de Procesos Electorales (ONPE) confirmó que todos sus 16.757 trabajadores son de nacionalidad peruana y desmintió rumores sobre la contratación de extranjeros, recurso utilizado para argumentar la narrativa del falso fraude.","ONPE, Elecciones 2026, Junta Nacional de Justicia"
La República,2026-04-24 14:34:04,"CIDH alerta posible represalia contra juez Oswaldo Ordóñez, que alertó sobre normas que debilitan la independencia judicial",Eva Palomino,https://larepublica.pe/politica/2026/04/24/cidh-alerta-posible-represalia-contra-juez-oswaldo-ordonez-tras-intervencion-en-audiencia-sobre-independencia-judicial-hnews-1625688,"Ordóñez, presidente de la Asociación Nacional de Magistrados del Perú, alertó sobre normas que debilitan la independencia del sistema judicial durante la audiencia sobre derechos humanos en Washington D.C.","CIDH, Poder Judicial"
La República,2026-04-24 11:49:40,Pleno del JNE declara inviable la realización de elecciones complementarias,Narda Saavedra,https://larepublica.pe/politica/2026/04/24/pleno-del-jne-declara-inviable-la-realizacion-de-elecciones-complementarias-hnews-767760,"Tras días de incertidumbre y el pedido de López Aliaga, el JNE zanjó el tema de las elecciones complementarias y la descartó por completo.",JNE
La República,2026-04-23 11:26:44,Resultados Elecciones 2026 EN VIVO: Roberto Sánchez mantiene segundo lugar tras conteo ONPE al 95%,Ariadna Yaya,https://larepublica.pe/politica/2026/04/23/resultados-en-vivo-elecciones-presidenciales-2026-roberto-sanchez-en-segundo-lugar-tras-conteo-de-actas-regulares-de-onpe-al-94-rafael-lopez-aliaga-keiko-fujimori-hnews-1474714,"La ONPE concluyó el procesamiento de actas regulares y dejó en manos de los Jurados Electorales Especiales la revisión de actas observadas, mientras Roberto Sánchez amplía su ventaja sobre Rafael López Aliaga en la disputa por pasar a la segunda vuelta.","ONPE, Roberto Sánchez, JNE, Elecciones 2026"
La República,2026-04-24 06:48:47,Allanan vivienda de Piero Corvetto y otros funcionarios de la ONPE,Ivett Meza,https://larepublica.pe/politica/2026/04/24/allanan-vivienda-de-piero-corvetto-y-otros-funcionarios-de-la-onpe-mdga-1270944,La diligencia se realizó en el marco de la investigación por las presuntas irregularidades registradas durante las elecciones del 12 de abril. El Poder Judicial rechazó el pedido de detención preliminar contra el exjefe de la ONPE por falta de peligro procesal.,"piero corvetto, ONPE, Fiscalía, Policía Nacional del Perú, Elecciones 2026"
La República,2026-04-24 12:42:00,Funcionarios de ONPE omitieron deficiencias de Galaga para darle contrato de S/6.3 millones,Adrián Sarria Muñoz,https://larepublica.pe/politica/2026/04/24/funcionarios-de-onpe-omitieron-deficiencias-de-galaga-para-darle-contrato-de-s63-millones-hnews-1885848,"Evidencia documental obtenida por La República revela que Servicios Especiales Galaga no cumplía con los requerimientos sobre rutas, disponibilidad de unidades móviles y tiempos de operación, pero la entidad electoral le adjuntó el contrato. Justamente el día de las elecciones, esas deficiencias de Galaga afectaron el sufragio.","ONPE, Elecciones 2026, Elecciones en el Perú, JNE"
La República,2026-04-23 22:03:55,JNE descartó la convocatoria a elecciones complementarias por falta de tiempo,César Romero Calle,https://larepublica.pe/politica/2026/04/23/jne-descarto-las-elecciones-complementarias-por-falta-de-tiempo-hnews-648830,"Calendario electoral. La convocatoria a nuevas elecciones en Lima afectaría el cumplimiento del calendario electoral que prevé que la segunda vuelta de la elección presidencial se realice el domingo, 7 de junio.","Elecciones 2026, ONPE, JNE"
La República,2026-04-23 17:05:39,ONPE finalizó conteo al 95% y perfila a Roberto Sánchez para la segunda vuelta: quedan 4.600 actas observadas,Josué Chávez Cardoza,https://larepublica.pe/politica/2026/04/23/onpe-finalizo-conteo-al-977-y-perfila-a-sanchez-para-la-segunda-vuelta-aun-se-regitran-4800-actas-observadas-hnews-949233,"Sánchez se distancia 22.096 votos de López Aliaga. En el interior del Perú, hay regiones que faltan procesar más del 10% de actas que deberán ser resueltas por el JEE.","Elecciones 2026, ONPE, JNE, Keiko Fujimori, Roberto Sánchez, Rafael López Aliaga"
La República,2026-04-24 11:16:42,Rafael López Aliaga alimenta su narrativa de fraude: asegura que denunciará a Piero Corvetto y Roberto Burneo,Mauricio Muñoz,https://larepublica.pe/politica/2026/04/24/rafael-lopez-aliaga-alimenta-su-narrativa-de-fraude-asegura-que-denunciara-a-piero-corvetto-y-roberto-burneo-hnews-332352,"El exalcalde de Lima aseguró, sin presentar pruebas, que Burneo incurrió en el delito de omisión al no suspender las elecciones.","Rafael López Aliaga, piero corvetto, Roberto Burneo, Elecciones 2026"
La República,2026-04-24 08:20:36,Allanamiento por caso ONPE: así se desarrolló el operativo en la casa de Piero Corvetto y otros 11 inmuebles,Narda Saavedra,https://larepublica.pe/politica/2026/04/24/allanamiento-por-caso-onpe-asi-se-desarrollo-el-operativo-en-la-casa-de-piero-corvetto-y-otros-11-inmuebles-hnews-1233216,"El operativo simultáneo , realizado por la Fiscalía y la PNP, inició al promediar las 5.30 a.m.","piero corvetto, ONPE"
La República,2026-04-23 11:25:56,Fiscal sospecha  de fraude electoral: ordena peritaje de equipos de la ONPE,Rosmery Tapara,https://larepublica.pe/politica/2026/04/23/fiscal-ordena-peritaje-informatico-para-todos-los-equipos-usados-por-la-onpe-el-12-de-abril-hnews-325427,"Escrutinio. Disposición incluye la revisión de las computadoras, celulares y otros dispositivos electrónicos, tanto institucionales como personales, de los imputados José Samamé Blas, Juan Phang Sánchez, Hilda Otoya Alvarado y Willian García Velásquez, entre otros.","Fiscalía, ONPE, Elecciones 2026"
La República,2026-04-24 08:30:21,PJ rechaza pedido de detención contra Piero Corvetto: solo autorizó allanamiento de su vivienda,Narda Saavedra,https://larepublica.pe/politica/2026/04/24/poder-judicial-rechaza-pedido-fiscal-de-detencion-preliminar-contra-piero-corvetto-hnews-1467288,"El juez de investigación preparatoria Manuel Chuyo negó el pedido de detención preliminar, pero sí autorizó el allanamiento e incautación en 12 inmuebles.","piero corvetto, ONPE"
La República,2026-04-22 13:03:59,Crisis en el Gobierno por compra de cazas F-16 dejó a dos ministros fuera del cargo,Narda Saavedra,https://larepublica.pe/politica/2026/04/22/crisis-en-el-gobierno-por-compra-de-cazas-f16-en-vivo-ministros-dejan-sus-cargos-y-tensiones-aumentan-en-el-ejecutivo-hnews-1496682,Ministro de Defensa y Canciller salieron del Gabinete tras la polémica por la compra de aviones. Luis Arroyo se reúne con el embajador de Estados Unidos.,"José María Balcázar, MEF, Ministerio de Economía, Fuerzas Armadas del Perú, Poder Ejecutivo, Aviones"
La República,2026-04-23 18:56:17,López Aliaga se disculpa con Samuel Dyer tras acusarlo de financiar personeros a favor de Fuerza Popular,Josué Chávez Cardoza,https://larepublica.pe/politica/2026/04/23/lopez-aliaga-se-disculpa-con-samuel-dyer-tras-acusarlo-de-financiar-personeros-a-favor-de-fuerza-popular-hnews-1885356,"A través de una carta notarial, el candidato de Renovación Popular se disculpó por sus expresiones ""en aras de resarcir cualquier perjuicio que pudiera haber afectado"" el honor de Samuel Dyer.","Rafael López Aliaga, Renovación Popular, Elecciones 2026"
La República,2026-04-23 20:48:37,Ministros con pasado fujimorista: Defensa fue aportante de Fuerza Popular y canciller fue embajador en los años 90,Josué Chávez Cardoza,https://larepublica.pe/politica/2026/04/23/nuevo-ministro-de-defensa-postulo-a-regidor-de-lima-con-fuerza-popular-y-fue-aportante-del-partido-hnews-1095651,"El flamante ministro de Defensa, Amadeo Javier Flores Carcagno, aportó S/4.150 a Fuerza Popular entre el 2021 y 2023. En 2018, lo hizo con S/600 a un candidato fujimorista.","Ministerio de Defensa, Fuerza Popular, Amadeo Flores Carcagno, José María Balcázar"
La República,2026-04-23 22:19:53,"""Topo"" de Patricia Benavides trabaja en la Policía de Anticorrupción que investiga a Piero Corvetto y funcionarios de la ONPE",Carlos Villacorta,https://larepublica.pe/politica/2026/04/23/topo-de-patricia-benavides-trabaja-en-la-policia-de-anticorrupcion-que-investiga-a-piero-corvetto-y-funcionarios-de-la-onpe-hnews-2240752,El mayor PNP Jorge Rodríguez Menacho está vinculado a la exfiscal por presuntamente filtrar información para favorecerla en el caso Cuellos Blancos. El partido de Ahora Nación presentó una denuncia para separarlo por sus antecedentes.,"Patricia Benavides, Policía Nacional del Perú, piero corvetto"
La República,2026-04-23 15:40:48,Carlos Pareja es el nuevo ministro de Relaciones Exteriores tras renuncia de Hugo de Zela,Mauricio Muñoz,https://larepublica.pe/politica/2026/04/23/carlos-pareja-es-el-nuevo-ministro-de-relaciones-exteriores-tras-renuncia-de-hugo-de-zela-hnews-2178169,"Pareja es diplomático de carrera y ha sido embajador del Perú en países como Chile, Estados Unidos, España y Suiza. El nuevo canciller reemplaza a De Zela, quien renunció tras la polémica en torno a la compra de aviones F-16.","Ministerio de Relaciones Exteriores, José María Balcázar"
La República,2026-04-23 20:39:54,Frente Democrático: La alianza que promueve López-Chau con Marisol Pérez Tello y Mesías Guevara,Jazmín Bianchi,https://larepublica.pe/politica/2026/04/23/frente-democratico-la-alianza-que-promueve-lopezchau-con-marisol-perez-tello-y-mesias-guevara-hnews-1822037,"Diversos partidos políticos, que apoyan la legitimidad del proceso electoral, se reúnen de manera continua para evaluar la formación de un bloque democrático.",
La República,2026-04-23 19:14:08,"Elecciones 2026: 26% del electorado ausente faltó por temas de trabajo, según encuesta del IEP",Mauricio Muñoz,https://larepublica.pe/politica/2026/04/23/elecciones-2026-26-del-electorado-ausente-falto-por-temas-de-trabajo-segun-encuesta-del-iep-hnews-1340992,"Más de 6 millones de peruanos no votaron en las recientes elecciones, según la ONPE. Encuesta del IEP revela que el ausentismo se debió a razones laborales, ubicación lejana y problemas de salud, entre otros.","Encuesta IEP, Elecciones 2026"
La República,2026-04-23 16:28:04,"Roberto Sánchez convoca movilizaciones en Cajamarca, Huancavelica y Lima para “defender el voto ciudadano”",Eva Palomino,https://larepublica.pe/politica/2026/04/23/roberto-sanchez-convoca-movilizaciones-en-cajamarca-huancavelica-y-lima-para-defender-el-voto-ciudadano-hnews-379569,"Roberto Sánchez, candidato de Juntos por el Perú, recorre el país mientras espera el resultado oficial de la primera vuelta. Anuncia movilizaciones en Cajamarca, Huancavelica y Lima para defender el voto ciudadano.","Roberto Sánchez, Cajamarca, Huancavelica, Elecciones 2026"
La República,2026-04-22 17:47:13,Partidos que no pasaron la valla electoral buscan censurar a José María Balcázar por compra de aviones,Ariadna Yaya,https://larepublica.pe/politica/2026/04/22/bancadas-del-congreso-plantean-censurar-a-jose-maria-balcazar-por-compra-de-aviones-estadounidenses-hnews-970068,La moción de censura contra el presidente se impulsa tras la postergación de la compra de los F-16. Congresistas de distintas bancadas cuestionan la medida y el Ejecutivo sostiene que la decisión será evaluada por el siguiente gobierno.,"Congreso del Perú, José María Balcázar"
La República,2026-04-22 18:01:21,Amadeo Javier Flores Carcagno es el nuevo ministro de Defensa tras salida de Carlos Díaz por compra de aviones,Jazmín Bianchi,https://larepublica.pe/politica/2026/04/22/amadeo-flores-carcagno-juro-como-nuevo-ministro-de-defensa-hnews-1740376,"Tras la salida de Carlos Díaz por cuestionamientos en la compra de aviones estadounidenses, asume como nuevo titular de Defensa el abogado Amadeo Flores.","Amadeo Flores Carcagno, Ministerio de Defensa"
La República,2026-04-21 10:40:18,"Balcázar reitera que no comprará los F-16, pero la FAP ya firmó el contrato",Ángel Páez,https://larepublica.pe/politica/2026/04/21/jose-maria-balcazar-reitera-que-no-comprara-los-f16-pero-la-fap-ya-firmo-el-contrato-fuerza-aerea-del-peru-fap-midef-hnews-1082256,"Punto de inflexión. Fuentes militares aseguran que la Fuerza Aérea del Perú suscribió el acuerdo comercial con la compañía estadounidense Lockheed Martin en la base de Las Palmas, el lunes 20 de abril. Pero ayer martes el jefe de Estado ratificó que el próximo gobierno decidirá a qué empresa se le adjudicará la millonaria contratación.","Fuerzas Armadas del Perú, Fuerza Aérea del Perú, José María Balcázar, Ministerio de Defensa"
La República,2026-04-23 06:50:00,"Contra la decisión de Balcázar, MEF pagó US$462 millones por los F-16",Ángel Páez,https://larepublica.pe/politica/2026/04/23/contra-la-decision-de-jose-maria-balcazar-mef-pago-us462-millones-por-los-f16-fuerza-aerea-del-peru-fap-midef-hnews-943250,"Tira y afloja. Mientras el jefe de Estado en un mensaje a la Nación sostenía por enésima vez que el nuevo gobierno resolverá la compra de una flota de cazas, el primer ministro Luis Arroyo confirmó la suscripción del contrato con la compañía estadounidense Lockheed Martin y el Ministerio de Economía y Finanzas hizo una primera y transferencia por un lote de 12 unidades.","José María Balcázar, Ministerio de Defensa, Fuerza Aérea del Perú"
La República,2026-04-22 19:59:53,ONPE finaliza el conteo de actas regulares: Roberto Sánchez saca más de 20.000 votos de distancia de López Aliaga,Josué Chávez Cardoza,https://larepublica.pe/politica/2026/04/22/onpe-finaliza-el-conteo-de-actas-pendientes-roberto-sanchez-saca-casi-20000-votos-de-distancia-de-lopez-aliaga-hnews-1228480,"Al 94,650% de actas procesadas, la ONPE reportó que ya no cuenta con actas regulares pendientes por procesar. Ahora, deberá esperar a que los JEE retornen las actas observadas para ingresarlas en el conteo general.","ONPE, Roberto Sánchez, Rafael López Aliaga"
La República,2026-04-23 14:12:01,Amadeo Flores Carcagno: conoce el perfil del nuevo ministro de Defensa vinculado a la bancada fujimorista,Ariadna Yaya,https://larepublica.pe/politica/2026/04/23/amadeo-flores-carcagno-conoce-el-perfil-del-nuevo-ministro-de-defensa-vinculado-a-la-bancada-fujimorista-hnews-1419008,"El nuevo titular del Ministerio de Defensa, Amadeo Flores Carcagno, asume el cargo tras la renuncia de Carlos Díaz Dañino en medio de la crisis por los aviones F-16. Su trayectoria está marcada por asesorías en el Congreso, aportes económicos y vínculos políticos con Fuerza Popular.","Ministerio de Defensa, Fuerza Popular, José María Balcázar, Amadeo Flores Carcagno"
La República,2026-04-23 14:35:30,Lucha antidrogas: Capacitan a 16 policías para operar helicópteros UH-60 Black Hawk,Óscar Chumpitaz,https://larepublica.pe/politica/2026/04/23/lucha-antidrogas-capacitan-a-16-policias-para-operar-helicopteros-uh60-black-hawk-narcotrafico-hnews-660307,"Embajador de los EEUU, Bernie Navarro, dijo que el Perú es un socio clave y su estabilidad, una prioridad. La entrega de helicópteros y la capacitación especializada convierten ese compromiso en acciones concretas, indicó. EEUU donó 9 Helicópteros UH-60 Black Hawk y 6 ya están operativos.","Narcotráfico, Fuerza Aérea del Perú, Ucayali, cocaína"
La República,2026-04-22 22:42:19,JNE descarta elecciones complementarias en Lima propuestas por Rafael López Aliaga,Josué Chávez Cardoza,https://larepublica.pe/politica/2026/04/22/jne-descarta-elecciones-complementarias-en-lima-propuestas-por-rafael-lopez-aliaga-hnews-406164,Fuentes de La República indicaron que no se llegó a un consenso en el Pleno del Jurado Nacional de Elecciones (JNE) que se realizó este miércoles 22.,"JNE, ONPE, Rafael López Aliaga"
La República,2026-04-23 13:58:10,Misión de la Unión Europea en Perú llama a continuar proceso electoral tras renuncia de Piero Corvetto,Mauricio Muñoz,https://larepublica.pe/politica/2026/04/23/mision-de-la-union-europea-en-peru-llama-a-continuar-proceso-electoral-tras-renuncia-de-piero-corvetto-hnews-1446677,"La Misión Electoral, encabezada por la diputada europea Annalisa Corrado, instó a respetar el marco jurídico electoral y a garantizar la independencia de los órganos electorales durante las Elecciones Generales.","Unión Europea, piero corvetto, Elecciones 2026"
La República,2026-04-22 14:49:25,Fernando Rospigliosi aseguró que hoy el MEF realizará el pago para la adquisición de aviones F-16,Jazmín Bianchi,https://larepublica.pe/politica/2026/04/22/fernando-rospigliosi-afirmo-que-hoy-el-mef-realizara-el-pago-para-la-adquisicion-de-aviones-f16-hnews-2076184,"A pesar de que el presidente José María Balcázar señaló que la compra de los aviones lo gestionaría el próximo gobierno, el presidente del Congreso adoptó una postura contraria y señaló que el pago para los aviones F-16 se realizaría hoy.","Fernando Rospigliosi, MEF"
La República,2026-04-11 20:55:12,"Lucho Cáceres: ""Hemos vivido cinco años en dictadura congresal""",Estefany Barrientos,https://larepublica.pe/cine-series/2026/04/11/lucho-caceres-hemos-vivido-cinco-anos-en-dictadura-congresal-488807,"El actor y abogado ha sido uno de los artistas que más cuestionó al Congreso actual y protestó contra la represión en los gobiernos de Dina Boluarte y José Jerí. Al igual que figuras como Susana Baca, se sumó a la iniciativa ‘Por estos no’.","Impresa, Lucho Cáceres, Susana Baca, Marchas en Perú, Entrevistas Domingo, Entrevista LR"
La República,2026-04-23 12:05:51,"Alfonso López-Chau: ""El verdadero fraude es anular las elecciones nacionales""",Jazmín Bianchi,https://larepublica.pe/politica/2026/04/23/alfonso-lopezchau-el-verdadero-fraude-es-anular-las-elecciones-nacionales-hnews-1475841,El líder de Ahora Nación sostiene que anular los comicios nacionales para forzar nuevas votaciones en Lima carece de sustento constitucional y representa un fraude en marcha.,
La República,2026-04-22 19:03:05,Seis candidatos presidenciales rechazan pedido al JNE para que se celebren elecciones complementarias,Mauricio Muñoz,https://larepublica.pe/politica/2026/04/22/seis-candidatos-presidenciales-rechazan-pedido-al-jne-para-que-se-celebren-elecciones-complementarias-hnews-294998,"Alfonso López Chau, Marisol Pérez Tello, Mesías Guevara y otros líderes sostienen que seguir adelante con estas elecciones sería un golpe a la democracia y la representatividad nacional.","Elecciones 2026, JNE"
La República,2026-04-23 10:00:50,"RMP sobre López Aliaga: ""Hasta sus mismos seguidores no saben qué hacer para que se calle""",Eva Palomino,https://larepublica.pe/politica/2026/04/23/rmp-sobre-lopez-aliaga-hasta-sus-mismos-seguidores-no-saben-que-hacer-para-que-se-calle-hnews-702558,"Rosa María Palacios criticó al candidato de Renovación Popular, Rafael López Aliaga, por sus acusaciones de supuesto fraude electoral organizadas por la ONPE en las recientes elecciones.","Rosa María Palacios, Rafael López Aliaga, Elecciones 2026"
La República,2026-04-23 09:39:08,José María Balcázar: estas son las razones por las que buscan censurarlo,Ariadna Yaya,https://larepublica.pe/politica/2026/04/23/jose-maria-balcazar-estas-son-las-razones-por-las-que-buscan-censurarlo-congreso-hnews-367724,"La moción de censura contra José María Balcázar critica la suspensión de la compra de aviones F-16 para la Fuerza Aérea, alegando que afecta la capacidad operativa del país ante amenazas externas. Además, señala falta de coordinación en el Ejecutivo.","José María Balcázar, Congreso del Perú"
La República,2026-04-20 22:04:59,"Resultados Elecciones 2026 EN VIVO: Roberto Sánchez se mantiene segundo y amplía ventaja sobre López Aliaga, según ONPE al 94.5%",Eva Palomino,https://larepublica.pe/politica/2026/04/20/resultados-elecciones-2026-en-vivo-roberto-sanchez-se-mantiene-segundo-y-amplia-ventaja-sobre-lopez-aliaga-segun-onpe-al-93804-hnews-1771680,"Keiko Fujimori lidera los resultados presidenciales con el 17,047% de los votos, seguida de Roberto Sánchez con 12,027%.","Roberto Sánchez, Rafael López Aliaga, Elecciones 2026, ONPE"
La República,2026-04-22 17:39:07,"ONPE al 94,426% de actas contabilizadas: Sánchez le saca más de 19.000 votos a López Aliaga",Josué Chávez Cardoza,https://larepublica.pe/politica/2026/04/22/onpe-al-943-de-actas-contabilizadas-sanchez-le-saca-mas-de-17000-votos-a-lopez-aliaga-hnews-1961432,"Según el conteo de la ONPE, Sánchez se posiciona como el segundo candidato para competir contra Keiko Fujimori por la Presidencia. Por otro lado, el JNE responsabiliza a la ONPE de la demora en la entrega de actas observadas. Sin embargo, el nuevo jefe Bernardo Pachas espera terminar el conteo el viernes 24.","Roberto Sánchez, ONPE, Rafael López Aliaga, Keiko Fujimori, Elecciones 2026"
La República,2026-04-22 22:11:36,"En Loreto, 2.441 hectáreas de bosque, con árboles y guacamayos esperan la ayuda del Estado",Redacción LR,https://larepublica.pe/politica/2026/04/22/en-loreto-2441-hectareas-de-bosque-con-arboles-y-guacamayos-esperan-la-ayuda-del-estado-hnews-1798390,"En Contamana, Loreto, un territorio natural que alberga más de 900 especies y pozas termales únicas en la Amazonía peruana espera que el gobierno peruano las declare oficialmente como Área de Conservación Regional ante el peligro de la deforestación, la minería y los cultivos ilegales.",
La República,2026-04-22 17:41:01,"Primer ministro marca distancia de Balcázar y defiende compra de aviones: “Como militar, cumplo mi palabra”",Jazmín Bianchi,https://larepublica.pe/politica/2026/04/22/primer-ministro-marca-distancia-de-balcazar-y-defiende-compra-de-aviones-como-militar-cumplo-mi-palabra-hnews-236258,"Luis Arroyo se mostró a favor de la compra de los aviones F-16 tras catalogar la adquisición como ""una obligación estratégica"".","Luis Arroyo, José María Balcázar"
La República,2026-04-22 18:46:26,Elecciones 2026: ausentismo no perjudicó la votación de Rafael López Aliaga,Narda Saavedra,https://larepublica.pe/politica/2026/04/22/elecciones-2026-ausentismo-no-perjudico-la-votacion-de-rafael-lopez-aliaga-hnews-1750870,"El abogado experto en derecho electoral Jorge Jáuregui explicó que es ""absurdo"" suponer que los votos ""ausentes"" habrían sido a favor de López Aliaga.","Rafael López Aliaga, Elecciones 2026"
La República,2026-04-22 09:19:18,Fiscalía solicita detención preliminar de Piero Corvetto y tres personas más involucradas en proceso electoral,Mauricio Muñoz,https://larepublica.pe/politica/2026/04/22/piero-corvetto-fiscalia-solicita-detencion-preliminar-contra-exjefe-de-la-onpe-hnews-1633588,"El requerimiento fue presentado al Poder Judicial en la noche del 21 de abril, según declaraciones del fiscal de la Nación, Tomás Gálvez.","piero corvetto, Fiscalía, ONPE"
La República,2026-04-22 18:05:32,Embajador de EE.UU rompe su silencio: contrato de aviones F-16 está firmado y llegarán al Perú en 2030,Josué Chávez Cardoza,https://larepublica.pe/politica/2026/04/22/embajador-de-eeuu-rompe-su-silencio-contrato-de-aviones-f16-esta-firmado-y-llegaran-al-peru-en-2030-hnews-1498992,"El embajador Bernie Navarro calificó la adquisición de los aviones caza como ""un día muy positivo para la relación bilateral"" entre Perú y Estados Unidos.","José María Balcázar, Estados Unidos, Perú, Aviones"
La República,2026-04-22 16:27:14,Jefe interino de la ONPE asegura que respetará el cronograma electoral aprobado por el JNE,Mauricio Muñoz,https://larepublica.pe/politica/2026/04/22/jefe-interino-de-la-onpe-asegura-que-seguira-con-el-plan-de-trabajo-de-corvetto-nosotros-tenemos-un-cronograma-aprobado-hnews-1023286,"Pachas destacó que se implementarán mejoras para evitar fallas logísticas en la segunda vuelta, después de los problemas ocurridos en la primera.","ONPE, Elecciones 2026, piero corvetto"
La República,2026-04-22 15:55:10,José Balcázar y Luis Arroyo proponen que las FF.AA custodien el material electoral en la segunda vuelta,Narda Saavedra,https://larepublica.pe/politica/2026/04/22/jose-balcazar-y-luis-arroyo-proponen-que-las-ffaa-custodien-el-material-electoral-en-la-segunda-vuelta-hnews-710974,Balcázar adelantó que dialogarán con el Jurado Nacional de Elecciones para el eventual resguardo de las FF.AA..,"José María Balcázar, Luis Arroyo, Elecciones 2026"
La República,2026-04-22 14:40:14,"Transparencia exhorta al JNE y ONPE a respetar el proceso electoral: ""Cualquier salida distinta atenta la legitimidad""",Josué Chávez Cardoza,https://larepublica.pe/politica/2026/04/22/transparencia-exhorta-al-jne-y-onpe-a-respetar-el-proceso-electoral-cualquier-salida-distinta-atenta-la-legitimidad-hnews-933504,La Asociación Civil Transparencia le pidió a las autoridades electorales culminar con el conteo de votos de la primera vuelta y que se respete el cronograma previsto para la segunda elección presidencial.,"JNE, ONPE, Transparencia"
La República,2026-04-22 13:05:00,Piero Corvetto entregó su pasaporte italiano a la Fiscalía; Tomás Gálvez confirmó que el trámite se realizó el último lunes,Jazmín Bianchi,https://larepublica.pe/politica/2026/04/22/piero-corvetto-entrego-su-pasaporte-italiano-a-la-fiscalia-tomas-galvez-confirmo-que-el-tramite-se-realizo-el-ultimo-lunes-hnews-1486232,"La Fiscalía solicitó al Poder Judicial la detención preliminar del extitular de la ONPE, Piero Corvetto, tras las irregularidades ocurridas durante el proceso electoral.","ONPE, Tomás Gálvez, piero corvetto"
La República,2026-04-22 13:17:36,"Balcázar responde a Hugo de Zela y asegura que no mintió al país: ""Yo no he intervenido en esa negociación""",Mauricio Muñoz,https://larepublica.pe/politica/2026/04/22/balcazar-responde-a-hugo-de-zela-y-asegura-que-no-mintio-al-pais-yo-no-he-intervenido-en-esa-negociacion-hnews-1477168,Balcázar reiteró que la decisión sobre la compra de los F-16 corresponde al próximo gobierno y que su administración busca no comprometer recursos del Estado en este proceso.,José María Balcázar
La República,2026-04-22 12:21:46,La salud mental en tiempos electorales: cómo sobrellevar la incertidumbre,Óscar Chumpitaz,https://larepublica.pe/politica/2026/04/22/la-salud-mental-en-tiempos-electorales-como-sobrellevar-la-incertidumbre-elecciones-generales-2026-hnews-300388,"El médico psiquiatra, Carlos Bromley, habló sobre la crisis social generalizada en Perú, donde en prevalece un clima de&nbsp;preocupación, desconfianza, miedo e incertidumbre en medio del proceso electoral, &nbsp;y brindó una serie de consejos para trabajar la ansiedad en contextos políticos de mucha incertidumbre.","Elecciones 2026, ONPE, JNE, José María Balcázar"
La República,2026-04-22 08:27:04,"Ministro de Defensa presenta su renuncia, pero Balcázar ya lo había despedido tras compra de aviones",Ariadna Yaya,https://larepublica.pe/politica/2026/04/22/ministro-de-defensa-presenta-su-renuncia-en-medio-de-controversial-compra-de-aviones-estadounidenses-jose-maria-balcazar-hnews-752730,"La salida de Carlos Díaz se produce tras conocerse que autorizó la firma del contrato para adquirir cazas F-16 a Lockheed Martin, pese a que el Ejecutivo sostiene que la compra no se concretó.","Ministerio de Defensa, José María Balcázar"
La República,2026-04-22 12:30:20,Crisis en el Gobierno de Balcázar: Canciller renuncia y ministro de Defensa es despedido por polémica en compra de aviones,Mauricio Muñoz,https://larepublica.pe/politica/2026/04/22/crisis-en-el-gobierno-de-balcazar-ministro-de-defensa-y-canciller-renuncian-por-polemica-compra-de-aviones-hnews-1645490,Los exministros Carlos Díaz y Hugo de Zela dejaron sus cargos después de que Balcázar anunciara su decisión de no adquirir los aviones F-16 Block 70 de Estados Unidos.,"José María Balcázar, Ministerio de Defensa, Ministerio de Relaciones Exteriores"
La República,2026-04-22 12:42:48,Embajador de EE.UU. llega a PCM y se reúne con Luis Arroyo tras renuncias de ministros por compra de aviones,Ariadna Yaya,https://larepublica.pe/politica/2026/04/22/embajador-de-eeuu-llega-a-pcm-y-se-reune-con-luis-arroyo-tras-renuncias-de-ministros-por-compra-de-aviones-jose-maria-balcazar-hnews-626472,"Bernie Navarro sostuvo una reunión de una hora con el premier Luis Arroyo en la sede de la PCM, en medio de la crisis política generada por la compra de aviones F-16 y la reciente salida de ministros del gabinete.","José María Balcázar, PCM"
La República,2026-04-22 12:22:30,"Roberto Sánchez rechaza elecciones complementarias: ""Es un capricho de Renovación Popular""",Narda Saavedra,https://larepublica.pe/politica/2026/04/22/roberto-sanchez-rechaza-elecciones-complementarias-es-un-capricho-de-renovacion-popular-hnews-756580,"El candidato de Juntos por el Perú considera que se busca ""desconocer el voto del Perú profundo”, en referencia a regiones donde él presenta mayoría como Cajamarca.",
La República,2026-04-22 09:43:47,Canciller Hugo Zela renuncia al cargo y llama mentiroso a Balcázar por firma de contrato en compra de aviones,Ariadna Yaya,https://larepublica.pe/politica/2026/04/22/canciller-hugo-de-zela-renuncia-al-cargo-ante-negativa-del-gobierno-de-adquirir-cazas-estadounidenses-jose-maria-balcazar-hnews-1858494,De Zela cuestionó un “repentino cambio de decisión” del Ejecutivo en un asunto de seguridad nacional. Advirtió que la postura del Gobierno podría afectar los intereses del país y marcó distancia con la conducción política.,"Cancillería del Perú, José María Balcázar, Ministerio de Defensa"
La República,2026-04-22 11:13:50,"Alfonso López Chau tras renuncia de Piero Corvetto: ""El pacto mafioso quiere una presidencia entre sus candidatos""",Mauricio Muñoz,https://larepublica.pe/politica/2026/04/22/alfonso-lopez-chau-tras-renuncia-de-piero-corvetto-el-pacto-mafioso-quiere-una-presidencia-entre-sus-candidatos-hnews-1458358,El candidato de Ahora Nación señaló que la decisión de la Junta Nacional de Justicia de aceptar la renuncia de Corvetto carece de sustento legal.,"Alfonso López - chau, piero corvetto, Elecciones 2026"
La República,2026-04-21 18:20:43,Comicios complementarios no tienen sustento legal,Jazmín Bianchi,https://larepublica.pe/politica/2026/04/21/pedidos-de-nulidad-y-de-elecciones-complementarias-no-cuentan-con-sustento-juridico-hnews-843800,"Rafael López Aliaga sostiene narrativa de fraude al exigir elecciones complementarias tras las fallas logísticas de la ONPE. Sin embargo, especialistas descartan este escenario por falta de pruebas y por no alcanzar los requisitos legales que exige la Constitución.",
La República,2026-04-21 13:57:57,"Piero Corvetto: ""Deseo que mi renuncia contribuya a generar un clima de mayor confianza hacia las elecciones""",Josué Chávez Cardoza,https://larepublica.pe/politica/2026/04/21/piero-corvetto-deseo-que-mi-renuncia-contribuya-a-generar-un-clima-de-mayor-confianza-hacia-las-elecciones-hnews-1772736,"El ahora exjefe de la ONPE, Piero Corvetto, presentó su renuncia ante la Junta Nacional de Justicia (JNJ) tras el escándalo del material electoral en las Elecciones 2026.","piero corvetto, Elecciones 2026, ONPE, Junta Nacional de Justicia"
La República,2026-04-21 09:35:45,"Rafael López Aliaga no gana en el recuento de votos, mientras Roberto Sánchez se consolida para la segunda vuelta",Josué Chávez Cardoza,https://larepublica.pe/politica/2026/04/21/rafael-lopez-aliaga-sigue-sin-ganar-en-el-segundo-dia-de-recuento-de-votos-lopez-chau-lo-supero-en-una-mesa-de-huancayo-hnews-1848945,"En la segunda jornada de recuento de votos, López Aliaga no consiguió imponerse en las mesas evaluadas por los JEE de Chanchamayo, Piura 2 y Huancayo, mientras que Roberto Sánchez sí. En paralelo, el conteo general de la ONPE avanza y consolida al candidato presidencial de Juntos por el Perú (JPP) para la segunda vuelta.","Elecciones 2026, Rafael López Aliaga, Roberto Sánchez, Keiko Fujimori"
La República,2026-04-21 23:00:26,"López Chau rechaza que JNJ acepte renuncia de Corvetto: ""Eso no es defender la democracia sino ponerla en riesgo""",Narda Saavedra,https://larepublica.pe/politica/2026/04/21/lopez-chau-rechaza-que-jnj-acepte-renuncia-de-piero-corvetto-eso-no-es-defender-la-democracia-sino-ponerla-en-riesgo-hnews-1263717,"""Debilitar la institucionalidad es debilitar la democracia”, señaló el representante de Ahora Nación en sus redes sociales.","Alfonso López - chau, Junta Nacional de Justicia, piero corvetto"
La República,2026-04-21 21:59:54,"Abogado de López Aliaga se disculpa con Keiko y Samuel Dyer por expresiones del candidato: ""De repente fue estrés”",Narda Saavedra,https://larepublica.pe/politica/2026/04/21/abogado-de-lopez-aliaga-se-disculpa-con-keiko-y-samuel-dryer-por-expresiones-del-candidato-de-repente-fue-estres-hnews-418089,"Además, expresó su solidaridad hacia ambas personas y resaltó que “no es momento de exacerbar divisiones”, sino de “conciliar”.",Rafael López Aliaga
La República,2026-04-21 20:49:50,JNE responsabiliza al ONPE por retraso en conteo de votos: pide que le entreguen 30 mil actas observadas,Jazmín Bianchi,https://larepublica.pe/politica/2026/04/21/jne-responsabiliza-al-onpe-por-retraso-en-conteo-de-votos-pide-que-le-entreguen-30-mil-actas-observadas-hnews-2015286,"El Jurado Nacional de Elecciones señaló que en varias ocasiones ha reiterado el pedido a la ONPE para el envío de las actas observadas. Sin embargo, los JEE no han recibido respuesta.","ONPE, JNE, Elecciones 2026"
La República,2026-04-21 19:01:26,Bernardo Pachas es designado jefe interino de la ONPE para la segunda vuelta tras renuncia de Corvetto,Mauricio Muñoz,https://larepublica.pe/politica/2026/04/21/piero-corvetto-renuncio-como-jefe-de-la-onpe-quien-lo-sucedera-antes-de-la-segunda-vuelta-hnews-445725,"Según lo estipulado por la Ley Orgánica de la ONPE, Bernardo Juan Pachas Serrano asumirá el cargo de jefe de la institución interinamente hasta por 45 días. En un comunicado oficial, la institución confirmó la designación.","piero corvetto, ONPE"
La República,2026-04-21 19:07:10,Reportan en EE.UU acta virtual con partidos que no existen: ONPE responde que no afectó el conteo de votos,Narda Saavedra,https://larepublica.pe/politica/2026/04/21/onpe-sobre-acta-virtual-con-partidos-que-no-existen-no-afecto-al-conteo-de-votos-hnews-1598793,La institución aclaró que se trató de un acta usada en la capacitación y que se ingresó de forma involuntaria. Resaltó que ello no afecta al conteo de votos.,"ONPE, Elecciones 2026"
La República,2026-04-21 13:21:30,Piero Corvetto renuncia como jefe de la ONPE tras irregularidades en la logística de las Elecciones 2026,Eva Palomino,https://larepublica.pe/politica/2026/04/21/piero-corvetto-presenta-su-carta-renuncia-a-la-onpe-tras-irregularidades-en-logistica-de-las-elecciones-2026-hnews-1438227,La Junta Nacional de Justicia aceptó la renuncia de Piero Corvetto y señaló que la investigación por las irregularidades de las Elecciones 2026 seguirá vigente.,"piero corvetto, ONPE, Junta Nacional de Justicia"
La República,2026-04-21 17:36:13,Juntos por el Perú de Roberto Sánchez convoca marcha tras renuncia de Piero Corvetto,Mauricio Muñoz,https://larepublica.pe/politica/2026/04/21/juntos-por-el-peru-de-roberto-sanchez-convoca-marcha-tras-renuncia-de-piero-corvetto-hnews-876225,El partido señaló que la decisión de la Junta Nacional de Justicia de aceptar la renuncia de Corvetto como jefe de la ONPE es ilegal.,"Juntos Por el Perú, Roberto Sánchez, piero corvetto"
La República,2026-04-19 13:25:07,JNJ niega intención de nombrar a José Pérez Duharte como reemplazo de Piero Corvetto en ONPE,Mauricio Muñoz,https://larepublica.pe/politica/2026/04/19/jnj-niega-intencion-de-nombrar-a-jose-perez-duharte-como-reemplazo-de-piero-corvetto-en-onpe-hnews-841396,La JNJ continúa investigando a Piero Corvetto por las irregularidades detectadas en las elecciones del 12 de abril.,"Junta Nacional de Justicia, piero corvetto, ONPE"
La República,2026-04-21 14:56:38,"RMP considera ""improcedente"" la renuncia de Corvetto: ""Violando la ley, la JNJ  la ha aceptado""",Narda Saavedra,https://larepublica.pe/politica/2026/04/21/rosa-maria-palacios-considera-improcedente-la-renuncia-de-piero-corvetto-violando-la-ley-la-jnj-la-ha-aceptado-hnews-635313,"Palacios anotó que según la norma, quedaría como encargado de la ONPE el gerente general, sin embargo, estima que ello no se acatará. ","piero corvetto, Rosa María Palacios"
La República,2026-04-19 02:00:00,"Ramón Pajuelo: “En las regiones se ve a Lima no como el enemigo, pero sí como alguien al que hay  que poner un freno”",Emilio Camacho,https://larepublica.pe/politica/2026/04/19/ramon-pajuelo-en-las-regiones-se-ve-a-lima-no-como-el-enemigo-pero-si-como-alguien-al-que-hay-que-poner-un-freno-hnews-1777464,"El año pasado, el antropólogo Ramón Pajuelo fue el encargado de coordinar una publicación del Instituto de Estudios Peruanos (IEP) que fusionaba cinco investigaciones sobre cómo funciona la política en La Libertad, Loreto, Junín, Arequipa y Lima. El libro se llamó El Laberinto Político Peruano y en esta charla sirve como punto de partida para entender cómo se ha votado fuera de la capital.","Rafael López Aliaga, Keiko Fujimori, Roberto Sánchez"
La República,2026-04-21 13:39:23,Junta Nacional de Justicia aceptó renuncia de Piero Corvetto como jefe de la ONPE,Mauricio Muñoz,https://larepublica.pe/politica/2026/04/21/junta-nacional-de-justicia-acepto-renuncia-de-piero-corvetto-como-jefe-de-la-onpe-hnews-1027236,"La presidenta de la JNJ, Maria Teresa Cabrera, convocó a una reunión de inmediato para discutir la renuncia de Corvetto.","Junta Nacional de Justicia, piero corvetto, ONPE"
La República,2026-04-20 13:01:52,Podemos Perú propone suspender la pérdida de inscripción en las elecciones municipales y regionales,Ariadna Yaya,https://larepublica.pe/politica/2026/04/20/podemos-peru-presenta-pl-para-suspender-la-perdida-de-inscripcion-en-las-elecciones-municipales-y-regionales-elecciones-2026-hnews-642320,"El proyecto de ley busca impedir que se apliquen las causales de cancelación de partidos en 2026. La iniciativa fue presentada por el congresista y excandidato al nuevo Senado, Guido Bellido, luego de que el partido no superara la valla electoral.","Podemos Perú, Congreso del Perú"
La República,2026-04-20 16:41:48,"López Aliaga no ganó en los primeros recuentos de votos: Sánchez lo superó en Chanchamayo, Piura y Huancayo",Josué Chávez Cardoza,https://larepublica.pe/politica/2026/04/20/lopez-aliaga-no-gano-en-los-primeros-recuentos-de-votos-roberto-sanchez-lo-supero-en-chanchamayo-piura-y-huancayo-hnews-1076440,"Los Jurados Electorales Especiales realizaron las primeras 6 audiencias para el recuento de votos de las mesas de Río Negro, Río Tambo, Pichanaki, La Arena y Canchayllo. Los primeros lugares los ocuparon Keiko Fujimori y Roberto Sánchez. López Aliaga no superó los 10 votos en ninguna sesión.","Roberto Sánchez, Rafael López Aliaga, JNE, Jurado Electoral Especial"
La República,2026-04-21 09:14:39,Balcázar niega la firma del contrato por la compra de los cazas F-16 Block 70,Ángel Páez,https://larepublica.pe/politica/2026/04/21/balcazar-niega-la-firma-del-contrato-por-la-compra-de-los-cazas-f16-block-70-fap-jose-maria-balcazar-mindef-hnews-474880,"Durante todo el día circularon versiones sobre la suscrpción del acuerdo comercial entre la FAP y la empresa estadounidense Lockheed Martin, pero, por la noche, el jefe de Estado reiteró que el próximo gobierno tome la decisión final.","Fuerza Aérea del Perú, Fuerzas Armadas del Perú, Ministerio de Defensa, José María Balcázar"
La República,2026-04-19 12:57:48,"PNP presiona a Piero Corvetto: dispone reforzar seguridad fronteras y aeropuertos tras narrativa de ""fraude""",Josué Chávez Cardoza,https://larepublica.pe/politica/2026/04/19/pnp-tiene-acorralado-a-piero-corvetto-dispone-reforzar-seguridad-en-fronteras-y-aeropuertos-onpe-hnews-1523192,"La PNP ordenó que las direcciones especializadas y de inteligencia adopten las acciones y medidas para prevenir una eventual evasión o salida del país del jefe de la ONPE, Piero Corvetto, y otros funcionarios.","piero corvetto, ONPE, PNP"
La República,2026-04-21 10:30:18,"Presidente Balcázar llama al próximo gobierno a analizar compra de cazas F-16: ""Debe hacerse con total tranquilidad""",Mauricio Muñoz,https://larepublica.pe/politica/2026/04/21/presidente-balcazar-llama-al-proximo-gobierno-a-analizar-compra-de-cazas-f16-debe-hacerse-con-total-tranquilidad-hnews-249480,El mandatario negó que haya presiones para firmar el contrato de adquisición y aseguró que ningún ministro ha planteado su renuncia por este tema.,José María Balcázar
La República,2026-04-20 19:54:22,Samuel Dyer exige a Rafael López Aliaga rectificarse en 48 horas por acusaciones de fraude electoral durante su marcha,Eva Palomino,https://larepublica.pe/politica/2026/04/20/samuel-dyer-exige-a-rafael-lopez-aliaga-rectificarse-en-48-horas-por-acusaciones-de-fraude-electoral-durante-su-marcha-hnews-773700,"El empresario rechaza haber financiado personeros, organizado una estructura electoral o destinado “millones de dólares” para favorecer una candidatura presidencial.","Rafael López Aliaga, Elecciones 2026"
La República,2026-04-21 08:40:59,Modernizan submarino BAP Chipana y lo envían a ejercicios navales más exigentes del mundo,Óscar Chumpitaz,https://larepublica.pe/politica/2026/04/21/modernizan-submarino-bap-chipana-y-lo-envian-a-ejercicios-navales-mas-exigentes-del-mundo-marina-de-guerra-del-peru-hnews-782460,"Embarcación clave de Perú arranca nueva etapa operativa, equipada con sistemas y tecnología actualizada que serán puestos a prueba en escenarios reales. Su primera parada será RIMPAC, considerado el mayor entrenamiento naval del planeta, bajo la organización de la armada de Estados Unidos. El despliegue continuará con SUBDIEX, un ejercicio especializado enfocado en la guerra antisubmarina.","Marina de Guerra, Fuerzas Armadas del Perú, Ministerio de Defensa, Perú - Chile Límites marítimos: Demanda ante la Corte de La Haya"
La República,2026-04-20 08:12:02,JEE comenzó el recuento de votos de la elección presidencial: resultados definirán el pase a segunda vuelta,Josué Chávez Cardoza,https://larepublica.pe/politica/2026/04/20/jee-comenzo-el-recuento-de-votos-de-la-eleccion-presidencial-resultados-definiran-el-pase-a-segunda-vuelta-hnews-671400,El Jurado Electoral Especial de Chanchamayo realizó el primer recuento de votos de la elección presidencial. El Pleno evaluará más de 200 cédulas de votación que se hicieron en un local de votación en Pichanaki.,"Jurado Electoral Especial, JNE, Roberto Sánchez, Rafael López Aliaga"
La República,2026-04-20 23:04:41,"Embajador de EE.UU, Bernie Navarro, se reunió con Luis Arroyo en medio de retraso en compra de aviones F-16",Narda Saavedra,https://larepublica.pe/politica/2026/04/20/embajador-de-eeuu-bernie-navarro-se-reunio-con-luis-arroyo-en-medio-de-retraso-en-compra-de-aviones-f16-hnews-1986760,"Según la agenda de la PCM, la reunión se desarrollo de 9.00 a.m. a 9.48 a.m. del lunes 20 de abril. Arroyo también tuvo una reunión con el ministro de Relaciones Exteriores, Hugo de Zela, y el Ministro de Defensa, Carlos Díaz.","Luis Arroyo, PCM"
La República,2026-04-20 17:15:09,Elecciones 2026: se registra 23% de ausentismo al 93% conteo de actas de la ONPE,Narda Saavedra,https://larepublica.pe/politica/2026/04/20/elecciones-2026-se-registra-23-de-ausentismo-al-93-conteo-de-actas-de-la-onpe-hnews-605020,"Se trata de más de 6 millones de personas las que no fueron a votar este año, una cantidad que aumentará cuando se llegue al 100% de actas contabilizadas.",ONPE
La República,2026-04-12 17:54:37,Sánchez supera a López Aliaga y sigue liderando con Keiko el conteo de la ONPE al 91%,Eva Palomino,https://larepublica.pe/politica/2026/04/12/resultados-elecciones-2026-en-vivo-ipsos-datum-onpe-publican-resultados-oficiales-de-las-elecciones-hnews-239700,"Con el 84% de actas procesadas por la ONPE, Keiko Fujimori encabeza los resultados oficiales, seguida por Roberto Sánchez y Rafael López Aliaga . En tanto, Jorge Nieto se ubica en el cuarto puesto.","ONPE, Keiko Fujimori, Rafael López Aliaga, Jorge Nieto, Jorge Nieto Montesinos, Roberto Sánchez"
La República,2026-04-18 08:57:40,"Resultados Elecciones 2026 EN VIVO: Sánchez sigue en el segundo lugar y se distancia de López Aliaga, según ONPE al 93.570%",Eva Palomino,https://larepublica.pe/politica/2026/04/18/resultados-elecciones-2026-en-vivo-roberto-sanchez-toma-ventaja-sobre-lopez-aliaga-y-se-perfila-para-disputar-la-segunda-vuelta-hnews-439740,"El conteo entra en su fase decisiva y, por ahora, Keiko Fujimori y Roberto Sánchez se perfilan como los candidatos que disputarían la segunda vuelta presidencial.","Roberto Sánchez, Rafael López Aliaga, Keiko Fujimori"
La República,2026-04-20 20:16:01,"Roy Mendoza: “El más favorecido con la narrativa del fraude es Fuerza Popular, porque ya están en carrera a segunda vuelta""",Diego Alva,https://larepublica.pe/politica/2026/04/20/roy-mendoza-la-narrativa-del-fraude-favorece-a-fuerza-popular-porque-ya-esta-en-carrera-a-segunda-vuelta-1696120,El abogado y vocero oficial de Juntos por el Perú criticó a Rafael López Aliaga de intentar introducir la narrativa del fraude para presionar a las autoridades electorales. Pidió al JNE no ceder ante estas presiones.,Roberto Sánchez
La República,2026-04-20 18:48:56,Fiscalía cita a Piero Corvetto para que entregue su pasaporte este martes,Ariadna Yaya,https://larepublica.pe/politica/2026/04/20/piero-corvetto-fiscalia-lo-cita-para-que-entregue-su-pasaporte-este-martes-a-las-400-de-la-tarde-hnews-1429940,El jefe de la ONPE deberá acudir al despacho fiscal este 21 de abril a las 4:00 p.m. en el marco de una diligencia programada por el Ministerio Público. Su defensa anunció que también aceptará el levantamiento del secreto de sus comunicaciones.,"ONPE, piero corvetto, Fiscalía"
La República,2026-04-20 19:45:30,"López Aliaga propone elecciones complementarias, pero expertos advierten que no tienen sustento legal ni constitucional",Ariadna Yaya,https://larepublica.pe/politica/2026/04/20/rafael-lopez-aliaga-propone-elecciones-complementarias-pero-expertos-advierten-que-no-tienen-sustento-legal-ni-constitucional-hnews-1408380,El candidato de Renovación Popular pidió elecciones complementarias para quienes no votaron el 12 de abril. Especialistas en derecho electoral y constitucional coinciden en que la medida no está prevista en la Ley Orgánica de Elecciones.,"Rafael López Aliaga, JNE"
La República,2026-04-20 17:06:01,Elecciones 2026: ONPE reporta 50 actas siniestradas y 30 extraviadas en distritos de Lima,Eva Palomino,https://larepublica.pe/politica/2026/04/20/elecciones-2026-onpe-reporta-50-actas-siniestradas-y-30-extraviadas-en-distritos-de-lima-hnews-1143560,"Fallas en el sistema STAE, dispositivos USB dañados o extraviados y problemas en la integración de información provocaron que actas de más de 40 mesas de sufragio en distintos distritos de Lima fueran declaradas siniestradas o extraviadas por la ONPE. Todos los casos fueron derivados a los Jurados Electorales Especiales (JEE) para su evaluación conforme a la normativa electoral vigente.",ONPE
La República,2026-04-20 16:51:02,Tomás Gálvez archiva denuncia contra Dina Boluarte por el caso aumento de sueldo,Ariadna Yaya,https://larepublica.pe/politica/2026/04/20/dina-boluarte-tomas-galvez-archiva-denuncia-contra-expresidenta-por-el-caso-aumento-de-sueldo-hnews-580080,"El fiscal de la Nación, Tomás Gálvez, concluyó que no existe delito en el incremento salarial aprobado durante el gobierno de Dina Boluarte. La decisión se sustenta en informes técnicos y en la aplicación de normas del servicio civil.","Dina Boluarte, Tomás Gálvez, Fiscalía"
La República,2026-04-20 17:01:45,"Congreso cita a premier, ministro de Defensa y canciller por retraso en compra de aviones F-16",Jazmín Bianchi,https://larepublica.pe/politica/2026/04/20/congreso-cita-a-premier-ministro-de-defensa-y-canciller-por-retraso-en-compra-de-aviones-f16-hnews-1988640,"La Comisión de Defensa, presidida por la parlamentaria Karol Paredes, se reunirá el 27 de abril para detallar el proceso de adquisición de las aeronaves de combate.",
La República,2026-04-20 08:32:35,Recuento de votos: JEE comenzó a definir el pase a la segunda vuelta de la elección presidencial,Josué Chávez Cardoza,https://larepublica.pe/politica/2026/04/20/recuento-de-votos-en-vivo-jee-comienza-a-definir-el-pase-a-la-segunda-vuelta-de-la-eleccion-presidencial-hnews-1928820,"Los Jurados Electorales Especiales de Chanchamayo, Piura y Huancayo realizaron 6 recuentos de votos de la elección presidencial para este lunes 20 de abril.","Jurado Electoral Especial, JNE, Rafael López Aliaga, Roberto Sánchez, Keiko Fujimori"
La República,2026-04-20 13:07:01,Primera audiencia de recuento de votos del JEE dio como ganador a Roberto Sánchez en una mesa en Chanchamayo,Jazmín Bianchi,https://larepublica.pe/politica/2026/04/20/primera-audiencia-de-recuento-de-votos-del-jee-dio-como-ganador-a-roberto-sanchez-en-una-mesa-en-chanchamayo-hnews-1067240,"Los JEE de Chanchamayo, Huancayo y Piura programaron audiencias para definir la validez de los votos ciudadanos este lunes 20. El cotejo público continuará en los próximos días.","JNE, ONPE, Recuentos, Jurado Electoral Especial"
La República,2026-04-17 19:11:50,"Rafael López Aliaga sobre Roberto Sánchez: ""No es un comunista, es un caviar""",Juan Gonzales,https://larepublica.pe/politica/2026/04/17/lopez-aliaga-sobre-roberto-sanchez-no-es-un-comunista-es-un-caviar-hnews-473093,"Para el exalcalde de Lima, el candidato presidencial por Juntos por el Perú, Roberto Sánchez, ""está falsificando una identidad"", porque ""nunca usó el sombrero"".","Rafael López Aliaga, Roberto Sánchez"
La República,2026-04-19 08:06:53,Roberto Sánchez y Rafael López Aliaga: JEE resolvió más de 3.000 actas observadas en la elección,Josué Chávez Cardoza,https://larepublica.pe/politica/2026/04/19/roberto-sanchez-y-rafael-lopez-aliaga-jee-resolvio-mas-de-2000-actas-observadas-en-la-eleccion-presidencial-hnews-824505,"De acuerdo con el portal del JNE, los JEE han resuelto 2.761 actas observadas de las elecciones del 12 y 13 de abril y serán devueltas a la ONPE para que ingresen al conteo general. La mayor cantidad de observaciones se hicieron en Lima, Ica, Pacasmayo, San Martín y Piura. Los votos de estas actas definirán el futuro de Sánchez y López Aliaga.","Roberto Sánchez, Rafael López Aliaga, Jurado Electoral Especial, ONPE, JNE"
La República,2026-04-12 22:42:57,"Cerrón, Tudela, Cavero y más: qué congresistas no pasaron la valla electoral 2026",Ariadna Yaya,https://larepublica.pe/politica/2026/04/12/elecciones-peru-2026-congresistas-que-buscaron-la-reelecion-y-no-pasaron-la-valla-adriana-tudela-alejandro-cavero-hnews-979884,"Un grupo de legisladores del actual Parlamento y personajes políticos intentó mantenerse en el poder con nuevas agrupaciones o alianzas. Sin embargo, varias de estas organizaciones no superaron la valla electoral, lo que deja fuera a figuras cuestionadas por su desempeño en el Congreso y evidencia el desgaste de ciertas bancadas.",Congreso del Perú
La República,2026-04-12 05:24:00,Resultados Elecciones 2026 Tumbes EN VIVO: conteo de votos oficial ONPE para senador y diputados,Renato Cardenas,https://larepublica.pe/politica/2026/04/12/resultados-elecciones-2026-en-tumbes-senadores-y-diputados-electos-hoy-12-de-abril-hnews-951610,"Consulta aquí los resultados de las Elecciones 2026 en Tumbes y descubre quiénes ocuparán los cargos de senador y diputado, según boca de urna y el conteo oficial de la ONPE.",Tumbes
La República,2026-04-12 05:18:00,Resultados Elecciones 2026 Tacna EN VIVO: conteo de votos oficial ONPE para senador y diputados,Juan Gonzales,https://larepublica.pe/politica/2026/04/12/resultados-elecciones-2026-en-tacna-senadores-y-diputados-electos-hoy-12-de-abril-hnews-584595,"Consulta aquí los resultados de las Elecciones 2026 en Tacna y descubre quiénes ocuparán los cargos de senador y diputado, según boca de urna y el conteo oficial de la ONPE.",Tacna
La República,2026-04-12 06:50:02,Resultados Elecciones 2026 San Martín EN VIVO: conteo de votos oficial ONPE para senador y diputados,Política LR,https://larepublica.pe/politica/2026/04/12/resultados-elecciones-2026-en-san-martin-senadores-y-diputados-electos-hoy-domingo-12-de-abril-379536,"Consulta aquí los resultados de las Elecciones 2026 en San Martín y descubre quiénes ocuparán los cargos de senador y diputado, según boca de urna y el conteo oficial de la ONPE.",San Martín
La República,2026-04-12 05:04:00,Resultados Elecciones 2026 Puno EN VIVO: conteo de votos oficial ONPE para senador y diputados,Renato Cardenas,https://larepublica.pe/politica/2026/04/12/resultados-elecciones-2026-en-puno-senadores-y-diputados-electos-hoy-12-de-abril-hnews-1024944,"Consulta aquí los resultados de las Elecciones 2026 en Puno y descubre quiénes ocuparán los cargos de senador y diputado, según boca de urna y el conteo oficial de la ONPE.",Puno
La República,2026-04-12 05:02:00,Resultados Elecciones 2026 Piura EN VIVO: conteo de votos oficial ONPE para senador y diputados,Renato Cardenas,https://larepublica.pe/politica/2026/04/12/resultados-elecciones-2026-en-piura-senadores-y-diputados-electos-hoy-12-de-abril-hnews-758978,"Consulta aquí los resultados de las Elecciones 2026 en Piura y descubre quiénes ocuparán los cargos de senador y diputado, según boca de urna y el conteo oficial de la ONPE.",Piura
La República,2026-04-12 05:30:00,Resultados Elecciones 2026 Pasco EN VIVO: conteo de votos oficial ONPE para senador y diputados,Renato Cardenas,https://larepublica.pe/politica/2026/04/12/resultados-elecciones-2026-en-pasco-senadores-y-diputados-electos-hoy-12-de-abril-hnews-246565,"Consulta aquí los resultados de las Elecciones 2026 en Pasco y descubre quiénes ocuparán los cargos de senador y diputado, según boca de urna y el conteo oficial de la ONPE.","Pasco, ONPE"
La República,2026-04-12 05:27:00,Resultados Moquegua Elecciones 2026 EN VIVO: conteo oficial ONPE para senador y diputados,Renato Cardenas,https://larepublica.pe/politica/2026/04/12/resultados-elecciones-2026-en-moquegua-senadores-y-diputados-electos-hoy-12-de-abril-hnews-379170,"Consulta aquí los resultados de las Elecciones 2026 en Moquegua y descubre quiénes ocuparán los cargos de senador y diputado, según boca de urna y el conteo oficial de la ONPE.",Moquegua
La República,2026-04-12 06:45:58,Resultados Madre de Dios Elecciones 2026 EN VIVO: conteo oficial ONPE para senador y diputados,Política LR,https://larepublica.pe/politica/2026/04/12/resultados-elecciones-2026-en-madre-de-dios-senadores-y-diputados-electos-hoy-domingo-12-de-abril-hnews-418884,"Consulta aquí los resultados de las Elecciones 2026 en Madre de Dios y conoce quiénes ocuparán los cargos de senador y diputado, según boca de urna y el conteo oficial de la ONPE.",Madre de Dios
La República,2026-04-12 05:18:00,Resultados Loreto Elecciones 2026 EN VIVO: conteo oficial ONPE para senador y diputados,Política LR,https://larepublica.pe/politica/2026/04/12/resultados-elecciones-2026-en-loreto-senadores-y-diputados-electos-hoy-domingo12-de-abril-hnews-176580,"Consulta aquí los resultados de las Elecciones 2026 en Loreto y descubre quiénes ocuparán los cargos de senador y diputado, según boca de urna y el conteo oficial de la ONPE.",Loreto
La República,2026-04-12 05:20:00,Resultados Lima Regiones Elecciones 2026 EN VIVO: conteo oficial ONPE para senador y diputados,Renato Cardenas,https://larepublica.pe/politica/2026/04/12/resultados-elecciones-2026-en-lima-regiones-senadores-y-diputados-electos-hoy-12-de-abril-lima-provincias-hnews-275592,"Consulta aquí los resultados de las Elecciones 2026 en Lima Regiones y descubre quiénes ocuparán los cargos de senador y diputado, según boca de urna y el conteo oficial de la ONPE.",Lima
La República,2026-04-12 05:06:00,Resultados Lima Metropolitana Elecciones 2026 EN VIVO: conteo oficial ONPE para senador y diputados,Renato Cardenas,https://larepublica.pe/politica/2026/04/12/resultados-elecciones-2026-en-lima-metropolitana-senadores-y-diputados-electos-hoy-12-de-abril-hnews-173096,"Revisa AQUÍ los resultados de las Elecciones 2026 en Lima Metropolitana y descubre quiénes ocuparán los cargos de senador y diputado, según boca de urna y el conteo oficial de la ONPE.",Lima
La República,2026-04-12 05:17:00,Resultados Lambayeque Elecciones 2026 EN VIVO: conteo oficial ONPE para senador y diputados,Política LR,https://larepublica.pe/politica/2026/04/12/resultados-elecciones-2026-en-lambayeque-senadores-y-diputados-electos-hoy-domingo-12-de-abril-hnews-886128,"Consulta aquí los resultados de las Elecciones 2026 en Lambayeque y descubre quiénes ocuparán los cargos de senador y diputado, según boca de urna y el conteo oficial de la ONPE.",Lambayeque
