medio,fecha,titulo,autor,url,resumen,tags
El Comercio,2026-07-16T20:56:14.309Z,PNP retira a policías encargados de seguridad de presidente José María Balcázar tras ser captados en discoteca de Chiclayo,Redacción EC,https://elcomercio.pe/politica/gobierno/pnp-retira-a-policias-encargados-de-seguridad-de-presidente-jose-maria-balcazar-tras-ser-captados-en-discoteca-de-chiclayo-ultimas-noticia/,"El comandante general de la Policía, Óscar Arriola, informó que se inició una investigación administrativa disciplinaria para determinar responsabilidades.","jose maria balcazar, oscar arriola, escolta presidencial, PNP"
El Comercio,2026-07-15T18:16:15Z,Keiko Fujimori recibió sus credenciales como presidenta electa del Perú,Redacción EC,https://elcomercio.pe/politica/gobierno/keiko-fujimori-recibe-credenciales-como-presidenta-electa-del-peru-en-el-gran-teatro-nacional-jne-lbposting-noticia/,"En la ceremonia, que se realizó en el Gran Teatro Nacional, en el distrito de San Borja, el JNE también entregó las credenciales a Luis Galarreta y Miguel Torres como vicepresidentes electos. ","Keiko Fujimori, JNE, Elecciones 2026"
El Comercio,2026-07-03T18:24:37Z,JNE proclama a Keiko Fujimori como presidenta electa del Perú para el periodo 2026-2031 ,Redacción EC,https://elcomercio.pe/politica/elecciones/jurado-nacional-de-elecciones-proclama-hoy-a-keiko-fujimori-como-presidenta-electa-tras-segunda-vuelta-lbposting-noticia/,"El acto oficial, que fue presidido por el titular del JNE, Roberto Burneo, se realizó en la sede del ente electoral, en Jesús María.","Keiko Fujimori, Jurado Nacional de Elecciones, Elecciones 2026, Roberto Burneo"
El Comercio,2026-07-02T21:16:48.648Z,Keiko Fujimori: ¿Cuándo se proclamarán los resultados oficiales de la segunda vuelta según el JNE?,Redacción EC,https://elcomercio.pe/politica/elecciones/keiko-fujimori-cuando-sera-la-proclamacion-oficial-del-jne-sobre-la-segunda-vuelta-ultimas-noticia/,"El vocero del JNE, Jorge Valdivia, indicó que aún se mantiene como fecha prevista este viernes 03 de julio. ","keiko fujimori, jne, segunda vuelta, elecciones 2026, proclamación de resultados"
El Comercio,2026-06-30T16:20:59Z,"Cuál es la cantidad de votos que separa a Keiko Fujimori y Roberto Sánchez, según resultados oficiales de la ONPE",Redacción EC,https://elcomercio.pe/politica/elecciones/cual-es-la-cantidad-de-votos-que-separa-a-keiko-fujimori-y-roberto-sanchez-segun-ultimos-resultados-onpe-de-la-segunda-vuelta-elecciones-peru-2026-noticia/,Sigue aquí los resultados oficiales ONPE con la diferencia de votos entre Keiko Fujimori (Fuerza Popular) y Roberto Sánchez (Juntos por el Perú),"Elecciones 2026, segunda vuelta, ONPE, Resultados ONPE, Keiko Fujimori, Roberto Sánchez"
El Comercio,2026-06-29T21:11:13.932Z,ONPE al 100%: Keiko Fujimori es virtual presidenta del Perú tras alcanzar el 50.135% de votos en segunda vuelta ,Redacción EC,https://elcomercio.pe/politica/elecciones/resultados-onpe-en-vivo-keiko-fujimori-mantiene-ventaja-sobre-roberto-sanchez-y-se-acerca-a-la-presidencia-del-peru-lbposting-noticia/,El conteo oficial de la ONPE llegó a su fin y ahora se espera la proclamación oficial por parte del Jurado Nacional de Elecciones. ,"Resultados ONPE, Segunda vuelta 2026, Keiko Fujimori, Roberto Sánchez, ONPE, sorteo especial"
El Comercio,2026-06-29T20:12:53Z,Elecciones Perú 2026: Resultados ONPE al 100% de la segunda vuelta de Piura y conteo oficial de votos en vivo,Redacción EC,https://elcomercio.pe/politica/elecciones/resultados-segunda-vuelta-elecciones-peru-2026-conteo-oficial-onpe-en-piura-y-flash-electoral-en-vivo-hoy-7-de-junio-keiko-fujimori-roberto-sanchez-noticia/,Conoce en esta nota los resultados ONPE al 100% de los comicios generales del 7 de junio,"Elecciones 2026, segunda vuelta, ONPE, Piura, Keiko Fujimori, Roberto Sánchez"
El Comercio,2026-06-29T19:52:48Z,Elecciones Perú 2026: Resultados ONPE al 100% de la segunda vuelta entre Keiko Fujimori y Roberto Sánchez en vivo y conteo oficial de votos,Redacción EC,https://elcomercio.pe/politica/elecciones/resultados-segunda-vuelta-elecciones-peru-2026-en-vivo-conteo-onpe-flash-electoral-y-quien-gana-entre-keiko-fujimori-y-roberto-sanchez-hoy-7-de-junio-noticia/,Conoce en esta nota los resultados ONPE al 100% de los comicios generales del 7 de junio en el Perú y el Mundo,"Elecciones 2026, segunda vuelta, ONPE, Keiko Fujimori, Roberto Sánchez"
El Comercio,2026-06-29T19:51:38.389Z,ONPE al 100% de actas contabilizadas: Keiko Fujimori logra 50.135% de votos y es virtual presidenta del Perú ,Redacción EC,https://elcomercio.pe/politica/elecciones/resultados-onpe-al-100-keiko-fujimori-es-la-virtual-presidenta-del-peru-al-registrar-50135-de-votos-en-segunda-vuelta-con-roberto-sanchez-noticia/,"La candidata de Fuerza Popular logró 9’223,396 votos válidos, mientras que su contendor de Juntos por el Perú, Roberto Sánchez, alcanzó 9′173,755 votos válidos (49.865%). ","elecciones 2026, segunda vuelta presidencial, ONPE, Keiko Fujimori, Roberto Sánchez, segunda vuelta electoral"
El Comercio,2026-06-29T18:17:56Z,Elecciones Perú 2026: Resultados ONPE al 100% de la segunda vuelta de Ucayali y conteo oficial de votos en vivo,Redacción EC,https://elcomercio.pe/politica/elecciones/resultados-segunda-vuelta-elecciones-peru-2026-conteo-oficial-onpe-en-ucayali-y-flash-electoral-en-vivo-hoy-7-de-junio-keiko-fujimori-roberto-sanchez-noticia/,Conoce en esta nota los resultados ONPE al 100% de los comicios generales del 7 de junio,"Elecciones 2026, segunda vuelta, ONPE, Ucayali, Keiko Fujimori, Roberto Sánchez"
El Comercio,2026-06-28T19:24:53Z,Elecciones Perú 2026: Resultados ONPE al 100% de la segunda vuelta de Tumbes y conteo oficial de votos en vivo,Redacción EC,https://elcomercio.pe/politica/elecciones/resultados-segunda-vuelta-elecciones-peru-2026-conteo-oficial-onpe-en-tumbes-y-flash-electoral-en-vivo-hoy-7-de-junio-keiko-fujimori-roberto-sanchez-noticia/,Conoce en esta nota los resultados ONPE al 100% de los comicios generales del 7 de junio,"Elecciones 2026, segunda vuelta, ONPE, Tumbes, Keiko Fujimori, Roberto Sánchez"
El Comercio,2026-06-28T15:36:50Z,Elecciones Perú 2026: Resultados ONPE al 100% de la segunda vuelta de Huánuco y conteo oficial de votos en vivo,Redacción EC,https://elcomercio.pe/politica/elecciones/resultados-segunda-vuelta-elecciones-peru-2026-conteo-oficial-onpe-en-huanuco-y-flash-electoral-en-vivo-hoy-7-de-junio-keiko-fujimori-roberto-sanchez-noticia/,Conoce en esta nota los resultados ONPE al 100% de los comicios generales del 7 de junio,"Elecciones 2026, segunda vuelta, ONPE, Huánuco, Keiko Fujimori, Roberto Sánchez"
El Comercio,2026-06-28T14:35:50Z,Elecciones Perú 2026: Resultados ONPE al 100% de la segunda vuelta de Huancavelica y conteo oficial de votos en vivo,Redacción EC,https://elcomercio.pe/politica/elecciones/resultados-segunda-vuelta-elecciones-peru-2026-conteo-oficial-onpe-en-huancavelica-y-flash-electoral-en-vivo-hoy-7-de-junio-keiko-fujimori-roberto-sanchez-noticia/,Conoce en esta nota los resultados ONPE al 100% de los comicios generales del 7 de junio,"Elecciones 2026, segunda vuelta, ONPE, Huancavelica, Keiko Fujimori, Roberto Sánchez"
El Comercio,2026-06-27T21:41:52Z,Elecciones Perú 2026: Resultados ONPE al 100% de la segunda vuelta de Lima y conteo oficial de votos en vivo,Redacción EC,https://elcomercio.pe/politica/elecciones/resultados-segunda-vuelta-elecciones-peru-2026-conteo-oficial-onpe-en-lima-y-flash-electoral-en-vivo-hoy-7-de-junio-keiko-fujimori-roberto-sanchez-noticia/,Conoce en esta nota los resultados ONPE al 100% de los comicios generales del 7 de junio,"Elecciones 2026, segunda vuelta, ONPE, Lima, Keiko Fujimori, Roberto Sánchez"
El Comercio,2026-06-27T16:45:53Z,Elecciones Perú 2026: Resultados ONPE al 100% de la segunda vuelta de Pasco y conteo oficial de votos en vivo,Redacción EC,https://elcomercio.pe/politica/elecciones/resultados-segunda-vuelta-elecciones-peru-2026-conteo-oficial-onpe-en-pasco-y-flash-electoral-en-vivo-hoy-7-de-junio-keiko-fujimori-roberto-sanchez-noticia/,Conoce en esta nota los resultados ONPE al 100% de los comicios generales del 7 de junio,"Elecciones 2026, segunda vuelta, ONPE, Pasco, Keiko Fujimori, Roberto Sánchez"
El Comercio,2026-06-27T01:54:48Z,Elecciones Perú 2026: Resultados ONPE al 100% de la segunda vuelta de Áncash y conteo oficial de votos en vivo,Redacción EC,https://elcomercio.pe/politica/elecciones/resultados-segunda-vuelta-elecciones-peru-2026-conteo-oficial-onpe-en-ancash-y-flash-electoral-en-vivo-hoy-7-de-junio-keiko-fujimori-roberto-sanchez-noticia/,Conoce en esta nota los resultados ONPE al 100% de los comicios generales del 7 de junio,"Elecciones 2026, segunda vuelta, ONPE, Áncash, Keiko Fujimori, Roberto Sánchez"
El Comercio,2026-06-26T21:49:55Z,Elecciones Perú 2026: Resultados ONPE al 100% de la segunda vuelta de Tacna y conteo oficial de votos en vivo,Redacción EC,https://elcomercio.pe/politica/elecciones/resultados-segunda-vuelta-elecciones-peru-2026-conteo-oficial-onpe-en-tacna-y-flash-electoral-en-vivo-hoy-7-de-junio-keiko-fujimori-roberto-sanchez-noticia/,Conoce en esta nota los resultados ONPE al 100% de los comicios generales del 7 de junio,"Elecciones 2026, segunda vuelta, ONPE, Tacna, Keiko Fujimori, Roberto Sánchez"
El Comercio,2026-06-26T21:43:52Z,Elecciones Perú 2026: Resultados ONPE al 100% de la segunda vuelta de Madre De Dios y conteo oficial de votos en vivo,Redacción EC,https://elcomercio.pe/politica/elecciones/resultados-segunda-vuelta-elecciones-peru-2026-conteo-oficial-onpe-en-madre-de-dios-y-flash-electoral-en-vivo-hoy-7-de-junio-keiko-fujimori-roberto-sanchez-noticia/,Conoce en esta nota los resultados ONPE al 100% de los comicios generales del 7 de junio,"Elecciones 2026, segunda vuelta, ONPE, Madre De Dios, Keiko Fujimori, Roberto Sánchez"
El Comercio,2026-06-26T21:38:51Z,Elecciones Perú 2026: Resultados ONPE al 100% de la segunda vuelta de Junín y conteo oficial de votos en vivo,Redacción EC,https://elcomercio.pe/politica/elecciones/resultados-segunda-vuelta-elecciones-peru-2026-conteo-oficial-onpe-en-junin-y-flash-electoral-en-vivo-hoy-7-de-junio-keiko-fujimori-roberto-sanchez-noticia/,Conoce en esta nota los resultados ONPE al 100% de los comicios generales del 7 de junio,"Elecciones 2026, segunda vuelta, ONPE, Junín, Keiko Fujimori, Roberto Sánchez"
El Comercio,2026-06-26T21:37:50Z,Elecciones Perú 2026: Resultados ONPE al 100% de la segunda vuelta de Ica y conteo oficial de votos en vivo,Redacción EC,https://elcomercio.pe/politica/elecciones/resultados-segunda-vuelta-elecciones-peru-2026-conteo-oficial-onpe-en-ica-y-flash-electoral-en-vivo-hoy-7-de-junio-keiko-fujimori-roberto-sanchez-noticia/,Conoce en esta nota los resultados ONPE al 100% de los comicios generales del 7 de junio,"Elecciones 2026, segunda vuelta, ONPE, Ica, Keiko Fujimori, Roberto Sánchez"
El Comercio,2026-06-26T14:15:30Z,Resultados ONPE al 99.880%: Keiko Fujimori mantiene ventaja sobre Roberto Sánchez en conteo de votos ,Redacción EC,https://elcomercio.pe/politica/elecciones/resultados-onpe-en-vivo-segunda-vuelta-presidencial-keiko-fujimori-mantiene-ventaja-sobre-roberto-sanchez-presidencia-del-peru-lbposting-noticia/,El conteo oficial de la ONPE está cerca de llegar al 100% y la candidata de Fuerza Popular mantiene una ligera ventaja sobre su contendor de Juntos por el Perú.,"Resultados ONPE, Segunda vuelta 2026, Keiko Fujimori, Roberto Sánchez, ONPE, sorteo especial"
El Comercio,2026-06-26T12:23:50.27Z,Keiko Fujimori promete convocar a un equipo de gobierno que vaya más allá de su partido,Martín Calderón,https://elcomercio.pe/politica/elecciones/keiko-fujimori-promete-convocar-a-un-equipo-de-gobierno-que-vaya-mas-alla-de-su-partido-noticia/,La lideresa de Fuerza Popular aseguró que buscará que el Estado “vuelva a funcionar”. El anuncio de apertura se enfrenta a los antecedentes de confrontación política de su agrupación. ,"Keiko Fujimori, Fuerza Popular, Juntos por el Perú, Roberto Sánchez"
El Comercio,2026-06-26T09:44:54Z,Elecciones Perú 2026: Resultados ONPE al 100% de la segunda vuelta de Moquegua y conteo oficial de votos en vivo,Redacción EC,https://elcomercio.pe/politica/elecciones/resultados-segunda-vuelta-elecciones-peru-2026-conteo-oficial-onpe-en-moquegua-y-flash-electoral-en-vivo-hoy-7-de-junio-keiko-fujimori-roberto-sanchez-noticia/,Conoce en esta nota los resultados ONPE al 100% de los comicios generales del 7 de junio,"Elecciones 2026, segunda vuelta, ONPE, Moquegua, Keiko Fujimori, Roberto Sánchez"
El Comercio,2026-06-26T09:40:52Z,Elecciones Perú 2026: Resultados ONPE al 100% de la segunda vuelta de Lambayeque y conteo oficial de votos en vivo,Redacción EC,https://elcomercio.pe/politica/elecciones/resultados-segunda-vuelta-elecciones-peru-2026-conteo-oficial-onpe-en-lambayeque-y-flash-electoral-en-vivo-hoy-7-de-junio-keiko-fujimori-roberto-sanchez-noticia/,Conoce en esta nota los resultados ONPE al 100% de los comicios generales del 7 de junio,"Elecciones 2026, segunda vuelta, ONPE, Lambayeque, Keiko Fujimori, Roberto Sánchez"
El Comercio,2026-06-26T05:08:49Z,Elecciones Perú 2026: Resultados ONPE al 100% de la segunda vuelta de Cusco y conteo oficial de votos en vivo,Redacción EC,https://elcomercio.pe/politica/elecciones/resultados-segunda-vuelta-elecciones-peru-2026-conteo-oficial-onpe-en-cusco-y-flash-electoral-en-vivo-hoy-7-de-junio-keiko-fujimori-roberto-sanchez-noticia/,Conoce en esta nota los resultados ONPE al 100% de los comicios generales del 7 de junio,"Elecciones 2026, segunda vuelta, ONPE, Cusco, Keiko Fujimori, Roberto Sánchez"
El Comercio,2026-06-25T18:50:03Z,JNE entregó credenciales a senadores y parlamentarios andinos electos ,Redacción EC,https://elcomercio.pe/politica/elecciones/elecciones-2026-en-vivo-senadores-y-parlamentarios-andinos-electos-recibiran-credenciales-por-parte-del-jurado-nacional-de-elecciones-lbposting-noticia/,"La primera de las dos ceremonias se realizó este jueves en la sede del Colegio Médico del Perú, en Miraflores. Mañana, vienes 26, se hará lo propio con los 130 diputados electos. ","Jurado Nacional de Elecciones, Elecciones 2026, Parlamento Andino, Senadores"
El Comercio,2026-06-25T06:21:53Z,Elecciones Perú 2026: Resultados ONPE al 100% de la segunda vuelta de Puno y conteo oficial de votos en vivo,Redacción EC,https://elcomercio.pe/politica/elecciones/resultados-segunda-vuelta-elecciones-peru-2026-conteo-oficial-onpe-en-puno-y-flash-electoral-en-vivo-hoy-7-de-junio-keiko-fujimori-roberto-sanchez-noticia/,Conoce en esta nota los resultados ONPE al 100% de los comicios generales del 7 de junio,"Elecciones 2026, segunda vuelta, ONPE, Puno, Keiko Fujimori, Roberto Sánchez"
El Comercio,2026-06-24T17:07:50Z,Elecciones Perú 2026: Resultados ONPE al 100% de la segunda vuelta de Callao y conteo oficial de votos en vivo,Redacción EC,https://elcomercio.pe/politica/elecciones/resultados-segunda-vuelta-elecciones-peru-2026-conteo-oficial-onpe-en-callao-y-flash-electoral-en-vivo-hoy-7-de-junio-keiko-fujimori-roberto-sanchez-noticia/,Conoce en esta nota los resultados ONPE al 100% de los comicios generales del 7 de junio,"Elecciones 2026, segunda vuelta, ONPE, Callao, Keiko Fujimori, Roberto Sánchez"
El Comercio,2026-06-23T21:53:41.813Z,JEE declara inadmisible lista de Renovación Popular a Lima y pide aclarar situación de López Aliaga como senador electo ,Martín Calderón,https://elcomercio.pe/politica/elecciones/jee-declara-inadmisible-lista-de-renovacion-popular-y-pide-aclarar-situacion-de-lopez-aliaga-como-senador-electo-noticia/,Organismo electoral le da dos días calendario a la agrupación política para subsanar observaciones.,"Rafael López Aliaga, Elecciones, Elecciones 2026, JNE"
El Comercio,2026-06-22T23:39:51Z,Elecciones Perú 2026: Resultados ONPE al 100% de la segunda vuelta de La Libertad y conteo oficial de votos en vivo,Redacción EC,https://elcomercio.pe/politica/elecciones/resultados-segunda-vuelta-elecciones-peru-2026-conteo-oficial-onpe-en-la-libertad-y-flash-electoral-en-vivo-hoy-7-de-junio-keiko-fujimori-roberto-sanchez-noticia/,Conoce en esta nota los resultados ONPE al 100% de los comicios generales del 7 de junio,"Elecciones 2026, segunda vuelta, ONPE, La Libertad, Keiko Fujimori, Roberto Sánchez"
El Comercio,2026-06-22T02:09:57Z,Resultados ONPE al 99.691%: Keiko Fujimori afianza ventaja sobre Roberto Sánchez en conteo de votos,Redacción EC,https://elcomercio.pe/politica/elecciones/resultados-onpe-en-vivo-entre-keiko-fujimori-y-roberto-sanchez-por-la-presidencia-del-peru-segunda-vuelta-lbposting-noticia/,El conteo oficial de la ONPE está cerca de llegar al 100% y la candidata de Fuerza Popular mantiene una ligera ventaja sobre su contendor de Juntos por el Perú.,"Resultados ONPE, Segunda vuelta 2026, Keiko Fujimori, Roberto Sánchez, ONPE, sorteo especial"
El Comercio,2026-06-20T21:56:49Z,Elecciones Perú 2026: Resultados ONPE al 100% de la segunda vuelta de Arequipa y conteo oficial de votos en vivo,Redacción EC,https://elcomercio.pe/politica/elecciones/resultados-segunda-vuelta-elecciones-peru-2026-conteo-oficial-onpe-en-arequipa-y-flash-electoral-en-vivo-hoy-7-de-junio-keiko-fujimori-roberto-sanchez-noticia/,Conoce en esta nota los resultados ONPE al 100% de los comicios generales del 7 de junio,"Elecciones 2026, segunda vuelta, ONPE, Arequipa, Keiko Fujimori, Roberto Sánchez"
El Comercio,2026-06-20T15:48:53Z,Elecciones Perú 2026: Resultados ONPE al 100% de la segunda vuelta de San Martín y conteo oficial de votos en vivo,Redacción EC,https://elcomercio.pe/politica/elecciones/resultados-segunda-vuelta-elecciones-peru-2026-conteo-oficial-onpe-en-san-martin-y-flash-electoral-en-vivo-hoy-7-de-junio-keiko-fujimori-roberto-sanchez-noticia/,Conoce en esta nota los resultados ONPE al 100% de los comicios generales del 7 de junio,"Elecciones 2026, segunda vuelta, ONPE, San Martín, Keiko Fujimori, Roberto Sánchez"
El Comercio,2026-06-19T03:28:10Z,Resultados ONPE al 99.434%: Keiko Fujimori afianza ventaja sobre Roberto Sánchez en conteo oficial ,Redacción EC,https://elcomercio.pe/politica/elecciones/resultados-onpe-en-vivo-tras-segunda-vuelta-keiko-fujimori-y-roberto-sanchez-disputan-presidencia-de-peru-lbposting-noticia/,El conteo oficial de la ONPE está cerca de llegar al 100% y la candidata de Fuerza Popular mantiene una ligera ventaja sobre su contendor de Juntos por el Perú.,"Resultados ONPE, Segunda vuelta 2026, Keiko Fujimori, Roberto Sánchez, ONPE"
El Comercio,2026-06-18T01:31:49Z,Elecciones Perú 2026: Resultados ONPE al 100% de la segunda vuelta de Ayacucho y conteo oficial de votos en vivo,Redacción EC,https://elcomercio.pe/politica/elecciones/resultados-segunda-vuelta-elecciones-peru-2026-conteo-oficial-onpe-en-ayacucho-y-flash-electoral-en-vivo-hoy-7-de-junio-keiko-fujimori-roberto-sanchez-noticia/,Conoce en esta nota los resultados ONPE al 100% de los comicios generales del 7 de junio,"Elecciones 2026, segunda vuelta, ONPE, Ayacucho, Keiko Fujimori, Roberto Sánchez"
El Comercio,2026-06-17T22:08:52Z,Elecciones Perú 2026: Resultados ONPE al 100% de la segunda vuelta de Loreto y conteo oficial de votos en vivo,Redacción EC,https://elcomercio.pe/politica/elecciones/resultados-segunda-vuelta-elecciones-peru-2026-conteo-oficial-onpe-en-loreto-y-flash-electoral-en-vivo-hoy-7-de-junio-keiko-fujimori-roberto-sanchez-noticia/,Conoce en esta nota los resultados ONPE al 100% de los comicios generales del 7 de junio,"Elecciones 2026, segunda vuelta, ONPE, Loreto, Keiko Fujimori, Roberto Sánchez"
El Comercio,2026-06-17T20:55:49Z,Elecciones Perú 2026: Resultados ONPE al 100% de la segunda vuelta de Apurímac y conteo oficial de votos en vivo,Redacción EC,https://elcomercio.pe/politica/elecciones/resultados-segunda-vuelta-elecciones-peru-2026-conteo-oficial-onpe-en-apurimac-y-flash-electoral-en-vivo-hoy-7-de-junio-keiko-fujimori-roberto-sanchez-noticia/,Conoce en esta nota los resultados ONPE al 100% de los comicios generales del 7 de junio,"Elecciones 2026, segunda vuelta, ONPE, Apurímac, Keiko Fujimori, Roberto Sánchez"
El Comercio,2026-06-16T23:06:18Z,Elecciones Perú 2026: Resultados ONPE al 100% de la segunda vuelta de Cajamarca y conteo oficial de votos en vivo,Redacción EC,https://elcomercio.pe/politica/elecciones/resultados-segunda-vuelta-elecciones-peru-2026-conteo-oficial-onpe-en-cajamarca-y-flash-electoral-en-vivo-hoy-7-de-junio-keiko-fujimori-roberto-sanchez-noticia/,Conoce en esta nota los resultados ONPE al 100% de los comicios generales del 7 de junio,"Elecciones 2026, segunda vuelta, ONPE, Cajamarca, Keiko Fujimori, Roberto Sánchez"
El Comercio,2026-06-15T18:27:17Z,Elecciones Perú 2026: Resultados ONPE al 100% de la segunda vuelta de Amazonas y conteo oficial de votos en vivo,Redacción EC,https://elcomercio.pe/politica/elecciones/resultados-segunda-vuelta-elecciones-peru-2026-conteo-oficial-onpe-en-amazonas-y-flash-electoral-en-vivo-hoy-7-de-junio-keiko-fujimori-roberto-sanchez-noticia/,Conoce en esta nota los resultados ONPE al 100% de los comicios generales del 7 de junio,"Elecciones 2026, segunda vuelta, ONPE, Amazonas, Keiko Fujimori, Roberto Sánchez"
El Comercio,2026-06-15T18:14:42Z,Resultados ONPE al 98.627%: Keiko Fujimori y Roberto Sánchez disputan voto a voto la Presidencia del Perú ,Redacción EC,https://elcomercio.pe/politica/elecciones/resultados-onpe-en-vivo-segunda-vuelta-2026-keiko-fujimori-y-roberto-sanchez-pelean-voto-a-voto-la-presidencia-del-peru-lbposting-noticia/,El conteo oficial de la ONPE está cerca de llegar al 100% y la candidata de Fuerza Popular mantiene una ligera ventaja sobre su contendor de Juntos por el Perú. ,"Elecciones 2026, Segunda vuelta, Keiko Fujimori, Roberto Sánchez, ONPE"
El Comercio,2026-06-12T22:56:55Z,Resultados de ONPE al 98.303%: conteo oficial de segunda vuelta entre Keiko Fujimori y Roberto Sánchez ,Redacción EC,https://elcomercio.pe/politica/elecciones/resultados-onpe-segunda-vuelta-de-elecciones-peru-2026-mira-conteo-oficial-entre-keiko-fujimori-y-roberto-sanchez-lbposting-noticia/,Revisa en esta nota los resultados oficiales de la ONPE tras la realización de la segunda vuelta de las Elecciones Generales 2026 el domingo 7 de junio.,"Segunda vuelta, Resultados ONPE, Keiko Fujimori, Roberto Sánchez, Resultados onpe"
El Comercio,2026-06-09T19:04:43Z,Resultados ONPE al 95.979%: conteo oficial de segunda vuelta entre Keiko Fujimori y Roberto Sánchez ,Redacción EC,https://elcomercio.pe/elecciones/resultados-onpe-en-vivo-conteo-oficial-de-la-segunda-vuelta-entre-keiko-fujimori-y-roberto-sanchez-de-elecciones-peru-2026-lbposting-noticia/,Revisa en esta nota los resultados oficiales de la ONPE tras la realización de la segunda vuelta de las Elecciones Generales 2026 el domingo 7 de junio. ,"Resultados ONPE, ONPE, Segunda vuelta, Keiko Fujimori, Roberto Sánchez"
El Comercio,2026-06-08T21:57:24Z,Segunda vuelta EN VIVO: conteo oficial ONPE mantiene empate técnico entre Keiko Fujimori y Roberto Sánchez,Alexander Villarroel Zurita,https://elcomercio.pe/politica/elecciones/segunda-vuelta-elecciones-peru-2026-en-vivo-ultimas-noticias-incidencias-y-resultados-de-balotaje-keiko-fujimori-y-roberto-sanchez-lbposting-noticia/,Revisa en esta nota las últimas noticias y los resultados oficiales de la ONPE tras la segunda vuelta electoral del 7 de junio.,"Segunda vuelta, Elecciones 2026, Keiko Fujimori, Roberto Sánchez, ONPE, JNE, Segunda vuelta 2026, Fuerza Popular, Juntos por el Perú"
El Comercio,2026-06-08T21:11:37.962Z,El recuento de votos en la segunda vuelta electoral: ¿En qué escenarios se aplica este mecanismo y cuáles son los pasos?,Sebastian Ortiz Martínez,https://elcomercio.pe/politica/el-recuento-de-votos-y-las-actas-observadas-en-esta-segunda-vuelta-electoral-en-que-escenarios-se-aplica-este-mecanismo-y-cuales-son-los-pasos-noticia/,"La proclamación oficial de los resultados de la segunda vuelta presidencial se realizará a mediados de julio, una vez que concluyan los procesos de resolución de actas observadas y las eventuales audiencias de recuento de votos, estimó el JNE.","Elecciones 2026, JNE, ONPE, Elecciones, Segunda vuelta, segunda vuelta electoral"
El Comercio,2026-06-08T12:33:42.888Z,Conteo rápido de Datum para América Televisión: Roberto Sánchez 50.14% y Keiko Fujimori 49.86% ,Redacción EC,https://elcomercio.pe/politica/conteo-rapido-de-datum-para-america-television-segunda-vuelta-sigue-aqui-los-resultados-del-conteo-rapido-de-las-elecciones-peru-2026-hoy-07-de-junio-keiko-fujimori-roberto-sanchez-noticia/,"Empate técnico. En estas elecciones, unos 27 millones de peruanos estuvieron habilitados para acudir a las urnas. La jornada de votación se desarrolló desde las 7 a.m. hasta las 5 p.m., en miles de locales distribuidos a nivel nacional. ","Conteo rápido, Elecciones, Keiko Fujimori, Roberto Sánchez, Datum, Datum Internacional, Elecciones 2026, Resultados"
El Comercio,2026-06-08T12:30:56.447Z,"Conteo rápido de Ipsos Perú y Transparencia: Roberto Sánchez 50,3% y Keiko Fujimori 49,7%",Martín León Espinosa,https://elcomercio.pe/politica/conteo-rapido-de-ipsos-peru-segunda-vuelta-sigue-aqui-los-resultados-del-conteo-rapido-de-las-elecciones-peru-2026-hoy-07-de-junio-keiko-fujimori-roberto-sanchez-noticia/,"En la muestra, el candidato de Juntos por el Perú logró una leve ventaja sobre la postulante de Fuerza Popular.","Conteo rápido, Elecciones, Keiko Fujimori, Roberto Sánchez, Elecciones 2026, Resultados, Ipsos Perú"
El Comercio,2026-06-08T12:11:04.767Z,Resultados Elecciones segunda vuelta 2026: revisa el conteo oficial ONPE de votos entre Fujimori y Sánchez,Redacción EC,https://elcomercio.pe/politica/elecciones/resultados-onpe-segunda-vuelta-elecciones-peru-2026-en-vivo-asi-va-el-conteo-oficial-entre-keiko-fujimori-y-roberto-sanchez-ultimas-noticia/,Consulta en tiempo real los resultados oficiales de la ONPE tras la segunda vuelta electoral entre Keiko Fujimori y Roberto Sánchez. ,"ONPE, Resultados ONPE, Elecciones 2026, Segunda vuelta, Keiko Fujimori, Roberto Sánchez"
El Comercio,2026-06-08T11:00:01Z,Fact-checking del debate presidencial: Keiko Fujimori vs. Roberto Sánchez ,Fabrizio Monge,https://elcomercio.pe/ecdata/debate-presidencial-keiko-fujimori-roberto-sanchez-fuerza-popular-juntos-por-el-peru-elecciones-2026-onpe-jne-noticia/,"Las frases de Keiko Fujimori y Roberto Sánchez bajo la lupa de los datos minuto a minuto
","Keiko Fujimori, Roberto Sanchez"
El Comercio,2026-06-07T23:50:14Z,Elecciones Perú 2026: Aquí podrás ver los Resultados ONPE de la segunda vuelta de Ucayali y conteo oficial de votos en vivo,Redacción EC,https://elcomercio.pe/politica/elecciones/resultados-elecciones-peru-2026-segunda-vuelta-conteo-oficial-onpe-en-ucayali-y-flash-electoral-en-vivo-hoy-7-de-junio-keiko-fujimori-roberto-sanchez-noticia/,Conoce en esta nota los resultados y conteo oficial ONPE en Ucayali de los comicios generales hoy 7 de junio,"Elecciones 2026, segunda vuelta, ONPE, Ucayali, Keiko Fujimori, Roberto Sánchez"
El Comercio,2026-06-07T23:48:13Z,Elecciones Perú 2026: Aquí podrás ver los Resultados ONPE de la segunda vuelta de Tumbes y conteo oficial de votos en vivo,Redacción EC,https://elcomercio.pe/politica/elecciones/resultados-elecciones-peru-2026-segunda-vuelta-conteo-oficial-onpe-en-tumbes-y-flash-electoral-en-vivo-hoy-7-de-junio-keiko-fujimori-roberto-sanchez-noticia/,Conoce en esta nota los resultados y conteo oficial ONPE en Tumbes de los comicios generales hoy 7 de junio,"Elecciones 2026, segunda vuelta, ONPE, Tumbes, Keiko Fujimori, Roberto Sánchez"
El Comercio,2026-06-07T23:46:13Z,Elecciones Perú 2026: Aquí podrás ver los Resultados ONPE de la segunda vuelta de Tacna y conteo oficial de votos en vivo,Redacción EC,https://elcomercio.pe/politica/elecciones/resultados-elecciones-peru-2026-segunda-vuelta-conteo-oficial-onpe-en-tacna-y-flash-electoral-en-vivo-hoy-7-de-junio-keiko-fujimori-roberto-sanchez-noticia/,Conoce en esta nota los resultados y conteo oficial ONPE en Tacna de los comicios generales hoy 7 de junio,"Elecciones 2026, segunda vuelta, ONPE, Tacna, Keiko Fujimori, Roberto Sánchez"
El Comercio,2026-06-07T23:44:12Z,Elecciones Perú 2026: Aquí podrás ver los Resultados ONPE de la segunda vuelta de San Martín y conteo oficial de votos en vivo,Redacción EC,https://elcomercio.pe/politica/elecciones/resultados-elecciones-peru-2026-segunda-vuelta-conteo-oficial-onpe-en-san-martin-y-flash-electoral-en-vivo-hoy-7-de-junio-keiko-fujimori-roberto-sanchez-noticia/,Conoce en esta nota los resultados y conteo oficial ONPE en San Martín de los comicios generales hoy 7 de junio,"Elecciones 2026, segunda vuelta, ONPE, San Martín, Keiko Fujimori, Roberto Sánchez"
El Comercio,2026-06-07T23:42:12Z,Elecciones Perú 2026: Aquí podrás ver los Resultados ONPE de la segunda vuelta de Puno y conteo oficial de votos en vivo,Redacción EC,https://elcomercio.pe/politica/elecciones/resultados-elecciones-peru-2026-segunda-vuelta-conteo-oficial-onpe-en-puno-y-flash-electoral-en-vivo-hoy-7-de-junio-keiko-fujimori-roberto-sanchez-noticia/,Conoce en esta nota los resultados y conteo oficial ONPE en Puno de los comicios generales hoy 7 de junio,"Elecciones 2026, segunda vuelta, ONPE, Puno, Keiko Fujimori, Roberto Sánchez"
El Comercio,2026-06-07T23:40:11Z,Elecciones Perú 2026: Aquí podrás ver los Resultados ONPE de la segunda vuelta de Piura y conteo oficial de votos en vivo,Redacción EC,https://elcomercio.pe/politica/elecciones/resultados-elecciones-peru-2026-segunda-vuelta-conteo-oficial-onpe-en-piura-y-flash-electoral-en-vivo-hoy-7-de-junio-keiko-fujimori-roberto-sanchez-noticia/,Conoce en esta nota los resultados y conteo oficial ONPE en Piura de los comicios generales hoy 7 de junio,"Elecciones 2026, segunda vuelta, ONPE, Piura, Keiko Fujimori, Roberto Sánchez"
El Comercio,2026-06-07T23:38:10Z,Elecciones Perú 2026: Aquí podrás ver los Resultados ONPE de la segunda vuelta de Pasco y conteo oficial de votos en vivo,Redacción EC,https://elcomercio.pe/politica/elecciones/resultados-elecciones-peru-2026-segunda-vuelta-conteo-oficial-onpe-en-pasco-y-flash-electoral-en-vivo-hoy-7-de-junio-keiko-fujimori-roberto-sanchez-noticia/,Conoce en esta nota los resultados y conteo oficial ONPE en Pasco de los comicios generales hoy 7 de junio,"Elecciones 2026, segunda vuelta, ONPE, Pasco, Keiko Fujimori, Roberto Sánchez"
El Comercio,2026-06-07T23:36:10Z,Elecciones Perú 2026: Aquí podrás ver los Resultados ONPE de la segunda vuelta de Moquegua y conteo oficial de votos en vivo,Redacción EC,https://elcomercio.pe/politica/elecciones/resultados-elecciones-peru-2026-segunda-vuelta-conteo-oficial-onpe-en-moquegua-y-flash-electoral-en-vivo-hoy-7-de-junio-keiko-fujimori-roberto-sanchez-noticia/,Conoce en esta nota los resultados y conteo oficial ONPE en Moquegua de los comicios generales hoy 7 de junio,"Elecciones 2026, segunda vuelta, ONPE, Moquegua, Keiko Fujimori, Roberto Sánchez"
El Comercio,2026-06-07T23:34:09Z,Elecciones Perú 2026: Aquí podrás ver los Resultados ONPE de la segunda vuelta de Madre De Dios y conteo oficial de votos en vivo,Redacción EC,https://elcomercio.pe/politica/elecciones/resultados-elecciones-peru-2026-segunda-vuelta-conteo-oficial-onpe-en-madre-de-dios-y-flash-electoral-en-vivo-hoy-7-de-junio-keiko-fujimori-roberto-sanchez-noticia/,Conoce en esta nota los resultados y conteo oficial ONPE en Madre De Dios de los comicios generales hoy 7 de junio,"Elecciones 2026, segunda vuelta, ONPE, Madre De Dios, Keiko Fujimori, Roberto Sánchez"
El Comercio,2026-06-07T23:32:09Z,Elecciones Perú 2026: Aquí podrás ver los Resultados ONPE de la segunda vuelta de Loreto y conteo oficial de votos en vivo,Redacción EC,https://elcomercio.pe/politica/elecciones/resultados-elecciones-peru-2026-segunda-vuelta-conteo-oficial-onpe-en-loreto-y-flash-electoral-en-vivo-hoy-7-de-junio-keiko-fujimori-roberto-sanchez-noticia/,Conoce en esta nota los resultados y conteo oficial ONPE en Loreto de los comicios generales hoy 7 de junio,"Elecciones 2026, segunda vuelta, ONPE, Loreto, Keiko Fujimori, Roberto Sánchez"
El Comercio,2026-06-07T23:30:08Z,Elecciones Perú 2026: Aquí podrás ver los Resultados ONPE de la segunda vuelta de Lima y conteo oficial de votos en vivo,Redacción EC,https://elcomercio.pe/politica/elecciones/resultados-elecciones-peru-2026-segunda-vuelta-conteo-oficial-onpe-en-lima-y-flash-electoral-en-vivo-hoy-7-de-junio-keiko-fujimori-roberto-sanchez-noticia/,Conoce en esta nota los resultados y conteo oficial ONPE en Lima de los comicios generales hoy 7 de junio,"Elecciones 2026, segunda vuelta, ONPE, Lima, Keiko Fujimori, Roberto Sánchez"
El Comercio,2026-06-07T23:28:07Z,Elecciones Perú 2026: Aquí podrás ver los Resultados ONPE de la segunda vuelta de La Libertad y conteo oficial de votos en vivo,Redacción EC,https://elcomercio.pe/politica/elecciones/resultados-elecciones-peru-2026-segunda-vuelta-conteo-oficial-onpe-en-la-libertad-y-flash-electoral-en-vivo-hoy-7-de-junio-keiko-fujimori-roberto-sanchez-noticia/,Conoce en esta nota los resultados y conteo oficial ONPE en La Libertad de los comicios generales hoy 7 de junio,"Elecciones 2026, segunda vuelta, ONPE, La Libertad, Keiko Fujimori, Roberto Sánchez"
El Comercio,2026-06-07T23:26:07Z,Elecciones Perú 2026: Aquí podrás ver los Resultados ONPE de la segunda vuelta de Lambayeque y conteo oficial de votos en vivo,Redacción EC,https://elcomercio.pe/politica/elecciones/resultados-elecciones-peru-2026-segunda-vuelta-conteo-oficial-onpe-en-lambayeque-y-flash-electoral-en-vivo-hoy-7-de-junio-keiko-fujimori-roberto-sanchez-noticia/,Conoce en esta nota los resultados y conteo oficial ONPE en Lambayeque de los comicios generales hoy 7 de junio,"Elecciones 2026, segunda vuelta, ONPE, Lambayeque, Keiko Fujimori, Roberto Sánchez"
El Comercio,2026-06-07T23:24:06Z,Elecciones Perú 2026: Aquí podrás ver los Resultados ONPE de la segunda vuelta de Junín y conteo oficial de votos en vivo,Redacción EC,https://elcomercio.pe/politica/elecciones/resultados-elecciones-peru-2026-segunda-vuelta-conteo-oficial-onpe-en-junin-y-flash-electoral-en-vivo-hoy-7-de-junio-keiko-fujimori-roberto-sanchez-noticia/,Conoce en esta nota los resultados y conteo oficial ONPE en Junín de los comicios generales hoy 7 de junio,"Elecciones 2026, segunda vuelta, ONPE, Junín, Keiko Fujimori, Roberto Sánchez"
El Comercio,2026-06-07T23:22:06Z,Elecciones Perú 2026: Aquí podrás ver los Resultados ONPE de la segunda vuelta de Ica y conteo oficial de votos en vivo,Redacción EC,https://elcomercio.pe/politica/elecciones/resultados-elecciones-peru-2026-segunda-vuelta-conteo-oficial-onpe-en-ica-y-flash-electoral-en-vivo-hoy-7-de-junio-keiko-fujimori-roberto-sanchez-noticia/,Conoce en esta nota los resultados y conteo oficial ONPE en Ica de los comicios generales hoy 7 de junio,"Elecciones 2026, segunda vuelta, ONPE, Ica, Keiko Fujimori, Roberto Sánchez"
El Comercio,2026-06-07T23:20:05Z,Elecciones Perú 2026: Aquí podrás ver los Resultados ONPE de la segunda vuelta de Huánuco y conteo oficial de votos en vivo,Redacción EC,https://elcomercio.pe/politica/elecciones/resultados-elecciones-peru-2026-segunda-vuelta-conteo-oficial-onpe-en-huanuco-y-flash-electoral-en-vivo-hoy-7-de-junio-keiko-fujimori-roberto-sanchez-noticia/,Conoce en esta nota los resultados y conteo oficial ONPE en Huánuco de los comicios generales hoy 7 de junio,"Elecciones 2026, segunda vuelta, ONPE, Huánuco, Keiko Fujimori, Roberto Sánchez"
El Comercio,2026-06-07T23:18:05Z,Elecciones Perú 2026: Aquí podrás ver los Resultados ONPE de la segunda vuelta de Huancavelica y conteo oficial de votos en vivo,Redacción EC,https://elcomercio.pe/politica/elecciones/resultados-elecciones-peru-2026-segunda-vuelta-conteo-oficial-onpe-en-huancavelica-y-flash-electoral-en-vivo-hoy-7-de-junio-keiko-fujimori-roberto-sanchez-noticia/,Conoce en esta nota los resultados y conteo oficial ONPE en Huancavelica de los comicios generales hoy 7 de junio,"Elecciones 2026, segunda vuelta, ONPE, Huancavelica, Keiko Fujimori, Roberto Sánchez"
El Comercio,2026-06-07T23:16:04Z,Elecciones Perú 2026: Aquí podrás ver los Resultados ONPE de la segunda vuelta de Cusco y conteo oficial de votos en vivo,Redacción EC,https://elcomercio.pe/politica/elecciones/resultados-elecciones-peru-2026-conteo-oficial-onpe-en-junin-y-flash-electoral-en-vivo-de-elecciones-generales-noticia/,Conoce en esta nota los resultados y conteo oficial ONPE en Cusco de los comicios generales hoy 7 de junio,"Elecciones 2026, segunda vuelta, ONPE, Cusco, Keiko Fujimori, Roberto Sánchez"
El Comercio,2026-06-07T23:14:04Z,Elecciones Perú 2026: Aquí podrás ver los Resultados ONPE de la segunda vuelta de Callao y conteo oficial de votos en vivo,Redacción EC,https://elcomercio.pe/politica/elecciones/resultados-elecciones-peru-2026-segunda-vuelta-conteo-oficial-onpe-en-callao-y-flash-electoral-en-vivo-hoy-7-de-junio-keiko-fujimori-roberto-sanchez-noticia/,Conoce en esta nota los resultados y conteo oficial ONPE en Callao de los comicios generales hoy 7 de junio,"Elecciones 2026, segunda vuelta, ONPE, Callao, Keiko Fujimori, Roberto Sánchez"
El Comercio,2026-06-07T23:12:03Z,Elecciones Perú 2026: Aquí podrás ver los Resultados ONPE de la segunda vuelta de Cajamarca y conteo oficial de votos en vivo,Redacción EC,https://elcomercio.pe/politica/elecciones/resultados-elecciones-peru-2026-segunda-vuelta-conteo-oficial-onpe-en-cajamarca-y-flash-electoral-en-vivo-hoy-7-de-junio-keiko-fujimori-roberto-sanchez-noticia/,Conoce en esta nota los resultados y conteo oficial ONPE en Cajamarca de los comicios generales hoy 7 de junio,"Elecciones 2026, segunda vuelta, ONPE, Cajamarca, Keiko Fujimori, Roberto Sánchez"
El Comercio,2026-06-07T23:10:03Z,Elecciones Perú 2026: Aquí podrás ver los Resultados ONPE de la segunda vuelta de Ayacucho y conteo oficial de votos en vivo,Redacción EC,https://elcomercio.pe/politica/elecciones/resultados-elecciones-peru-2026-segunda-vuelta-conteo-oficial-onpe-en-ayacucho-y-flash-electoral-en-vivo-hoy-7-de-junio-keiko-fujimori-roberto-sanchez-noticia/,Conoce en esta nota los resultados y conteo oficial ONPE en Ayacucho de los comicios generales hoy 7 de junio,"Elecciones 2026, segunda vuelta, ONPE, Ayacucho, Keiko Fujimori, Roberto Sánchez"
El Comercio,2026-06-07T23:08:02Z,Elecciones Perú 2026: Aquí podrás ver los Resultados ONPE de la segunda vuelta de Arequipa y conteo oficial de votos en vivo,Redacción EC,https://elcomercio.pe/politica/elecciones/resultados-elecciones-peru-2026-segunda-vuelta-conteo-oficial-onpe-en-arequipa-y-flash-electoral-en-vivo-hoy-7-de-junio-keiko-fujimori-roberto-sanchez-noticia/,Conoce en esta nota los resultados y conteo oficial ONPE en Arequipa de los comicios generales hoy 7 de junio,"Elecciones 2026, segunda vuelta, ONPE, Arequipa, Keiko Fujimori, Roberto Sánchez"
El Comercio,2026-06-07T23:06:01Z,Elecciones Perú 2026: Aquí podrás ver los Resultados ONPE de la segunda vuelta de Apurímac y conteo oficial de votos en vivo,Redacción EC,https://elcomercio.pe/politica/elecciones/resultados-elecciones-peru-2026-segunda-vuelta-conteo-oficial-onpe-en-apurimac-y-flash-electoral-en-vivo-hoy-7-de-junio-keiko-fujimori-roberto-sanchez-noticia/,Conoce en esta nota los resultados y conteo oficial ONPE en Apurímac de los comicios generales hoy 7 de junio,"Elecciones 2026, segunda vuelta, ONPE, Apurímac, Keiko Fujimori, Roberto Sánchez"
El Comercio,2026-06-07T23:04:01Z,Elecciones Perú 2026: Aquí podrás ver los Resultados ONPE de la segunda vuelta de Áncash y conteo oficial de votos en vivo,Redacción EC,https://elcomercio.pe/politica/elecciones/resultados-elecciones-peru-2026-segunda-vuelta-conteo-oficial-onpe-en-ancash-y-flash-electoral-en-vivo-hoy-7-de-junio-keiko-fujimori-roberto-sanchez-noticia/,Conoce en esta nota los resultados y conteo oficial ONPE en Áncash de los comicios generales hoy 7 de junio,"Elecciones 2026, segunda vuelta, ONPE, Áncash, Keiko Fujimori, Roberto Sánchez"
El Comercio,2026-06-07T23:02:00Z,Elecciones Perú 2026: Aquí podrás ver los Resultados ONPE de la segunda vuelta de Amazonas y conteo oficial de votos en vivo,Redacción EC,https://elcomercio.pe/politica/elecciones/resultados-elecciones-peru-2026-segunda-vuelta-conteo-oficial-onpe-en-amazonas-y-flash-electoral-en-vivo-hoy-7-de-junio-keiko-fujimori-roberto-sanchez-noticia/,Conoce en esta nota los resultados y conteo oficial ONPE en Amazonas de los comicios generales hoy 7 de junio,"Elecciones 2026, segunda vuelta, ONPE, Amazonas, Keiko Fujimori, Roberto Sánchez"
El Comercio,2026-06-07T23:00:00Z,Elecciones Perú 2026: Aquí podrás ver los Resultados ONPE de la segunda vuelta en vivo y conteo oficial de votos,Redacción EC,https://elcomercio.pe/politica/elecciones/resultados-elecciones-peru-2026-segunda-vuelta-en-vivo-conteo-oficial-onpe-y-flash-electoral-en-vivo-hoy-7-de-junio-keiko-fujimori-roberto-sanchez-noticia/,Conoce en esta nota los resultados ONPE de la segunda vuelta presidencial del 7 de junio en el Perú y el Mundo,"Elecciones 2026, segunda vuelta, ONPE, Keiko Fujimori, Roberto Sánchez"
El Comercio,2026-06-07T22:41:48.032Z,Flash electoral segunda vuelta 2026: Keiko Fujimori  50.7 % y Roberto Sánchez  49.3% a boca de urna según Ipsos,Redacción EC,https://elcomercio.pe/politica/elecciones/flash-electoral-segunda-vuelta-elecciones-peru-2026-en-vivo-resultados-de-ipsos-a-boca-de-urna-hoy-7-de-junio-keiko-fujimori-roberto-sanchez-ultimas-noticia/,"Este domingo 7 de junio, los peruanos votaron entre Keiko Fujimori y Roberto Sánchez al nuevo presidente del país por los próximos cinco años.  ","Flash electoral, Ipsos, Keiko Fujimori, Roberto Sánchez, Segunda vuelta, Boca de urna, Elecciones 2026"
El Comercio,2026-06-07T15:59:26.899Z,"Flash electoral Datum a boca de urna: Keiko Fujimori 50.53%, Roberto Sánchez 49.47%",Redacción EC,https://elcomercio.pe/politica/elecciones/flash-electoral-elecciones-peru-2026-segunda-vuelta-en-vivo-resultados-a-boca-de-urna-de-datum-este-7-de-junio-ultimas-noticia/,"Este domingo 7 de junio, los peruanos retornaron a las urnas para elegir entre Keiko Fujimori y Roberto Sánchez al nuevo presidente de la República. ","Keiko Fujimori, Roberto Sánchez, Datum, Boca de urna, Flash electoral, Elecciones 2026, ONPE, Segunda vuelta"
El Comercio,2026-06-07T14:44:44.943Z,Segunda vuelta Elecciones 2026: Más de 27 millones de peruanos son llamados a las urnas para elegir al nuevo presidente de la República,Thalía Cadenas,https://elcomercio.pe/politica/segunda-vuelta-elecciones-2026-todo-lo-que-tienes-que-saber-mas-de-27-millones-de-peruanos-acuden-a-las-urnas-este-domingo-7-de-junio-para-elegir-al-nuevo-presidente-de-la-republica-entre-keiko-fujimori-y-roberto-sanchez-onpe-jne-noticia/,El sufragio es obligatorio para los peruanos de entre 18 y 70 años. No votar conlleva una multa. La jornada electoral se inicia a las 7 a.m. y culmina a las 5:00 p.m. ,"Keiko Fujimori, Roberto Sánchez, Elecciones 2026, Segunda vuelta, Segunda vuelta electoral, Elecciones, ONPE, JNE, Perú"
El Comercio,2026-06-05T02:55:27Z,Elecciones 2026 EN VIVO: revisa las últimas noticias de Keiko Fujimori y Roberto Sánchez rumbo al 7 de junio,Redacción EC,https://elcomercio.pe/elecciones/elecciones-peru-2026-en-vivo-ultimas-noticias-de-keiko-fujimori-y-roberto-sanchez-previo-a-la-segunda-vuelta-del-7-de-junio-onpe-jne-lbposting-noticia/,Conoce en tiempo real las noticias más importantes y las actividades de los candidatos en los días previos a la segunda vuelta presidencial del domingo 7 de junio. ,"Segunda vuelta, Elecciones 2026, Elecciones Perú 2026, Keiko Fujimori, Roberto Sánchez, ONPE, JNE"
El Comercio,2026-06-02T04:23:04.533Z,Keiko Fujimori y Roberto Sánchez dieron a conocer sus propuestas en debate presidencial previo a segunda vuelta ,Redacción EC,https://elcomercio.pe/elecciones/debate-presidencial-segunda-vuelta-2026-keiko-fujimori-y-roberto-sanchez-en-vivo-hoy-ultimas-noticias-horario-temas-y-donde-verlo-jne-elecciones-peru-2026-lbposting-noticia/,"Los candidatos de Fuerza Popular y Juntos por el Perú confrontaron sus principales planteamientos en diferentes temas como seguridad ciudadana, educación y salud, fortalecimiento democrático y economía. ","Keiko Fujimori, Roberto Sánchez, Debate presidencial 2026, Elecciones 2026, JNE, Segunda Vuelta, Fuerza Popular, Juntos por el Perú"
El Comercio,2026-06-01T21:05:54.681Z,Debate presidencial: Keiko Fujimori propuso destrabar proyectos paralizados y Roberto Sánchez aumentar la remuneración mínima vital ,Juan  Saldarriaga,https://elcomercio.pe/politica/debate-presidencial-2026-segunda-vuelta-keiko-fujimori-y-roberto-sanchez-confrontan-este-domingo-sus-propuestas-sobre-economia-empleo-y-reduccion-de-la-pobreza-elecciones-peru-2026-noticia/,"Aspirantes a la presidencia confrontaron sus propuestas sobre economía, empleo y reducción de la pobreza en encuentro organizado por el Jurado Nacional de Elecciones.","Debate presidencial, Keiko Fujimori, Roberto Sánchez, Fuerza Popular, Juntos por el Perú, Elecciones 2026, JNE, Segunda  vuelta"
El Comercio,2026-06-01T21:05:33.333Z,"Roberto Sánchez y Keiko Fujimori: referéndum, obras públicas y derechos humanos centraron bloque sobre el Estado",Martín Calderón,https://elcomercio.pe/politica/debate-presidencial-2026-segunda-vuelta-keiko-fujimori-y-roberto-sanchez-confrontan-este-domingo-sus-propuestas-sobre-fortalecimiento-del-estado-democratico-y-derechos-humanos-elecciones-peru-2026-noticia/,"En el debate presidencial, Sánchez planteó  fortalecer el Sistema Interamericano de Derechos Humanos y Fujimori defendió una agenda centrada en obras públicas.","Debate presidencial, Keiko Fujimori, Roberto Sánchez, Fuerza Popular, Juntos por el Perú, Elecciones 2026, JNE, Segunda  vuelta"
El Comercio,2026-06-01T21:05:14.685Z,"Debate presidencial: telemedicina, creación de policlínicos y  la alimentación escolar marcaron el bloque de salud y educación",Thalía Cadenas,https://elcomercio.pe/politica/debate-presidencial-2026-segunda-vuelta-keiko-fujimori-y-roberto-sanchez-confrontan-este-domingo-sus-propuestas-sobre-educacion-y-salud-elecciones-peru-2026-noticia/,"Además de propuestas como telemedicina y creación de policlínicos y reforzar programas sociales, continuaron las pullas entre los candidatos Keiko Fujimori y Roberto Sánchez.","Debate presidencial, Keiko Fujimori, Roberto Sánchez, Fuerza Popular, Juntos por el Perú, Elecciones 2026, JNE, Segunda  vuelta"
El Comercio,2026-06-01T21:04:59.32Z,Debate presidencial 2026: así respondieron Keiko Fujimori y Roberto Sánchez a la pregunta: ¿por qué deberían ser elegidos? ,Alexander Villarroel Zurita,https://elcomercio.pe/politica/debate-presidencial-2026-segunda-vuelta-keiko-fujimori-y-roberto-sanchez-responden-porque-deben-ser-elegidos-para-presidente-mensaje-de-cierre-elecciones-peru-2026-noticia/,"La candidata de Fuerza Popular sostuvo que el país enfrenta una disyuntiva entre el “orden o el caos” y evocó la alianza “Castillo-Sánchez-Antauro”. El candidato de Juntos por el Perú, en tanto, llamó a “recuperar la democracia” frente a la “dictadura congresal”. ","Debate presidencial, Keiko Fujimori, Roberto Sánchez, Fuerza Popular, Juntos por el Perú, Elecciones 2026, JNE, Segunda  vuelta"
El Comercio,2026-06-01T21:04:41.701Z,Debate presidencial: Keiko Fujimori indica que pedirá facultades para reforzar a la PNP y Roberto Sánchez asegura que “limpiará” la institución de “malos elementos” ,Erik Rivera,https://elcomercio.pe/politica/debate-presidencial-2026-segunda-vuelta-keiko-fujimori-y-roberto-sanchez-que-plantearon-candidatos-sobre-seguridad-ciudadana-elecciones-peru-2026-noticia/,"Los candidatos presidenciales polemizarán sobre cuatro ejes. Además, señalarán ¿Por qué debe ser elegido presidente del Perú? y responderán preguntas ciudadanas. ","Debate presidencial, Keiko Fujimori, Roberto Sánchez, Fuerza Popular, Juntos por el Perú, Elecciones 2026, JNE, Segunda  vuelta"
El Comercio,2026-06-01T15:38:17.151Z,Debate presidencial: Así se desarrolló la confrontación de propuestas entre Keiko Fujimori y Roberto Sánchez ,Erik Rivera,https://elcomercio.pe/politica/debate-presidencial-jne-2026-en-vivo-keiko-fujimori-y-roberto-sanchez-confrontan-propuestas-de-cara-a-la-segunda-vuelta-de-elecciones-peru-2026-este-domingo-31-de-mayo-noticia/,"Los candidatos presidenciales debatieron sobre “Seguridad ciudadana”, “Fortalecimiento del Estado democrático y derechos humanos”, “Educación y salud” y “Economía, empleo y reducción de la pobreza”.","Keiko Fujimori, Fuerza Popular, Juntos por el Perú, Segunda vuelta, Jurado Nacional de Elecciones, Roberto Sánchez, Elecciones 2026, Elecciones"
El Comercio,2026-06-01T14:39:06.008Z,Luis Miguel Castilla desmiente a Roberto Sánchez sobre Pedro Francke: “Hemos presenciado a un mentiroso compulsivo”,Redacción EC,https://elcomercio.pe/politica/elecciones/luis-miguel-castilla-desmiente-a-roberto-sanchez-sobre-pedro-francke-hemos-visto-a-un-mentiroso-compulsivo-debate-presidencial-keiko-fujimori-ultimas-noticia/,Candidato de Juntos por el Perú dijo durante el debate presidencial que Castilla señaló que “Pedro Francke es el mejor ministro de Economía de los últimos tiempos”.,"Elecciones 2026, Keiko Fujimori, Roberto Sánchez, Fuerza Popular, Luis Miguel Castilla, JNE"
El Comercio,2026-05-31T23:56:45.764Z,Debate presidencial 2026: Cuáles son los temas que abordarán Keiko Fujimori y Roberto Sánchez y en qué orden,Redacción EC,https://elcomercio.pe/politica/debate-presidencial-jne-2026-cuales-seran-los-temas-que-veran-keiko-fujimori-y-roberto-sanchez-este-31-de-mayo-rumbo-a-la-segunda-vuelta-de-las-elecciones-peru-2026-noticia/,"Los candidatos de Fuerza Popular y Juntos por el Perú confrontarán sus propuestas desde 8 de la noche, en el Centro de Convenciones de Lima, en San Borja.","Debate presidencial, JNE, Keiko Fujimori, Roberto Sánchez, Elecciones 2026"
El Comercio,2026-05-29T13:41:54.657Z,Debate presidencial: todo lo que debes saber sobre el encuentro entre Keiko Fujimori y Roberto Sánchez de este domingo,Redacción EC,https://elcomercio.pe/politica/debate-presidencial-jne-2026-keiko-fujimori-y-roberto-sanchez-todo-lo-que-debes-saber-temas-hora-orden-de-participacion-y-demas-detalles-del-encuentro-de-este-domingo-31-de-mayo-noticia/,"Los candidatos de Fuerza Popular y Juntos por el Perú confrontarán sus propuestas desde 8 de la noche, en el Centro de Convenciones de Lima, en San Borja.","Debate presidencial, JNE, Keiko Fujimori, Roberto Sánchez, Elecciones 2026"
El Comercio,2026-05-25T14:13:17.403Z,"Francke, de Juntos por el Perú, dice que respetarán una política macroeconómica estable y pedirán a Julio Velarde que siga en su puesto",Claudia Inga Martínez,https://elcomercio.pe/politica/debate-tecnico-juntos-por-el-peru-presenta-este-domingo-sus-propuestas-sobre-economia-y-generacion-de-empleo-noticia/,"Para el eje denominado economía y generación de empleo, el partido del candidato Roberto Sánchez llevó como representante al economista Pedro Francke. Conoce las propuestas que anunció y los detalles del debate.","juntos por el Perú, roberto sánchez, keiko fujimori, fuerza popular, elecciones 2026, generación de empleo, economía, debate técnico"
El Comercio,2026-05-25T04:40:41.025Z,Fuerza Popular plantea “poner orden” en el sistema de salud durante debate técnico en el JNE,Redacción EC,https://elcomercio.pe/politica/debate-de-equipos-tecnicos-jne-en-vivo-hoy-24-de-mayo-fuerza-popular-juntos-por-el-peru-salud-segunda-vuelta-elecciones-2026-keiko-fujimori-roberto-sanchez-noticia-2/,"Integrante del equipo técnico de Keiko Fujimori cuestionó la situación de EsSalud, la infraestructura hospitalaria y el incremento de la anemia infantil","Keiko Fujimori, Roberto Sánchez, Juntos por el Perú, Fuerza Popular, Elecciones, JNE, Debate Técnico"
El Comercio,2026-05-25T04:32:02.803Z,"Luis Carranza, de Fuerza Popular: “Apostar por la inversión pública y regresar al déficit fiscal de 1%, esa es la apuesta”",Claudia Inga Martínez,https://elcomercio.pe/politica/elecciones/debate-tecnico-fuerza-popular-presenta-este-domingo-sus-propuestas-sobre-economia-y-generacion-de-empleo-noticia/,"Para el eje denominado economía y generación de empleo, el partido de la candidata Keiko Fujimori llevó como representante al economista Luis Carranza.  Conoce las propuestas que anunció y los detalles del debate.","jne, debate técnico, fuerza popular, juntos por el perú, keiko fujimori, roberto sánchez, elecciones 2026"
El Comercio,2026-05-25T04:14:30.593Z,"Neuhaus, de Fuerza Popular:  “Un país moderno no se mide por lo que anuncia, sino por lo que entrega y por sus resultados”",Redacción EC,https://elcomercio.pe/politica/elecciones/debate-de-equipos-tecnicos-jne-en-vivo-hoy-24-de-mayo-expertos-de-fuerza-popular-y-juntos-por-el-peru-rumbo-a-la-segunda-vuelta-de-elecciones-2026-keiko-fujimori-roberto-sanchez-ultimas-noticia/,El miembro del equipo técnico de Keiko Fujimori destacó la importancia de tener infraestructura de prevención ante el fenómeno ‘El Niño’ y un eventual sismo en la costa central del país.,"Elecciones 2026, Debate Técnico, JNE, Roberto Sánchez, Fuerza Popular, Keiko Fujimori"
El Comercio,2026-05-25T04:13:51.528Z,Guerra García de Juntos por el Perú: “Nuestra prioridad van a ser las conexiones que unirán los puertos de Chancay y el Callao con Pucallpa”,Redacción EC,https://elcomercio.pe/politica/elecciones/debate-de-equipos-tecnicos-jne-en-vivo-hoy-24-de-mayo-expertos-de-fuerza-popular-y-juntos-por-el-peru-rumbo-a-la-segunda-vuelta-de-elecciones-2026-keiko-fujimori-roberto-sanchez-ultimasa-noticia/,"El miembro del equipo técnico de Roberto Sánchez también se encargó de resaltar algunas cifras alcanzadas durante el Gobierno de Pedro Castillo, cuando asumió como viceministro de Hacienda (2021-2022).","JNE, Keiko Fujimori, Roberto Sánchez, Elecciones 2026, Fuerza Popular, Juntos por el Perú"
El Comercio,2026-05-25T03:53:24.566Z,Debate de equipos técnicos: Juntos por el Perú plantea un “banco de desarrollo agropecuario” y reformar el Midagri,Alexander Villarroel Zurita,https://elcomercio.pe/politica/debate-de-equipos-tecnicos-jne-en-vivo-hoy-24-de-mayo-juntos-por-el-peru-agricultura-y-medio-ambiente-segunda-vuelta-elecciones-2026-keiko-fujimori-roberto-sanchez-noticia/,"La agrupación del candidato Roberto Sánchez designó como su representante a César Guarniz Vigo, quien postuló en estas elecciones con País para Todos.","Keiko Fujimori, Roberto Sánchez, Juntos por el Perú, Fuerza Popular, Elecciones, JNE, Debate técnico"
El Comercio,2026-05-25T03:30:36.633Z,"Debate de equipos técnicos: Sinesio López, de Juntos por el Perú, afirma que “vivimos en un régimen parlamentarista”",Alexander Villarroel Zurita,https://elcomercio.pe/politica/debate-de-equipos-tecnicos-jne-en-vivo-hoy-24-de-mayo-juntos-por-el-peru-reforma-del-estado-segunda-vuelta-de-elecciones-2026-keiko-fujimori-roberto-sanchez-noticia/,"Para el eje denominado reforma del Estado, el partido del candidato Roberto Sánchez llevó como representante al sociólogo Sinesio López Jiménez.","Keiko Fujimori, Roberto Sánchez, Juntos por el Perú, Fuerza Popular, Elecciones, JNE, Debate técnico"
El Comercio,2026-05-25T03:15:07.166Z,Fuerza Popular presenta sus propuestas sobre agricultura y medio ambiente: “Nuestro plan representa la presencia del Estado en el campo”,Martín Calderón,https://elcomercio.pe/politica/debate-de-equipos-tecnicos-jne-en-vivo-hoy-24-de-mayo-fuerza-popular-agricultura-y-medio-ambiente-segunda-vuelta-de-elecciones-2026-keiko-fujimori-roberto-sanchez-noticia-2/,"En el debate técnico, el partido de Keiko Fujimori cuestionó la gestión de Pedro Castillo, el aliado de Roberto Sánchez, en el sector agrario.","Keiko Fujimori, Roberto Sánchez, Juntos por el Perú, Fuerza Popular, Elecciones, JNE, Debate técnico"
El Comercio,2026-05-25T02:48:41.992Z,Debate de equipos técnicos: Juntos por el Perú plantea ampliar becas del Estado a 30 mil jóvenes,Erik Rivera,https://elcomercio.pe/politica/debate-de-equipos-tecnicos-jne-en-vivo-hoy-24-de-mayo-juntos-por-el-peru-juventud-y-deporte-segunda-vuelta-de-elecciones-2026-keiko-fujimori-roberto-sanchez-noticia/,"Para el eje sobre juventud y deporte, el partido de Roberto Sánchez designó a Ernesto Zunini.","Keiko Fujimori, Roberto Sánchez, Juntos por el Perú, Fuerza Popular, Elecciones, JNE, Debate técnico"
El Comercio,2026-05-25T02:47:59.279Z,Debate de equipos técnicos: Fuerza Popular propone que “el IPD pase a manos de la PCM”,Erik Rivera,https://elcomercio.pe/politica/fuerza-popular-debate-de-equipos-tecnicos-jne-en-vivo-hoy-24-de-mayo-juventud-y-deporte-segunda-vuelta-de-elecciones-2026-keiko-fujimori-roberto-sanchez-noticia/,Fuerza Popular designó a Rosangella Barbarán como representante del partido para debatir en materia de Juventud y Deporte ,"Keiko Fujimori, Roberto Sánchez, Juntos por el Perú, Fuerza Popular, Elecciones, JNE, Debate técnico"
El Comercio,2026-05-25T02:20:43.746Z,Fuerza Popular presenta sus propuestas sobre reforma del Estado: “Tenemos que elegir entre el caos y el orden”,Martín Calderón,https://elcomercio.pe/politica/fuerza-popular-debate-de-equipos-tecnicos-jne-en-vivo-hoy-24-de-mayo-reforma-del-estado-segunda-vuelta-de-elecciones-2026-keiko-fujimori-roberto-sanchez-noticia/,"En el debate técnico de este domingo 24 de mayo, el fujimorismo prometió que el Ejecutivo articulará todos los niveles del Estado.","Keiko Fujimori, Roberto Sánchez, Juntos por el Perú, Fuerza Popular, Elecciones, JNE, Debate técnico"
El Comercio,2026-05-24T19:45:23.608Z,Encuesta de Datum le da 39.5% de intención de voto a Keiko Fujimori y 36.1% a Roberto Sánchez en segunda vuelta,Redacción EC,https://elcomercio.pe/politica/elecciones/encuesta-de-datum-le-da-395-de-intencion-de-voto-a-keiko-fujimori-y-361-a-roberto-sanchez-en-segunda-vuelta-ultimas-noticia/,El sondeo de Datum Internacional para América Multimedia fue realizado entre los días 17 al 20 de mayo.,"Encuesta, Segunda vuelta, Elecciones 2026, Keiko Fujiimori, Roberto Sánchez"
El Comercio,2026-05-17T15:23:37.759Z,JNE proclama que los candidatos Keiko Fujimori y Roberto Sanchez pasan a la segunda vuelta presidencial,Sebastian Ortiz Martínez,https://elcomercio.pe/politica/jne-en-vivo-keiko-fujimori-y-roberto-sanchez-pasan-a-la-segunda-vuelta-presidencial-de-las-elecciones-peru-2026-noticia/,"El balotaje se realizará el 7 de junio. Keiko Fujimori (Fuerza Popular) obtuvo el 17,192% de los votos válidos, mientras que Roberto Sánchez (Juntos por el Perú) el 12,039%. ","Keiko Fujimori, Roberto Sánchez, Elecciones, JNE, Rafael López Aliaga"
El Comercio,2026-05-17T13:33:48Z,JNE proclama que Keiko Fujimori y Roberto Sánchez disputarán segunda vuelta electoral el 7 de junio ,Redacción EC,https://elcomercio.pe/elecciones/segunda-vuelta-elecciones-2026-en-vivo-jne-anuncia-que-candidatos-pasan-al-balotaje-del-7-de-junio-keiko-fujimori-roberto-sanchez-lbposting-noticia/,Este domingo se dio a conocer a las fórmulas presidenciales que disputarán el balotaje presidencial del 7 de junio. ,"Segunda vuelta 2026, Elecciones 2026, Roberto Sánchez, Keiko Fujimori, Jurado Nacional de Elecciones"
El Comercio,2026-05-16T02:41:32.186Z,Elecciones 2026: ONPE culmina conteo de votos de la primera vuelta presidencial al 100% de actas,Redacción EC,https://elcomercio.pe/politica/elecciones-2026-resultados-onpe-100-culmina-conteo-de-votos-rumbo-a-la-segunda-vuelta-presidencial-en-el-peru-entre-keiko-fujimori-roberto-sanchez-o-rafael-lopez-aliaga-noticia/,El JNE anunció que este domingo 17 proclamará los resultados de la elección presidencial y por ende se conocerá oficialmente las fórmulas que pasan a la segunda vuelta.,"Elecciones 2026, ONPE, Keiko Fujimori, Roberto Sánchez, Rafael López Aliaga, Elecciones"
El Comercio,2026-04-22T19:41:29.757Z,José María Balcázar “da por concluido” nombramiento de ministro de Defensa en medio de discrepancias en compra de aeronaves militares,Redacción EC,https://elcomercio.pe/politica/gobierno/ministro-de-defensa-carlos-alberto-diaz-danino-presenta-renuncia-irrevocable-por-discrepancias-en-compra-de-aeronaves-militares-ultimas-noticia/,"Por la mañana, casi al mismo tiempo se conoció carta de renuncia del ministro y oficio del presidente José María Balcázar donde “da por concluida designación” de Diaz Dañino como titular de Defensa.","Carlos Alberto Díaz Dañino, Ministerio de Defensa, José María Balcázar"
El Comercio,2026-04-22T14:58:35.315Z,Hugo de Zela renuncia a la Cancillería por caso de aviones F-16  ,Redacción EC,https://elcomercio.pe/politica/gobierno/canciller-hugo-de-zela-renuncia-al-cargo-por-discrepancias-en-compra-de-aviones-f-16-a-estados-unidos-ultimas-noticia/,El hasta hoy titular de Relaciones Exteriores hizo oficial su decisión a través de una carta dirigida al presidente José María Balcázar. ,"Hugo de Zela, Aviones F-16, José María Balcázar, Cancillería"
El Comercio,2026-04-20T16:53:41.113Z,Jurados Electorales Especiales inician este lunes audiencias públicas de recuento de votos,Redacción EC,https://elcomercio.pe/politica/elecciones/elecciones-2026-en-vivo-jee-inician-audiencias-publicas-de-recuento-de-votos-jne-jurados-electorales-especiales-noticia/,"La jornada de este lunes 20 de abril incluye audiencias en el JEE Chanchamayo desde las 8:00 a.m. para mesas de Pichanaqui, Satipo, Río Tambo y Río Negro en Junín. ","JEE, JNE, Elecciones 2026, Recuento de votos"
El Comercio,2026-04-17T21:03:58.302Z,¿Conoces de irregularidades en las elecciones generales? Envíanos tu denuncia,Redacción EC,https://elcomercio.pe/politica/elecciones/elecciones-2026-onpe-denuncia-irregularidades-votaciones-jne-denuncia-ciudadana-noticia/,"El proceso electoral del 12 y 13 de abril dejó cuestionamientos por fallas logísticas, mesas no instaladas y ampliaciones extraordinarias. Si fuiste testigo o afectado, comparte tu caso con El Comercio a través de este formulario.","onpe, denuncia, irregularidades, denuncia ciudadana, jne, elecciones 2026, Cédulas, quejas"
El Comercio,2026-04-17T14:07:28.641Z,Elecciones 2026: Denuncian hallazgo de cédulas de votación abandonadas en Surquillo,Redacción EC,https://elcomercio.pe/politica/denuncian-hallazgo-de-cedulas-de-votacion-abandonadas-en-surquillo-ultimas-noticia/,"El programa de Beto Ortiz reveló el hallazgo, y la jefa de ODPE Surco, Claudia Sandoval, aseguró que se tratan de cuatro cajas que se olvidaron por un “error involuntario”.","ONPE, Surco, Elecciones 2026, ODPE, cédulas de votación"
El Comercio,2026-04-16T16:34:40.538Z,Gabinete ministerial se presentó ante el Congreso en busca del voto de confianza,Redacción EC,https://elcomercio.pe/politica/voto-de-confianza-en-vivo-gabinete-ministerial-de-luis-arroyo-ante-el-congreso-para-pedir-el-respaldo-de-los-parlamentarios-video-noticia/,"De no obtener el respaldo del Parlamento, el presidente del Consejo de Ministros debe presentar su renuncia y el mandatario debe nombrar a un nuevo equipo.","Voto de Confianza, Luis Arroyo, Congreso, José María Balcázar"
El Comercio,2026-04-16T15:05:00Z,Elecciones Perú 2026: Resultados de la ONPE en Ucayali,Redacción EC,https://elcomercio.pe/politica/elecciones/resultados-elecciones-peru-2026-en-ucayali-conteo-oficial-onpe-de-comicios-presidenciales-noticia/,Conoce en esta nota los resultados ONPE en Ucayali de los comicios generales del domingo 12 de abril,"Elecciones 2026, ONPE, Ucayali, Presidente, Resultados"
El Comercio,2026-04-16T15:00:00Z,Elecciones Perú 2026: Resultados de la ONPE en Tumbes,Redacción EC,https://elcomercio.pe/politica/elecciones/resultados-elecciones-peru-2026-en-tumbes-conteo-oficial-onpe-de-comicios-presidenciales-noticia/,Conoce en esta nota los resultados ONPE en Tumbes de los comicios generales del domingo 12 de abril,"Elecciones 2026, ONPE, Tumbes, Presidente, Resultados"
El Comercio,2026-04-16T14:55:00Z,Elecciones Perú 2026: Resultados de la ONPE en Tacna,Redacción EC,https://elcomercio.pe/politica/elecciones/resultados-elecciones-peru-2026-en-tacna-conteo-oficial-onpe-de-comicios-presidenciales-noticia/,Conoce en esta nota los resultados ONPE en Tacna de los comicios generales del domingo 12 de abril,"Elecciones 2026, ONPE, Tacna, Presidente, Resultados"
El Comercio,2026-04-16T14:50:00Z,Elecciones Perú 2026: Resultados de la ONPE en San Martín,Redacción EC,https://elcomercio.pe/politica/elecciones/resultados-elecciones-peru-2026-en-san-martin-conteo-oficial-onpe-de-comicios-presidenciales-noticia/,Conoce en esta nota los resultados ONPE en San Martín de los comicios generales del domingo 12 de abril,"Elecciones 2026, ONPE, San Martín, Presidente, Resultados"
El Comercio,2026-04-16T14:45:00Z,Elecciones Perú 2026: Resultados de la ONPE en Puno,Redacción EC,https://elcomercio.pe/politica/elecciones/resultados-elecciones-peru-2026-en-puno-conteo-oficial-onpe-de-comicios-presidenciales-noticia/,Conoce en esta nota los resultados ONPE en Puno de los comicios generales del domingo 12 de abril,"Elecciones 2026, ONPE, Puno, Presidente, Resultados"
El Comercio,2026-04-16T14:40:00Z,Elecciones Perú 2026: Resultados de la ONPE en Piura,Redacción EC,https://elcomercio.pe/politica/elecciones/resultados-elecciones-peru-2026-en-piura-conteo-oficial-onpe-de-comicios-presidenciales-noticia/,Conoce en esta nota los resultados ONPE en Piura de los comicios generales del domingo 12 de abril,"Elecciones 2026, ONPE, Piura, Presidente, Resultados"
El Comercio,2026-04-16T14:35:00Z,Elecciones Perú 2026: Resultados de la ONPE en Pasco,Redacción EC,https://elcomercio.pe/politica/elecciones/resultados-elecciones-peru-2026-en-pasco-conteo-oficial-onpe-de-comicios-presidenciales-noticia/,Conoce en esta nota los resultados ONPE en Pasco de los comicios generales del domingo 12 de abril,"Elecciones 2026, ONPE, Pasco, Presidente, Resultados"
El Comercio,2026-04-16T14:30:00Z,Elecciones Perú 2026: Resultados de la ONPE en Moquegua,Redacción EC,https://elcomercio.pe/politica/elecciones/resultados-elecciones-peru-2026-en-moquegua-conteo-oficial-onpe-de-comicios-presidenciales-noticia/,Conoce en esta nota los resultados ONPE en Moquegua de los comicios generales del domingo 12 de abril,"Elecciones 2026, ONPE, Moquegua, Presidente, Resultados"
El Comercio,2026-04-16T14:25:00Z,Elecciones Perú 2026: Resultados de la ONPE en Madre de Dios,Redacción EC,https://elcomercio.pe/politica/elecciones/resultados-elecciones-peru-2026-en-madre-de-dios-conteo-oficial-onpe-de-comicios-presidenciales-noticia/,Conoce en esta nota los resultados ONPE en Madre de Dios de los comicios generales del domingo 12 de abril,"Elecciones 2026, ONPE, Madre de Dios, Presidente, Resultados"
El Comercio,2026-04-16T14:20:00Z,Elecciones Perú 2026: Resultados de la ONPE en Loreto,Redacción EC,https://elcomercio.pe/politica/elecciones/resultados-elecciones-peru-2026-en-loreto-conteo-oficial-onpe-de-comicios-presidenciales-noticia/,Conoce en esta nota los resultados ONPE en Loreto de los comicios generales del domingo 12 de abril,"Elecciones 2026, ONPE, Loreto, Presidente, Resultados"
El Comercio,2026-04-16T14:15:00Z,Elecciones Perú 2026: Resultados de la ONPE en Lima,Redacción EC,https://elcomercio.pe/politica/elecciones/resultados-elecciones-peru-2026-en-lima-conteo-oficial-onpe-de-comicios-presidenciales-noticia/,Conoce en esta nota los resultados ONPE en Lima de los comicios generales del domingo 12 de abril,"Elecciones 2026, ONPE, Lima, Presidente, Resultados"
El Comercio,2026-04-16T14:10:00Z,Elecciones Perú 2026: Resultados de la ONPE en Lambayeque,Redacción EC,https://elcomercio.pe/politica/elecciones/resultados-elecciones-peru-2026-en-lambayeque-conteo-oficial-onpe-de-comicios-presidenciales-noticia/,Conoce en esta nota los resultados ONPE en Lambayeque de los comicios generales del domingo 12 de abril,"Elecciones 2026, ONPE, Lambayeque, Presidente, Resultados"
El Comercio,2026-04-16T14:05:00Z,Elecciones Perú 2026: Resultados de la ONPE en La Libertad,Redacción EC,https://elcomercio.pe/politica/elecciones/resultados-elecciones-peru-2026-en-la-libertad-conteo-oficial-onpe-de-comicios-presidenciales-noticia/,Conoce en esta nota los resultados ONPE en La Libertad de los comicios generales del domingo 12 de abril,"Elecciones 2026, ONPE, La Libertad, Presidente, Resultados"
El Comercio,2026-04-16T14:00:00Z,Elecciones Perú 2026: Resultados de la ONPE en Junín,Redacción EC,https://elcomercio.pe/politica/elecciones/resultados-elecciones-peru-2026-en-junin-conteo-oficial-onpe-de-comicios-presidenciales-noticia/,Conoce en esta nota los resultados ONPE en Junín de los comicios generales del domingo 12 de abril,"Elecciones 2026, ONPE, Junín, Presidente, Resultados"
El Comercio,2026-04-16T13:55:00Z,Elecciones Perú 2026: Resultados de la ONPE en Ica,Redacción EC,https://elcomercio.pe/politica/elecciones/resultados-elecciones-peru-2026-en-ica-conteo-oficial-onpe-de-comicios-presidenciales-noticia/,Conoce en esta nota los resultados ONPE en Ica de los comicios generales del domingo 12 de abril,"Elecciones 2026, ONPE, Ica, Presidente, Resultados"
El Comercio,2026-04-16T13:50:00Z,Elecciones Perú 2026: Resultados de la ONPE en Huánuco,Redacción EC,https://elcomercio.pe/politica/elecciones/resultados-elecciones-peru-2026-en-huanuco-conteo-oficial-onpe-de-comicios-presidenciales-noticia/,Conoce en esta nota los resultados ONPE en Huánuco de los comicios generales del domingo 12 de abril,"Elecciones 2026, ONPE, Huánuco, Presidente, Resultados"
El Comercio,2026-04-16T13:45:00Z,Elecciones Perú 2026: Resultados de la ONPE en Huancavelica,Redacción EC,https://elcomercio.pe/politica/elecciones/resultados-elecciones-peru-2026-en-huancavelica-conteo-oficial-onpe-de-comicios-presidenciales-noticia/,Conoce en esta nota los resultados ONPE en Huancavelica de los comicios generales del domingo 12 de abril,"Elecciones 2026, ONPE, Huancavelica, Presidente, Resultados"
El Comercio,2026-04-16T13:40:00Z,Elecciones Perú 2026: Resultados de la ONPE en Cusco,Redacción EC,https://elcomercio.pe/politica/elecciones/resultados-elecciones-peru-2026-en-cusco-conteo-oficial-onpe-de-comicios-presidenciales-noticia/,Conoce en esta nota los resultados ONPE en Cusco de los comicios generales del domingo 12 de abril,"Elecciones 2026, ONPE, Cusco, Presidente, Resultados"
El Comercio,2026-04-16T13:35:00Z,Elecciones Perú 2026: Resultados de la ONPE en Callao,Redacción EC,https://elcomercio.pe/politica/elecciones/resultados-elecciones-peru-2026-en-callao-conteo-oficial-onpe-de-comicios-presidenciales-noticia/,Conoce en esta nota los resultados ONPE en Callao de los comicios generales del domingo 12 de abril,"Elecciones 2026, ONPE, Callao, Presidente, Resultados"
El Comercio,2026-04-16T13:30:00Z,Elecciones Perú 2026: Resultados de la ONPE en Cajamarca,Redacción EC,https://elcomercio.pe/politica/elecciones/resultados-elecciones-peru-2026-en-cajamarca-conteo-oficial-onpe-de-comicios-presidenciales-noticia/,Conoce en esta nota los resultados ONPE en Cajamarca de los comicios generales del domingo 12 de abril,"Elecciones 2026, ONPE, Cajamarca, Presidente, Resultados"
El Comercio,2026-04-16T13:25:00Z,Elecciones Perú 2026: Resultados de la ONPE en Ayacucho,Redacción EC,https://elcomercio.pe/politica/elecciones/resultados-elecciones-peru-2026-en-ayacucho-conteo-oficial-onpe-de-comicios-presidenciales-noticia/,Conoce en esta nota los resultados ONPE en Ayacucho de los comicios generales del domingo 12 de abril,"Elecciones 2026, ONPE, Ayacucho, Presidente, Resultados"
El Comercio,2026-04-16T13:20:00Z,Elecciones Perú 2026: Resultados de la ONPE en Arequipa,Redacción EC,https://elcomercio.pe/politica/elecciones/resultados-elecciones-peru-2026-en-arequipa-conteo-oficial-onpe-de-comicios-presidenciales-noticia/,Conoce en esta nota los resultados ONPE en Arequipa de los comicios generales del domingo 12 de abril,"Elecciones 2026, ONPE, Arequipa, Presidente, Resultados"
El Comercio,2026-04-16T13:15:00Z,Elecciones Perú 2026: Resultados de la ONPE en Apurímac,Redacción EC,https://elcomercio.pe/politica/elecciones/resultados-elecciones-peru-2026-en-apurimac-conteo-oficial-onpe-de-comicios-presidenciales-noticia/,Conoce en esta nota los resultados ONPE en Apurímac de los comicios generales del domingo 12 de abril,"Elecciones 2026, ONPE, Apurímac, Presidente, Resultados"
El Comercio,2026-04-16T13:10:00Z,Elecciones Perú 2026: Resultados de la ONPE en Áncash,Redacción EC,https://elcomercio.pe/politica/elecciones/resultados-elecciones-peru-2026-en-ancash-conteo-oficial-onpe-de-comicios-presidenciales-noticia/,Conoce en esta nota los resultados ONPE en Áncash de los comicios generales del domingo 12 de abril,"Elecciones 2026, ONPE, Áncash, Presidente, Resultados"
El Comercio,2026-04-16T13:05:00Z,Elecciones Perú 2026: Resultados de la ONPE en Amazonas,Redacción EC,https://elcomercio.pe/politica/elecciones/resultados-elecciones-peru-2026-en-amazonas-conteo-oficial-onpe-de-comicios-presidenciales-noticia/,Conoce en esta nota los resultados ONPE en Amazonas de los comicios generales del domingo 12 de abril,"Elecciones 2026, ONPE, Amazonas, Presidente, Resultados"
El Comercio,2026-04-16T13:05:00Z,Resultados Elecciones Perú 2026: Conteo oficial ONPE y quién pasa a la segunda vuelta,Redacción EC,https://elcomercio.pe/politica/elecciones/resultados-elecciones-peru-2026-en-vivo-conteo-onpe-flash-y-quien-gana-las-elecciones-presidenciales-diputados-y-senadores-elecciones-generales-noticia/,Conoce en esta nota los resultados ONPE de los comicios generales el 12 de abril.,"Elecciones 2026, ONPE, Resultados, Presidente, Segunda vuelta"
El Comercio,2026-04-15T03:08:52Z,Resultados ONPE al 82.80%: revisa conteo de votos y reportes oficiales de las Elecciones en el Perú  ,Redacción EC,https://elcomercio.pe/elecciones/resultados-onpe-en-vivo-conteo-de-votos-y-reportes-oficiales-de-las-elecciones-peru-2026-para-presidente-diputados-senadores-y-parlamento-andino-lbposting-noticia/,"Conoce en tiempo real los resultados oficiales de la ONPE en el marco de las Elecciones Generales 2026 para presidente, senadores, diputados y Parlamento Andino. ","Elecciones, Elecciones 2026, ONPE, Resultados ONPE, JNE"
El Comercio,2026-04-15T00:14:42.625Z,Rafael López Aliaga: “Vamos a pedir nuevas elecciones” y  “tienen 24 horas para declarar la nulidad”,Redacción EC,https://elcomercio.pe/elecciones/elecciones-2026-rafael-lopez-aliaga-afirma-que-piero-corvetto-ha-hecho-un-destrozo-electoral-y-senala-que-tiene-pruebas-en-curso-del-sabotaje-a-la-voluntad-popular-ultimas-noticia/,"El candidato de Renovación Popular denunció presuntas irregularidades en las Elecciones 2026, responsabilizó a Piero Corvetto y aseguró tener pruebas de un supuesto sabotaje electoral. ","Rafael López Aliaga, Elecciones Generales 2026, Renovación Popular, ONPE"
El Comercio,2026-04-14T16:24:16.51Z,Elecciones 2026: así se desarrollaron los comicios generales en el Perú ,Sebastian Ortiz Martínez,https://elcomercio.pe/elecciones/elecciones-2026-en-vivo-hoy-12-de-abril-ultimas-noticias-incidencias-resultados-y-proyeccion-de-segunda-vuelta-electoral-lbposting-noticia/,Sigue en esta nota las incidencias de las jornadas electorales del domingo 12 y lunes 13 de abril. ,"Elecciones 2026, Elecciones en Perú, ONPE, JNE, Perú"
El Comercio,2026-04-14T00:01:59.898Z,Así informaron los medios internacionales sobre las Elecciones 2026 en Perú | FOTOS ,Redacción EC,https://elcomercio.pe/politica/elecciones-2026-asi-informaron-los-medios-internacionales-sobre-los-comicios-en-peru-fotos-ultimas-noticia/,Medios destacan una contienda ajustada con miras a una eventual segunda vuelta presidencial.,"Elecciones 2026, ONPE, JNE"
El Comercio,2026-04-13T20:30:40.342Z,"Conteo rápido de Datum para América Televisión: Keiko Fujimori 16,8%,  Rafael López Aliaga 12,9% y Jorge Nieto 11,6%",Martín Calderón,https://elcomercio.pe/politica/conteo-rapido-segun-datum-sigue-en-vivo-aqui-los-resultados-a-boca-de-urna-de-las-elecciones-presidenciales-peru-2026-este-12-de-abril-noticia/,"Ricardo Belmont (Partido Cívico Obras) obtuvo 10,1% de los votos, mientras que Roberto Sánchez (Juntos por el Perú) alcanzó 9,4%, de acuerdo con el conteo rápido.","Conteo rápido, Boca de urna, Resultado electoral, Elecciones 2026, Datun"
El Comercio,2026-04-13T17:46:54.027Z,Elecciones 2026: ONPE y JNE reanudan votación en Manchay tras retrasos en entrega de material electoral | FOTOS ,Redacción EC,https://elcomercio.pe/elecciones/elecciones-2026-onpe-y-jne-reanudan-votacion-en-manchay-tras-retrasos-en-entrega-de-material-electoral-fotos-ultimas-noticia/,Más de 50 mil electores de 13 colegios en Lima Metropolitana podrán sufragar tras la ampliación excepcional.,"Elecciones 2026, ONPE, JNE, Material electoral"
El Comercio,2026-04-13T14:31:25.521Z,¿Qué pasó con Ricardo Belmont?: el candidato no fue a votar y no realizó el tradicional desayuno electoral,Martín León Espinosa,https://elcomercio.pe/politica/elecciones/ricardo-belmont-que-paso-con-el-candidato-presidencial-el-dia-de-la-votacion-no-fue-a-sufragar-y-no-realizo-el-tradicional-desayuno-electoral-noticia/,"La mesa donde debía sufragar, en Chorrillos, cerró sin que el postulante de Obras llegara. Recién dejó su domicilio tras culminar el plazo de la votación. En la noche afirmó que no votó porque es “consecuente” y dijo que “el 30 % no ha podido votar”.","Elecciones 2026, Elecciones, Candidatos presidenciales 2026, Ricardo Belmont, Partido Cívico Obras"
El Comercio,2026-04-13T01:56:06.281Z,Elecciones Perú 2026: aquí podrás ver los resultados ONPE para diputados en Cajamarca,Redacción EC,https://elcomercio.pe/politica/elecciones/resultados-elecciones-2026-onpe-para-diputados-en-cajamarca-conteo-oficial-y-flash-electoral-en-vivo-de-elecciones-generales-peru-2026-noticia/,Revisa en esta nota los resultados ONPE para diputados en Cajamarca de las Elecciones generales Perú hoy 12 de abril,"Elecciones 2026, ONPE, Cajamarca, Diputados"
El Comercio,2026-04-12T22:59:09.095Z,Elecciones Perú 2026: aquí podrás ver los resultados ONPE para diputados en Tacna,Redacción EC,https://elcomercio.pe/politica/elecciones/resultados-elecciones-2026-onpe-para-diputados-en-tacna-conteo-oficial-y-flash-electoral-en-vivo-de-elecciones-generales-peru-2026-noticia/,Revisa en esta nota los resultados ONPE para diputados en Tacna de las Elecciones generales Perú hoy 12 de abril,"Elecciones 2026, ONPE, Tacna, Diputados"
El Comercio,2026-04-12T22:46:45.947Z,"Flash electoral a boca de urna de Datum: Keiko Fujimori con 16,5% y Rafael López Aliaga con 12,8% ",Redacción EC,https://elcomercio.pe/elecciones/flash-electoral-elecciones-peru-2026-en-vivo-resultados-de-boca-de-urna-y-conteo-rapido-de-datum-este-12-de-abril-ultimas-noticia/,"La candidata presidencial de Fuerza Popular obtiene el 16,5%de los votos, mientras que el aspirante de Renovación Popular consigue el 12,8% de las adhesiones. ","Flash electoral, Elecciones 2026, Datum, Boca de urna, Flash electoral 2026"
El Comercio,2026-04-12T22:40:30.135Z,Elecciones Perú 2026: Resultados de la ONPE de Amazonas y conteo oficial de votos en vivo,Redacción EC,https://elcomercio.pe/politica/elecciones/resultados-elecciones-peru-2026-conteo-oficial-onpe-en-amazonas-y-flash-electoral-en-vivo-de-elecciones-generales-peru-2026-noticia/,Conoce en esta nota los resultados y conteo oficial ONPE en Amazonas de los comicios generales hoy 12 de abril,"Elecciones 2026, ONPE, Amazonas, Presidente"
El Comercio,2026-04-12T22:27:13.615Z,Elecciones Perú 2026: Resultados de la ONPE de Ica y conteo oficial de votos en vivo,Redacción EC,https://elcomercio.pe/politica/elecciones/resultados-elecciones-peru-2026-conteo-oficial-onpe-en-ica-y-flash-electoral-en-vivo-de-elecciones-generales-noticia/,Conoce en esta nota los resultados y conteo oficial ONPE en Ica de los comicios generales hoy 12 de abril,"Elecciones 2026, ONPE, Ica, Presidente"
El Comercio,2026-04-12T22:26:56.1Z,Elecciones Perú 2026: aquí podrás ver los resultados ONPE para diputados en Pasco,Redacción EC,https://elcomercio.pe/politica/elecciones/resultados-elecciones-2026-onpe-para-diputados-en-pasco-conteo-oficial-y-flash-electoral-en-vivo-de-elecciones-generales-noticia/,Revisa en esta nota los resultados ONPE para diputados en Pasco de las Elecciones generales Perú hoy 12 de abril,"Elecciones 2026, ONPE, Pasco, Diputados"
El Comercio,2026-04-12T22:26:39.893Z,Elecciones Perú 2026: aquí podrás ver los resultados ONPE para diputados en Lima,Redacción EC,https://elcomercio.pe/politica/elecciones/resultados-elecciones-2026-onpe-para-diputados-en-lima-conteo-oficial-y-flash-electoral-en-vivo-de-elecciones-generales-noticia/,Revisa en esta nota los resultados ONPE para diputados en Lima de las Elecciones generales Perú hoy 12 de abril,"Elecciones 2026, ONPE, Lima, Diputados"
El Comercio,2026-04-12T22:26:24.133Z,Elecciones Perú 2026: aquí podrás ver los resultados ONPE para diputados en Madre de Dios,Redacción EC,https://elcomercio.pe/politica/elecciones/resultados-elecciones-2026-onpe-para-diputados-en-madre-de-dios-conteo-oficial-y-flash-electoral-en-vivo-de-elecciones-generales-noticia/,Revisa en esta nota los resultados ONPE para diputados en Madre de Dios de las Elecciones generales Perú hoy 12 de abril,"Elecciones 2026, ONPE, Madre de Dios, Diputados"
El Comercio,2026-04-12T22:26:05.929Z,Elecciones Perú 2026: Resultados de la ONPE de Tumbes y conteo oficial de votos en vivo,Redacción EC,https://elcomercio.pe/politica/elecciones/resultados-elecciones-peru-2026-conteo-oficial-onpe-en-tumbes-y-flash-electoral-en-vivo-de-elecciones-generales-noticia/,Conoce en esta nota los resultados y conteo oficial ONPE en Tumbes de los comicios generales hoy 12 de abril,"Elecciones 2026, ONPE, Tumbes, Presidente"
El Comercio,2026-04-12T22:25:47.139Z,Elecciones Perú 2026: Resultados de la ONPE de Tacna y conteo oficial de votos en vivo,Redacción EC,https://elcomercio.pe/politica/elecciones/resultados-elecciones-peru-2026-conteo-oficial-onpe-en-tacna-y-flash-electoral-en-vivo-de-elecciones-generales-noticia/,Conoce en esta nota los resultados y conteo oficial ONPE en Tacna de los comicios generales hoy 12 de abril,"Elecciones 2026, ONPE, Tacna, Presidente"
El Comercio,2026-04-12T22:25:28.261Z,Elecciones Perú 2026: Resultados de la ONPE de Piura y conteo oficial de votos en vivo,Redacción EC,https://elcomercio.pe/politica/elecciones/resultados-elecciones-peru-2026-conteo-oficial-onpe-en-piura-y-flash-electoral-en-vivo-de-elecciones-generales-noticia/,Conoce en esta nota los resultados y conteo oficial ONPE en Piura de los comicios generales hoy 12 de abril,"Elecciones 2026, ONPE, Piura, Presidente"
El Comercio,2026-04-12T22:24:51.975Z,Elecciones Perú 2026: Resultados de la ONPE de Arequipa y conteo oficial de votos en vivo,Redacción EC,https://elcomercio.pe/politica/elecciones/resultados-elecciones-peru-2026-conteo-oficial-onpe-en-arequipa-y-flash-electoral-en-vivo-de-elecciones-generales-noticia/,Conoce en esta nota los resultados y conteo oficial ONPE en Arequipa de los comicios generales hoy 12 de abril,"Elecciones 2026, ONPE, Arequipa, Presidente"
El Comercio,2026-04-12T22:24:39.184Z,Elecciones Perú 2026: Resultados de la ONPE en vivo y conteo oficial de votos,Redacción EC,https://elcomercio.pe/politica/elecciones/resultados-elecciones-peru-2026-conteo-oficial-onpe-y-flash-electoral-en-vivo-de-elecciones-generales-hoy-12-de-abril-presidente-diputados-senadores-noticia/,Conoce en esta nota los resultados ONPE de los comicios generales el 12 de abril en el Perú y el Mundo,"Elecciones 2026, ONPE, Resultados, Presidente"
El Comercio,2026-04-12T22:23:56.573Z,Elecciones Perú 2026: aquí podrás ver los resultados ONPE para diputados en Cusco,Redacción EC,https://elcomercio.pe/politica/elecciones/resultados-elecciones-2026-onpe-para-diputados-en-cusco-conteo-oficial-y-flash-electoral-en-vivo-de-elecciones-generales-noticia/,Revisa en esta nota los resultados ONPE para diputados en Cusco de las Elecciones generales Perú hoy 12 de abril,"Elecciones 2026, ONPE, Cusco, Diputados"
El Comercio,2026-04-12T22:23:41.14Z,Elecciones Perú 2026: Resultados de la ONPE de Cusco y conteo oficial de votos en vivo,Redacción EC,https://elcomercio.pe/politica/elecciones/resultados-elecciones-peru-2026-conteo-oficial-onpe-en-cusco-y-flash-electoral-en-vivo-de-elecciones-generales-noticia/,Conoce en esta nota los resultados y conteo oficial ONPE en Cusco de los comicios generales hoy 12 de abril,"Elecciones 2026, ONPE, Cusco, Presidente"
El Comercio,2026-04-12T22:23:24.827Z,Elecciones Perú 2026: Resultados de la ONPE de La Libertad y conteo oficial de votos en vivo,Redacción EC,https://elcomercio.pe/politica/elecciones/resultados-elecciones-peru-2026-conteo-oficial-onpe-en-la-libertad-y-flash-electoral-en-vivo-de-elecciones-generales-noticia/,Conoce en esta nota los resultados y conteo oficial ONPE en La Libertad de los comicios generales hoy 12 de abril,"Elecciones 2026, ONPE, La Libertad, Presidente"
El Comercio,2026-04-12T22:23:09.268Z,Elecciones Perú 2026: Resultados de la ONPE de Áncash y conteo oficial de votos en vivo,Redacción EC,https://elcomercio.pe/politica/elecciones/resultados-elecciones-peru-2026-conteo-oficial-onpe-en-ancash-y-flash-electoral-en-vivo-de-elecciones-generales-noticia/,Conoce en esta nota los resultados y conteo oficial ONPE en Áncash de los comicios generales hoy 12 de abril,"Elecciones 2026, ONPE, Áncash, Presidente"
El Comercio,2026-04-12T22:22:50.097Z,Elecciones Perú 2026: aquí podrás ver los resultados ONPE para diputados en Huancavelica,Redacción EC,https://elcomercio.pe/politica/elecciones/resultados-elecciones-2026-onpe-para-diputados-en-huancavelica-conteo-oficial-y-flash-electoral-en-vivo-de-elecciones-generales-noticia/,Revisa en esta nota los resultados ONPE para diputados en Huancavelica de las Elecciones generales Perú hoy 12 de abril,"Elecciones 2026, ONPE, Huancavelica, Diputados"
El Comercio,2026-04-12T22:22:31.236Z,Elecciones Perú 2026: aquí podrás ver los resultados ONPE para diputados en Ica,Redacción EC,https://elcomercio.pe/politica/elecciones/resultados-elecciones-2026-onpe-para-diputados-en-ica-conteo-oficial-y-flash-electoral-en-vivo-de-elecciones-generales-noticia/,Revisa en esta nota los resultados ONPE para diputados en Ica de las Elecciones generales Perú hoy 12 de abril,"Elecciones 2026, ONPE, Ica, Diputados"
El Comercio,2026-04-12T22:22:12.797Z,Elecciones Perú 2026: aquí podrás ver los resultados ONPE para diputados en Ucayali,Redacción EC,https://elcomercio.pe/politica/elecciones/resultados-elecciones-2026-onpe-para-diputados-en-ucayali-conteo-oficial-y-flash-electoral-en-vivo-de-elecciones-generales-noticia/,Revisa en esta nota los resultados ONPE para diputados en Ucayali de las Elecciones generales Perú hoy 12 de abril,"Elecciones 2026, ONPE, Ucayali, Diputados"
El Comercio,2026-04-12T22:21:56.18Z,Elecciones Perú 2026: aquí podrás ver los resultados ONPE para diputados en Puno,Redacción EC,https://elcomercio.pe/politica/elecciones/resultados-elecciones-2026-onpe-para-diputados-en-puno-conteo-oficial-y-flash-electoral-en-vivo-de-elecciones-generales-noticia/,Revisa en esta nota los resultados ONPE para diputados en Puno de las Elecciones generales Perú hoy 12 de abril,"Elecciones 2026, ONPE, Puno, Diputados"
El Comercio,2026-04-12T22:21:39.302Z,Elecciones Perú 2026: Resultados de la ONPE de Cajamarca y conteo oficial de votos en vivo,Redacción EC,https://elcomercio.pe/politica/elecciones/resultados-elecciones-peru-2026-conteo-oficial-onpe-en-cajamarca-y-flash-electoral-en-vivo-de-elecciones-generales-noticia/,Conoce en esta nota los resultados y conteo oficial ONPE en Cajamarca de los comicios generales hoy 12 de abril,"Elecciones 2026, ONPE, Cajamarca, Presidente"
El Comercio,2026-04-12T22:20:57.937Z,Elecciones Perú 2026: Resultados de la ONPE de Huánuco y conteo oficial de votos en vivo,Redacción EC,https://elcomercio.pe/politica/elecciones/resultados-elecciones-peru-2026-conteo-oficial-onpe-en-huanuco-y-flash-electoral-en-vivo-de-elecciones-generales-noticia/,Conoce en esta nota los resultados y conteo oficial ONPE en Huánuco de los comicios generales hoy 12 de abril,"Elecciones 2026, ONPE, Huánuco, Presidente"
El Comercio,2026-04-12T22:20:30.644Z,Elecciones Perú 2026: Resultados de la ONPE de Moquegua y conteo oficial de votos en vivo,Redacción EC,https://elcomercio.pe/politica/elecciones/resultados-elecciones-peru-2026-conteo-oficial-onpe-en-moquegua-y-flash-electoral-en-vivo-de-elecciones-generales-noticia/,Conoce en esta nota los resultados y conteo oficial ONPE en Moquegua de los comicios generales hoy 12 de abril,"Elecciones 2026, ONPE, Moquegua, Presidente"
El Comercio,2026-04-12T22:20:18.944Z,Elecciones Perú 2026: aquí podrás ver los resultados ONPE para diputados en Piura,Redacción EC,https://elcomercio.pe/politica/elecciones/resultados-elecciones-2026-onpe-para-diputados-en-piura-conteo-oficial-y-flash-electoral-en-vivo-de-elecciones-generales-noticia/,Revisa en esta nota los resultados ONPE para diputados en Piura de las Elecciones generales Perú hoy 12 de abril,"Elecciones 2026, ONPE, Piura, Diputados"
El Comercio,2026-04-12T22:19:52.458Z,Elecciones Perú 2026: aquí podrás ver los resultados ONPE para diputados en Moquegua,Redacción EC,https://elcomercio.pe/politica/elecciones/resultados-elecciones-2026-onpe-para-diputados-en-moquegua-conteo-oficial-y-flash-electoral-en-vivo-de-elecciones-generales-noticia/,Revisa en esta nota los resultados ONPE para diputados en Moquegua de las Elecciones generales Perú hoy 12 de abril,"Elecciones 2026, ONPE, Moquegua, Diputados"
El Comercio,2026-04-12T22:19:34.775Z,Elecciones Perú 2026: aquí podrás ver los resultados ONPE para diputados en Junín,Redacción EC,https://elcomercio.pe/politica/elecciones/resultados-elecciones-2026-onpe-para-diputados-en-junin-conteo-oficial-y-flash-electoral-en-vivo-de-elecciones-generales-noticia/,Revisa en esta nota los resultados ONPE para diputados en Junín de las Elecciones generales Perú hoy 12 de abril,"Elecciones 2026, ONPE, Junín, Diputados"
El Comercio,2026-04-12T22:18:44.318Z,Elecciones Perú 2026: aquí podrás ver los resultados ONPE para diputados en Amazonas,Redacción EC,https://elcomercio.pe/politica/elecciones/resultados-elecciones-2026-onpe-para-diputados-en-amazonas-conteo-oficial-y-flash-electoral-en-vivo-de-elecciones-generales-noticia/,Revisa en esta nota los resultados ONPE para diputados en Amazonas de las Elecciones generales Perú hoy 12 de abril,"Elecciones 2026, ONPE, Amazonas, Diputados"
El Comercio,2026-04-12T22:18:27.145Z,Elecciones Perú 2026: aquí podrás ver los resultados ONPE para diputados en Callao,Redacción EC,https://elcomercio.pe/politica/elecciones/resultados-elecciones-2026-onpe-para-diputados-en-callao-conteo-oficial-y-flash-electoral-en-vivo-de-elecciones-generales-noticia/,Revisa en esta nota los resultados ONPE para diputados en Callao de las Elecciones generales Perú hoy 12 de abril,"Elecciones 2026, ONPE, Callao, Diputados"
El Comercio,2026-04-12T22:18:10.137Z,Elecciones Perú 2026: Resultados de la ONPE de Puno y conteo oficial de votos en vivo,Redacción EC,https://elcomercio.pe/politica/elecciones/resultados-elecciones-peru-2026-conteo-oficial-onpe-en-puno-y-flash-electoral-en-vivo-de-elecciones-generales-noticia/,Conoce en esta nota los resultados y conteo oficial ONPE en Puno de los comicios generales hoy 12 de abril,"Elecciones 2026, ONPE, Puno, Presidente"
El Comercio,2026-04-12T22:17:51.973Z,Elecciones Perú 2026: Resultados de la ONPE de Lambayeque y conteo oficial de votos en vivo,Redacción EC,https://elcomercio.pe/politica/elecciones/resultados-elecciones-peru-2026-conteo-oficial-onpe-en-lambayeque-y-flash-electoral-en-vivo-de-elecciones-generales-noticia/,Conoce en esta nota los resultados y conteo oficial ONPE en Lambayeque de los comicios generales hoy 12 de abril,"Elecciones 2026, ONPE, Lambayeque, Presidente"
El Comercio,2026-04-12T22:17:35.897Z,Elecciones Perú 2026: aquí podrás ver los resultados ONPE para diputados en Huánuco,Redacción EC,https://elcomercio.pe/politica/elecciones/resultados-elecciones-2026-onpe-para-diputados-en-huanuco-conteo-oficial-y-flash-electoral-en-vivo-de-elecciones-generales-noticia/,Revisa en esta nota los resultados ONPE para diputados en Huánuco de las Elecciones generales Perú hoy 12 de abril,"Elecciones 2026, ONPE, Huánuco, Diputados"
El Comercio,2026-04-12T22:17:18.68Z,Elecciones Perú 2026: aquí podrás ver los resultados ONPE para diputados en La Libertad,Redacción EC,https://elcomercio.pe/politica/elecciones/resultados-elecciones-2026-onpe-para-diputados-en-la-libertad-conteo-oficial-y-flash-electoral-en-vivo-de-elecciones-generales-noticia/,Revisa en esta nota los resultados ONPE para diputados en La Libertad de las Elecciones generales Perú hoy 12 de abril,"Elecciones 2026, ONPE, La Libertad, Diputados"
El Comercio,2026-04-12T22:16:57.028Z,Elecciones Perú 2026: aquí podrás ver los resultados ONPE para diputados en San Martín,Redacción EC,https://elcomercio.pe/politica/elecciones/resultados-elecciones-2026-onpe-para-diputados-en-san-martin-conteo-oficial-y-flash-electoral-en-vivo-de-elecciones-generales-noticia/,Revisa en esta nota los resultados ONPE para diputados en San Martín de las Elecciones generales Perú hoy 12 de abril,"Elecciones 2026, ONPE, San Martín, Diputados"
El Comercio,2026-04-12T22:16:37.567Z,Elecciones Perú 2026: aquí podrás ver los resultados ONPE para diputados en Lambayeque,Redacción EC,https://elcomercio.pe/politica/elecciones/resultados-elecciones-2026-onpe-para-diputados-en-lambayeque-conteo-oficial-y-flash-electoral-en-vivo-de-elecciones-generales-noticia/,Revisa en esta nota los resultados ONPE para diputados en Lambayeque de las Elecciones generales Perú hoy 12 de abril,"Elecciones 2026, ONPE, Lambayeque, Diputados"
El Comercio,2026-04-12T22:16:21.695Z,Elecciones Perú 2026: Resultados de la ONPE de Apurímac y conteo oficial de votos en vivo,Redacción EC,https://elcomercio.pe/politica/elecciones/resultados-elecciones-peru-2026-conteo-oficial-onpe-en-apurimac-y-flash-electoral-en-vivo-de-elecciones-generales-noticia/,Conoce en esta nota los resultados y conteo oficial ONPE en Apurímac de los comicios generales hoy 12 de abril,"Elecciones 2026, ONPE, Apurímac, Presidente"
El Comercio,2026-04-12T22:15:32.253Z,Elecciones Perú 2026: aquí podrás ver los resultados ONPE para diputados en Áncash,Redacción EC,https://elcomercio.pe/politica/elecciones/resultados-elecciones-2026-onpe-para-diputados-en-ancash-conteo-oficial-y-flash-electoral-en-vivo-de-elecciones-generales-noticia/,Revisa en esta nota los resultados ONPE para diputados en Áncash de las Elecciones generales Perú hoy 12 de abril,"Elecciones 2026, ONPE, Áncash, Diputados"
El Comercio,2026-04-12T22:15:10.519Z,Elecciones Perú 2026: Resultados de la ONPE de Loreto y conteo oficial de votos en vivo,Redacción EC,https://elcomercio.pe/politica/elecciones/resultados-elecciones-peru-2026-conteo-oficial-onpe-en-loreto-y-flash-electoral-en-vivo-de-elecciones-generales-noticia/,Conoce en esta nota los resultados y conteo oficial ONPE en Loreto de los comicios generales hoy 12 de abril,"Elecciones 2026, ONPE, Loreto, Presidente"
El Comercio,2026-04-12T22:14:53.027Z,Elecciones Perú 2026: Resultados de la ONPE de Lima y conteo oficial de votos en vivo,Redacción EC,https://elcomercio.pe/politica/elecciones/resultados-elecciones-peru-2026-conteo-oficial-onpe-en-lima-y-flash-electoral-en-vivo-de-elecciones-generales-noticia/,Conoce en esta nota los resultados y conteo oficial ONPE en Lima de los comicios generales hoy 12 de abril,"Elecciones 2026, ONPE, Lima, Presidente"
El Comercio,2026-04-12T22:14:06.152Z,Elecciones Perú 2026: Resultados de la ONPE de Ucayali y conteo oficial de votos en vivo,Redacción EC,https://elcomercio.pe/politica/elecciones/resultados-elecciones-peru-2026-conteo-oficial-onpe-en-ucayali-y-flash-electoral-en-vivo-de-elecciones-generales-noticia/,Conoce en esta nota los resultados y conteo oficial ONPE en Ucayali de los comicios generales hoy 12 de abril,"Elecciones 2026, ONPE, Ucayali, Presidente"
El Comercio,2026-04-12T22:13:40.293Z,Elecciones Perú 2026: Resultados de la ONPE de Madre de Dios y conteo oficial de votos en vivo,Redacción EC,https://elcomercio.pe/politica/elecciones/resultados-elecciones-peru-2026-conteo-oficial-onpe-en-madre-de-dios-y-flash-electoral-en-vivo-de-elecciones-generales-noticia/,Conoce en esta nota los resultados y conteo oficial ONPE en Madre de Dios de los comicios generales hoy 12 de abril,"Elecciones 2026, ONPE, Madre de Dios, Presidente"
El Comercio,2026-04-12T22:12:55.36Z,Elecciones Perú 2026: aquí podrás ver los resultados ONPE para diputados en Loreto,Redacción EC,https://elcomercio.pe/politica/elecciones/resultados-elecciones-2026-onpe-para-diputados-en-loreto-conteo-oficial-y-flash-electoral-en-vivo-de-elecciones-generales-noticia/,Revisa en esta nota los resultados ONPE para diputados en Loreto de las Elecciones generales Perú hoy 12 de abril,"Elecciones 2026, ONPE, Loreto, Diputados"
El Comercio,2026-04-12T22:12:02.3Z,Elecciones Perú 2026: aquí podrás ver los resultados ONPE para diputados en Arequipa,Redacción EC,https://elcomercio.pe/politica/elecciones/resultados-elecciones-2026-onpe-para-diputados-en-arequipa-conteo-oficial-y-flash-electoral-en-vivo-de-elecciones-generales-noticia/,Revisa en esta nota los resultados ONPE para diputados en Arequipa de las Elecciones generales Perú hoy 12 de abril,"Elecciones 2026, ONPE, Arequipa, Diputados"
El Comercio,2026-04-12T22:11:40.421Z,Elecciones Perú 2026: aquí podrás ver los resultados ONPE para diputados en Ayacucho,Redacción EC,https://elcomercio.pe/politica/elecciones/resultados-elecciones-2026-onpe-para-diputados-en-ayacucho-conteo-oficial-y-flash-electoral-en-vivo-de-elecciones-generales-noticia/,Revisa en esta nota los resultados ONPE para diputados en Ayacucho de las Elecciones generales Perú hoy 12 de abril,"Elecciones 2026, ONPE, Ayacucho, Diputados"
El Comercio,2026-04-12T22:10:59.956Z,Elecciones Perú 2026: aquí podrás ver los resultados ONPE para diputados en Tumbes,Redacción EC,https://elcomercio.pe/politica/elecciones/resultados-elecciones-2026-onpe-para-diputados-en-tumbes-conteo-oficial-y-flash-electoral-en-vivo-de-elecciones-generales-noticia/,Revisa en esta nota los resultados ONPE para diputados en Tumbes de las Elecciones generales Perú hoy 12 de abril,"Elecciones 2026, ONPE, Tumbes, Diputados"
El Comercio,2026-04-12T22:10:39.913Z,Elecciones Perú 2026: Resultados de la ONPE de Callao y conteo oficial de votos en vivo,Redacción EC,https://elcomercio.pe/politica/elecciones/resultados-elecciones-peru-2026-conteo-oficial-onpe-en-callao-y-flash-electoral-en-vivo-de-elecciones-generales-noticia/,Conoce en esta nota los resultados y conteo oficial ONPE en Callao de los comicios generales hoy 12 de abril,"Elecciones 2026, ONPE, Callao, Presidente"
El Comercio,2026-04-12T22:10:19.212Z,Elecciones Perú 2026: Resultados de la ONPE de Ayacucho y conteo oficial de votos en vivo,Redacción EC,https://elcomercio.pe/politica/elecciones/resultados-elecciones-peru-2026-conteo-oficial-onpe-en-ayacucho-y-flash-electoral-en-vivo-de-elecciones-generales-noticia/,Conoce en esta nota los resultados y conteo oficial ONPE en Ayacucho de los comicios generales hoy 12 de abril,"Elecciones 2026, ONPE, Ayacucho, Presidente"
El Comercio,2026-04-12T22:09:55.539Z,Elecciones Perú 2026: Resultados de la ONPE de Huancavelica y conteo oficial de votos en vivo,Redacción EC,https://elcomercio.pe/politica/elecciones/resultados-elecciones-peru-2026-conteo-oficial-onpe-en-huancavelica-y-flash-electoral-en-vivo-de-elecciones-generales-noticia/,Conoce en esta nota los resultados y conteo oficial ONPE en Huancavelica de los comicios generales hoy 12 de abril,"Elecciones 2026, ONPE, Huancavelica, Presidente"
El Comercio,2026-04-12T21:15:07.872Z,Adex expresa preocupación por demoras en proceso de votación y pide ampliar horario hasta las 7:00 p.m.,Redacción EC,https://elcomercio.pe/economia/peru/adex-expresa-preocupacion-por-demoras-en-proceso-de-votacion-y-pide-ampliar-horario-hasta-las-700-pm-noticia/,El gremio exportador advirtió que las fallas en la instalación de mesas y la distribución de material electoral han afectado el normal desarrollo de la jornada y el derecho al voto de miles de ciudadanos.,"ADEX, Elecciones 2026"
El Comercio,2026-04-12T17:34:16.347Z,Elecciones 2026: ONPE amplía horario de votación hasta las 6 de la tarde,Redacción EC,https://elcomercio.pe/lima/elecciones-peru-2026-onpe-amplia-horario-de-votacion-hasta-las-6-de-la-tarde-este-12-de-abril-onpe-jne-noticia/,"Además, Roberto Burneo, presidente del Jurado nacional de Elecciones, informó también que el horario de instalación de mesas se extendió hasta las 2 p. m. a nivel nacional.","Elecciones 2026, Elecciones, JNE, ONPE"
El Comercio,2026-04-12T16:57:45.97Z,Fuerza Popular exige ampliar horario de votación hasta las 7:00 p.m. ante “caos” por “deficiente organización del proceso electoral”,Redacción EC,https://elcomercio.pe/politica/elecciones/fuerza-popular-exige-ampliar-horario-de-votacion-hasta-las-700-pm-ante-caos-por-deficiente-organizacion-del-proceso-electoral-ultimas-noticia/,Agrupación señala que deficiencias en la organización han afectado el derecho al voto de los ciudadanos.,"Fuerza Popular, ONPE, Elecciones 2026"
El Comercio,2026-04-12T13:43:57.294Z,Resultados ONPE de Elecciones 2026: consulta los reportes oficiales de la elección de presidente   ,Redacción EC,https://elcomercio.pe/elecciones/resultados-onpe-elecciones-2026-conteo-oficial-en-todo-el-peru-para-presidente-del-peru-hoy-12-de-abril-ultimas-noticia/,Conoce en tiempo real los resultados oficiales que brinda la ONPE tras el cierre de las elecciones generales Perú 2026.   ,"ONPE, Elecciones 2026, Resultados ONPE, Elecciones, JNE, Perú"
El Comercio,2026-04-11T16:58:00Z,¿Qué no se puede hacer en Elecciones 2026? Estas son las restricciones y desde cuándo aplican,Thalía Cadenas,https://elcomercio.pe/politica/que-no-se-puede-hacer-en-elecciones-2026-estas-son-las-restricciones-y-desde-cuando-aplican-tdpe-noticia/,"Conoce qué actividades están prohibidas durante el proceso electoral, como la ley seca, la propaganda política y otras restricciones vigentes desde días previos a la votación.","Elecciones 2026, Encuestas, Restricciones electorales, 12 de abril"
El Comercio,2026-04-10T14:17:17.019Z,Cierres de campaña para las elecciones 2026: últimos mítines de candidatos en Lima y el Perú,Redacción EC,https://elcomercio.pe/politica/actualidad/elecciones-2026-en-vivo-cierre-de-campana-de-candidatos-presidenciales-en-lima-y-regiones-lbposting-noticia/,"Los candidatos a la Presidencia del Perú cerraron el jueves sus campañas electorales con miras a los comicios generales del 12 de abril. 
","Elecciones 2026, Campañas presidenciales, Keiko Fujimori, Rafael López Aliaga, Carlos Álvarez, Roberto Sánchez, César Acuña, Ricardo Belmont, JNE"
El Comercio,2026-04-10T13:00:00Z,Elecciones Perú 2026: Resultados de la ONPE de San Martín y conteo oficial de votos en vivo,Redacción EC,https://elcomercio.pe/politica/elecciones/resultados-elecciones-peru-2026-conteo-oficial-onpe-en-san-martin-y-flash-electoral-en-vivo-de-elecciones-generales-noticia/,Conoce en esta nota los resultados y conteo oficial ONPE en San Martín de los comicios generales hoy 12 de abril,"Elecciones 2026, ONPE, San Martín, Presidente"
El Comercio,2026-04-10T13:00:00Z,Elecciones Perú 2026: Resultados de la ONPE de Pasco y conteo oficial de votos en vivo,Redacción EC,https://elcomercio.pe/politica/elecciones/resultados-elecciones-peru-2026-conteo-oficial-onpe-en-pasco-y-flash-electoral-en-vivo-de-elecciones-generales-noticia/,Conoce en esta nota los resultados y conteo oficial ONPE en Pasco de los comicios generales hoy 12 de abril,"Elecciones 2026, ONPE, Pasco, Presidente"
El Comercio,2026-04-10T13:00:00Z,Elecciones Perú 2026: aquí podrás ver los resultados ONPE para diputados en Apurímac,Redacción EC,https://elcomercio.pe/politica/elecciones/resultados-elecciones-2026-onpe-para-diputados-en-apurimac-conteo-oficial-y-flash-electoral-en-vivo-de-elecciones-generales-noticia/,Revisa en esta nota los resultados ONPE para diputados en Apurímac de las Elecciones generales Perú hoy 12 de abril,"Elecciones 2026, ONPE, Apurímac, Diputados"
El Comercio,2026-04-06T16:56:53.316Z,Elecciones 2026: ¿Cuáles son las restricciones electorales y desde cuándo rigen? ,Thalía Cadenas,https://elcomercio.pe/politica/elecciones-2026-cuales-son-las-restricciones-electorales-y-desde-cuando-rigen-12-de-abril-silencio-de-las-encuestas-cierres-de-campana-y-mitines-ley-seca-elecciones-generales-2026-noticia/,"Solo se pueden publicar y difundir encuestas de intención de voto hasta el domingo 5 de abril. Además, desde las 00:00 horas de este viernes quedan prohibidas las manifestaciones políticas de carácter público, como cierres de campaña y mítines.","Elecciones 2026, Encuestas, Restricciones electorales, 12 de abril"
El Comercio,2026-04-02T21:18:24.901Z,Debate presidencial 2026: revive las incidencias de la última jornada con miras a las elecciones del 12 de abril ,Redacción EC,https://elcomercio.pe/politica/elecciones/debate-presidencial-en-vivo-miercoles-1-de-abril-sigue-la-ultima-fecha-de-exposicion-de-candidatos-con-miras-al-12-de-abril-lbposting-noticia/,"Esta noche, los candidatos, divididos en ternas, debaten sobre empleo, desarrollo y emprendimiento y educación, innovación y tecnología. ","Debate presidencial, Jurado Nacional de Elecciones, Elecciones 2026"
El Comercio,2026-04-02T21:11:28.492Z,Debate presidencial: Repasa las exposiciones e incidencias de esta sexta y última fecha,Redacción EC,https://elcomercio.pe/politica/debate-presidencial-jne-2026-en-vivo-hoy-sexto-y-ultimo-dia-incidentes-fechas-candidatos-temas-y-planes-de-gobierno-a-poco-de-las-elecciones-generales-peru-2026-miercoles-1-de-abril-jne-video-noticia/,"Durante casi 3 horas, once candidatos confrontaron sus ideas sobre educación, innovación y tecnología y empleo, desarrollo y emprendimiento. Además, cada uno de ellos respondió una pregunta ciudadana.","Debate presidencial, JNE, Keiko Fujimori, Renovación Popular, Rafael López Aliaga, Jorge Nieto Montesinos, Alfonso López-Chau, Roberto Sánchez, Carlos Álvarez, Debate JNE, Elecciones 2026, Eleciones"
El Comercio,2026-04-01T04:11:35Z,Debate presidencial 2026: revive las incidencias de la quinta jornada del encuentro de candidatos previo a elecciones ,Redacción EC,https://elcomercio.pe/politica/actualidad/debate-presidencial-en-vivo-hoy-martes-31-de-marzo-candidatos-ternas-temas-y-pullas-en-evento-del-jne-lbposting-noticia/,Este miércoles 1 de abril se realizará la sexta y última fecha del debate organizado por el JNE. ,"Debate presidencial, Debate del JNE, JNE, Keiko Fujimori, Rafael López Aliaga"
El Comercio,2026-04-01T03:57:22.626Z,Debate presidencial: Así se desarrolló la quinta fecha del encuentro de candidatos organizado por el JNE,Redacción EC,https://elcomercio.pe/politica/debate-presidencial-jne-2026-en-vivo-hoy-martes-31-fechas-candidatos-temas-y-planes-de-gobierno-a-poco-de-las-elecciones-generales-peru-2026-noticia/,"Desde las 8 p.m. y por cerca de tres horas, once candidatos debaten sobre empleo, desarrollo y emprendimiento; y educación, innovación y tecnología. Además, cada uno de ellos responderá una pregunta ciudadana.","Debate presidencial, JNE, Keiko Fujimori, Renovación Popular, Rafael López Aliaga, Jorge Nieto Montesinos, Alfonso López-Chau, Roberto Sánchez, Carlos Álvarez, Debate JNE, Elecciones 2026, Eleciones"
El Comercio,2026-03-31T04:32:09Z,Debate presidencial 2026: revive las incidencias de la cuarta jornada del evento del JNE ,Redacción EC,https://elcomercio.pe/politica/elecciones/debate-presidencial-2026-en-vivo-lunes-30-de-marzo-candidatos-propuestas-planes-de-gobierno-y-pullas-en-debate-del-jne-lboposting-noticia/,El lunes inició el segundo ciclo de debates presidenciales organizado por el Jurado Nacional de Elecciones. ,"Debate presidencial, Debate del JNE, JNE, Elecciones 2026, Jurado Nacional de Elecciones"
El Comercio,2026-03-31T04:29:22.469Z,Debate presidencial 2026: repasa las incidencias de las ternas de candidatos en esta cuarta fecha,Martín Calderón,https://elcomercio.pe/politica/debate-presidencial-jne-2026-en-vivo-hoy-lunes-30-fechas-candidatos-temas-y-planes-de-gobierno-a-poco-de-las-elecciones-generales-peru-2026-noticia/,"Desde las 8 de la noche y durante tres horas, doce candidatos debatieron sobre empleo, desarrollo y emprendimiento; y educación, innovación y tecnología. Además, cada uno de ellos respondió una pregunta ciudadana.","Debate presidencial, JNE, Keiko Fujimori, Renovación Popular, Rafael López Aliaga, Jorge Nieto Montesinos, Alfonso López-Chau, Roberto Sánchez, Carlos Álvarez, Debate JNE, Elecciones 2026, Eleciones"
El Comercio,2026-03-26T14:41:55.277Z,Debate presidencial 2026: revive las incidencias de la tercera fecha con la participación de 12 candidatos ,Redacción EC,https://elcomercio.pe/politica/elecciones/debate-presidencial-2026-en-vivo-hoy-miercoles-25-de-marzo-minuto-a-minuto-de-la-tercera-fecha-de-versus-de-candidatos-temas-e-incidencias-elecciones-peru-2026-lbposting-noticia/,"Los debates del JNE continuarán el lunes 30 y martes 31 de marzo, así como el miércoles 1 de abril. ","Debate presidenciales, Debate JNE, Elecciones 2026, Elecciones Perú 2026, Candidatos, Jurado Nacional de Elecciones"
El Comercio,2026-03-26T04:09:24.362Z,"Debate presidencial 2026: Revive las ternas, exposiciones e incidencias de esta tercera fecha",Redacción EC,https://elcomercio.pe/politica/debate-presidencial-jne-2026-en-vivo-hoy-miercoles-25-keiko-fujimori-jorge-nieto-mario-vizcarra-sigue-aqui-la-presentacion-de-los-candidatos-y-las-incidencias-ternas-temas-y-planes-de-gobierno-previo-a-las-elecciones-generales-peru-2026-noticia/,"En esta jornada debatieron los candidatos Keiko Fujimori, Mario Vizcarra, Jorge Nieto, Enrique Valderrama, Antonio Ortiz, Rafael Belaunde, Paúl Jaimes, Mesías Guevara, Roberto Chiabra, Ronald Atencio, Herbert Caller y Rosario Fernández. ","Debate JNE, Elecciones 2026, Elecciones, Jurado, Candidatos, Partidos políticos, Keiko Fujimori, Rafael López Aliaga, Jorge Nieto, Carlos Álvarez, Debate presidencial"
El Comercio,2026-03-25T13:53:18.383Z,Debate presidencial 2026: Así se desarrolló el segundo día de encuentros de candidatos,Redacción EC,https://elcomercio.pe/politica/debate-presidencial-jne-2026-martes-24-en-vivo-hoy-sigue-aqui-la-presentacion-de-los-candidatos-y-las-incidencias-ternas-temas-y-planes-de-gobierno-a-poco-de-las-elecciones-generales-peru-2026-noticia/,Once candidatos presidenciales exponen este martes 24 sus planteamientos y confrontarán ideas en ternas sobre seguridad ciudadana y lucha contra la criminalidad e Integridad pública y combate a la corrupción.,"Debate JNE, Elecciones 2026, Elecciones, Jurado, Candidatos, Partidos políticos, Keiko Fujimori, Rafael López Aliaga, Jorge Nieto, Carlos Álvarez, Debate presidencial"
El Comercio,2026-03-25T13:43:04.463Z,Revive las incidencias del segundo día del debate presidencial del JNE ,Redacción EC,https://elcomercio.pe/politica/actualidad/debate-presidencial-2026-en-vivo-hoy-martes-24-de-marzo-minuto-a-minuto-de-la-segunda-fecha-de-versus-de-candidatos-temas-bloques-e-incidencias-elecciones-peru-2026-lbposting-noticia/,"Sin la presencia del prófugo Vladimir Cerrón, quien aspira a la presidencia por Perú Libre, once candidatos participaron en la segunda fecha del debate desarrollado en el Centro de Convenciones de Lima. ","Debate presidencial, Jurado Nacional de Elecciones, Elecciones 2026, Debate 2026, Candidatos, JNE"
El Comercio,2026-03-24T12:53:42.974Z,"Debate presidencial 2026 del JNE: Aquí el rol de candidatos, ternas y temas",Erik Rivera,https://elcomercio.pe/politica/elecciones/debate-presidencial-jne-2026-inicia-este-lunes-23-ternas-fechas-candidatos-temas-dinamica-mas-detalles-y-donde-pondran-verlo-noticia/,"Los encuentros políticos se desarrollarán en dos jornadas y seis fechas. La primera: el 23, 24 y 25 de marzo, mientras que la segunda, el 30 y 31 de marzo y el 1 de abril. ","Keiko Fujimori, JNE, Renovación Popular, País para Todos, Rafael López Aliaga, Debate, Debate JNE 2026, Debate JNE, Elecciones 2026, elecciones, Debate Presidencial"
El Comercio,2026-03-24T12:45:37.323Z,Debate presidencial 2026: Así se desarrolló la primera fecha de los encuentros de candidatos a Palacio,Redacción EC,https://elcomercio.pe/politica/debate-presidencial-jne-2026-lunes-23-en-vivo-hoy-sigue-aqui-la-presentacion-de-los-candidatos-y-las-incidencias-ternas-temas-y-planes-de-gobierno-a-poco-de-las-elecciones-generales-peru-2026-noticia/,"Por cerca de tres horas, once candidatos presentaron sus planteamientos y confrontaron sus ideas en ternas sobre seguridad ciudadana y lucha contra la criminalidad e Integridad pública y combate a la corrupción.","Debate JNE, Elecciones 2026, Elecciones, Jurado, Candidatos, Partidos políticos, Keiko Fujimori, Rafael López Aliaga, Alfonson López Chau, Jorge Nieto, Carlos Álvarez, Debate Presidencial"
El Comercio,2026-03-18T01:51:49.624Z,Foro en la SNI: 23 candidatos presidenciales presentaron sus propuestas a menos de un mes de las elecciones,Sebastian Ortiz Martínez,https://elcomercio.pe/politica/elecciones-2026-en-vivo-foro-candidatos-presidenciales-al-menos-25-postulantes-exponen-propuestas-en-foro-electoral-en-la-sni-video-detalles-tlc-audio-noticia/,"Los postulantes a Palacio de Gobierno detallaron sus iniciativas en seguridad y formalización de la economía, entre otros. El encuentro fue organizado por la Unión de Gremios y la UNMSM, con el apoyo del Grupo El Comercio y América Multimedia. ","Elecciones, Elecciones 2026, elecciones Perú, SNI, Sociedad Nacional de Industrias (SNI)"
El Comercio,2026-03-17T21:24:18.022Z,Luis Arroyo Sánchez jura como primer ministro: ¿Quiénes integran el nuevo Gabinete?,Redacción EC,https://elcomercio.pe/politica/gobierno/en-vivo-jose-maria-balcazar-toma-juramento-a-su-nuevo-gabinete-ministerial-tras-renuncia-de-denisse-miralles-voto-de-confianza-congreso-ultimas-noticia/,"La salida de Denisse Miralles se da a menos de un mes en el cargo, y a un día de que acudiera al Congreso a solicitar el voto de confianza.","José María Balcázar, Gabinete Ministerial, Denisse Miralles, Voto de confianza, Congreso"
El Comercio,2026-03-17T19:36:14.846Z,Denisse Miralles deja la PCM: Despacho presidencial le envía oficio tras  “concluir sus funciones”,Redacción EC,https://elcomercio.pe/politica/denisse-miralles-deja-la-pcm-despacho-presidencial-le-envia-oficio-tras-concluir-sus-funciones-voto-de-confianza-congreso-ultimas-noticia/,Primera ministra convocó a una conferencia de prensa para informar sobre las principales acciones realizadas a 21 días de haber asumido funciones.,"Denisse Miralles, Gabinete Ministerial, José María Balcázar, Congreso, Voto de confianza"
El Comercio,2026-03-16T23:40:00Z,Napoleón Becerra fallece en accidente vehicular: ¿Quién era y cómo quedará su fórmula presidencial?,Erik Rivera,https://elcomercio.pe/politica/elecciones/napoleon-becerra-fallece-en-accidente-vehicular-quien-era-y-como-quedara-su-formula-presidencial-noticia/,El postulante a la Presidencia de la República falleció luego de que el vehículo en el que viajaba se saliera de la carretera y se estrellara contra las rocas.,"Napoleón Becerra García, Elecciones 2026"
El Comercio,2026-03-13T15:55:32.256Z,"JEE inicia procesos contra Keiko Fujimori, López Aliaga, López Chau y Caller: ¿Qué sanciones podrían recibir?",Erik Rivera,https://elcomercio.pe/politica/elecciones/jee-inicia-proceso-sancionador-contra-keiko-fujimori-rla-lopez-chau-y-herbert-caller-que-sanciones-podrian-recibir-los-candidatos-presidenciales-tlc-nota-noticia/,Aspirantes a la Presidencia de la República fueron incluidos en procedimientos sancionadores por el Jurado Electoral Lima Centro 1.,"JEE, Jurado Nacional de Elecciones, Rafael López Aliaga, Keiko Fujimori, Jurado Electoral Especial de Lima Centro 1"
El Comercio,2026-03-09T13:56:11.854Z,Mineros informales amenazan con movilización nacional: ¿Cuáles son las razones?,Erik Rivera,https://elcomercio.pe/politica/gobierno/mineros-informales-amenazan-con-movilizacion-nacional-cuales-son-las-razones-noticia/,"A poco de reunirse con el presidente José Balcázar, los mineros “artesanales” acatarán medida de fuerza en Lima y otras regiones del país.","Gremios informales, Poder Ejecutivo, Congreso, Confemin"
El Comercio,2026-03-07T16:00:40.4Z,Gobierno transfiere S/100 millones al JNE para elecciones generales y asigna recursos a dos ministerios: ¿cuáles son?,Erik Rivera,https://elcomercio.pe/politica/gobierno/gobierno-transfiere-s100-millones-al-jne-para-elecciones-generales-y-asigna-otros-recursos-a-dos-ministerios-cuales-son-noticia/,"Transferencia se dio luego de la reunión entre el presidente del Jurado Nacional de Elecciones, Roberto Burneo, y el ministro de Economía, Gerardo López. ","JNE, Mindef, Mininter, Ministerio de Economía y Finanzas, Premier, Presidente, José Balcázar"
El Comercio,2026-03-07T00:09:00Z,Balcázar empodera a mineros informales y les abre las puertas de Palacio: Los peligros de esta cercanía,Erik Rivera,https://elcomercio.pe/politica/gobierno/balcazar-empodera-a-mineros-informales-y-les-abre-las-puertas-de-palacio-de-gobierno-los-peligros-que-vuelven-con-esta-cercania-tlc-nota-noticia/,El presidente de la República recibió en la Casa de Pizarro a dirigentes de la Confemin para escuchar sus demandas sobre el Reinfo. Expertos consultados califican el hecho de un error político y señalan que ello empodera a la minería informal.,"Palacio de Gobierno, Minería informal, Bequer, Confemin"
El Comercio,2026-02-27T22:34:00Z,Denisse Miralles: En Fuerza Popular se inclinan por negarle la confianza al Gabinete,Erik Rivera,https://elcomercio.pe/politica/congreso/denisse-miralles-en-fuerza-popular-se-inclinan-por-negarle-la-confianza-al-gabinete-noticia/,"Keiko Fujimori asegura que no ve probable que su bancada respalde al nuevo gabinete. Arturo Alegría, de FP, afirmó que si el equipo de ministros acudiera mañana al Parlamento “diría que estamos en absoluta contra”","PCM, Justicia, Miralles Miralles, Congreso, Voto de confianza"
El Comercio,2026-02-26T15:00:00Z,Denisse Miralles: ¿Quién es quién en el gabinete del presidente José María Balcázar?,Erik Rivera,https://elcomercio.pe/politica/gobierno/quien-es-quien-en-el-nuevo-gabinete-del-presidente-jose-balcazar-tlc-nota-noticia/,"Jefe del Estado tomó juramento a los nuevos ministros. Seis de ellos fueron ratificados y, en el caso de Denisse Miralles, se produjo un enroque.","PCM, Palacio, Denisse Miralles, MEF, Justicia, Balcázar"
El Comercio,2026-02-25T02:16:07Z,Denisse Miralles juró como nueva titular de la PCM: conoce a los integrantes de su Gabinete ,Redacción EC,https://elcomercio.pe/politica/gobierno/nuevo-gabinete-de-hernando-de-soto-en-vivo-ultimas-noticias-y-previa-de-la-juramentacion-de-los-ministros-de-jose-maria-balcazar-palacio-de-gobierno-pcm-lbposting-noticia/,"En ceremonia realizada en Palacio de Gobierno, el presidente José María Balcázar tomó juramente a los ministros que lo acompañarán durante su mandato. ","Gabinete ministerial, José María Balcázar, Hernando de Soto, Palacio de Gobierno"
El Comercio,2026-02-22T01:05:37.074Z,"José María Balcázar sigue sus reuniones con políticos, pero no aún define a su Gabinete Ministerial: los entretelones de su segundo día en Palacio",Erik Rivera,https://elcomercio.pe/politica/gobierno/entretelones-jose-maria-balcazar-sigue-sus-reuniones-con-politicos-pero-no-aun-define-a-su-gabinete-ministerial-los-entretelones-de-su-segundo-dia-en-palacio-noticia/,Legislador lleva dos días sin nuevo equipo de ministros que lo acompañarán hasta el 28 de julio del 2026.,"Balcazar, Perú Libre, Alcaldes, Embajador de Estados Unidos, Palacio"
El Comercio,2026-02-19T04:29:37Z,José María Balcázar es el nuevo presidente del país tras ganar las elecciones en el Congreso,Redacción EC,https://elcomercio.pe/politica/congreso/pleno-del-congreso-en-vivo-hoy-se-elige-al-nuevo-presidente-que-reemplazara-a-jose-jeri-lbposting-noticia/,Legislador de Perú Libre alcanzó 60 votos contra 46 obtenidos por María del Carmen Alva. ,"Congreso de la República, Pleno del Congreso"
El Comercio,2026-02-18T21:45:00Z,¿Quiénes son los cuatro congresistas que buscan reemplazar a José Jerí en la Presidencia?: la historia de las postulaciones,Erik Rivera,https://elcomercio.pe/politica/congreso/detras-de-camaras-detalles-congreso-quienes-son-los-candidatos-que-buscan-reemplazar-a-jose-jeri-en-la-presidencia-tclnota-noticia/,Los cuatro congresistas competirán la tarde de este miércoles por la Presidencia de la Mesa Directiva del Parlamento.,"Mesa Directiva, Congreso, Elección, José Jerí, Maria Del Carmen Alva, José Balcázar"
El Comercio,2026-02-18T12:00:00Z,José Jerí no es más presidente del Perú: Congreso lo destituye y habrá un nuevo mandatario ,Redacción EC,https://elcomercio.pe/politica/congreso/jose-jeri-pleno-del-congreso-debate-siete-mociones-de-censura-contra-presidente-lbposting-noticia/,"La representación nacional aprobó la censura a Jerí como titular del Congreso, encargado de la Presidencia de la República, con 75 votos a favor, 24 en contra y tres abstenciones.","José Jerí, Censura, Pleno del Congreso"
El Comercio,2026-02-18T02:44:56.292Z,Presidente José Jerí es censurado por el Congreso: así fue la sesión  ,Sebastian Ortiz Martínez,https://elcomercio.pe/politica/jose-jeri-en-vivo-pleno-del-congreso-define-censura-del-presidente-mociones-votacion-sesion-extraordinaria-debate-video-noticia/,"Previamente, pleno rechazó la cuestión de orden, presentada por Ana Zegarra (Somos Perú), con el objetivo de que se aplique el proceso de vacancia en contra de José Jerí y no la censura, tal como adelantó El Comercio desde la tarde del lunes.","José Jerí, Congreso, Pleno extraordinario"
El Comercio,2026-02-16T13:26:05.916Z,José Jerí: Informe preliminar de la Comisión de Fiscalización señala contradicciones del mandatario en caso empresarios chinos,Erik Rivera,https://elcomercio.pe/politica/congreso/jose-jeri-y-sus-reuniones-con-empresarios-chinos-informe-preliminar-de-la-comision-de-fiscalizacion-senala-contradicciones-del-mandatario-noticia/,"El documento recomienda, además, al pleno del Parlamento que otorgue facultades de investigación a la Comisión de Fiscalización para continuar por 60 días las investigaciones sobre reuniones extraoficiales del presidente José Jerí.","José Jerí, Chinos, Comisión de Fiscalización, Congreso, Zhihua Yang"
El Comercio,2026-02-13T21:10:00Z,José Jerí y las mociones de censura: ¿Cuándo convocaría Fernando Rospigliosi el pleno extraordinario? ,Erik Rivera,https://elcomercio.pe/politica/congreso/entretelones-jose-jeri-y-las-mociones-de-censura-cuando-convocaria-fernando-rospigliosi-el-pleno-extraordinario-firmas-tlcnota-noticia/,"Hasta el momento se alcanzaron 79 firmas para convocar al pleno extraordinario que busca someter al debate las siete mociones de censura contra José Jerí. Sin embargo, solo han considerado válidas 29 rúbricas.","José Jeri, Parlamento, Fernando Rospigliosi, Mesa Directiva, APP, Podemos"
El Comercio,2026-02-11T14:18:19.669Z,Elecciones 2026: ¿Qué partidos políticos renunciaron a la franja electoral en Nativa Televisión?,Erik Rivera,https://elcomercio.pe/politica/elecciones/elecciones-2026-que-partidos-politicos-renunciaron-a-la-franja-electoral-en-nativa-television-noticia/,"El partido Primero La Gente y Perú Libre desisten de la emisión de spots publicitarios electorales en Abra Producciones S.A.C. (Nativa Televisión), mientras que País para Todos renuncia a emitirlos en ese y en el resto de medios.","Elecciones 2026, Franja electoral, Primero la Gente"
El Comercio,2026-01-21T22:48:10.918Z,José Jerí: Así fue su presentación ante el Congreso para responder por su reuniones no registradas con empresario chino ,Martín Calderón,https://elcomercio.pe/politica/jose-jeri-en-vivo-presidente-responde-ante-el-congreso-por-reuniones-clandestinas-con-empresario-chino-fuera-de-palacio-de-gobierno-comision-de-fiscalizacion-detalles-video-noticia/,"En la Comisión de Fiscalización, Jerí revela que realizó otras visitas al chifa para cenar o almorzar, el 3 y el 9 de diciembre. Sobre su presencia en la tienda del empresario chino, señaló que él fue a comprar, pero no se le permitió pagar.","José Jerí, Congreso, Comisión de Fiscalización"
El Comercio,2026-01-21T22:17:15Z,José Jerí se presentó en la Comisión de Fiscalización por reuniones con empresarios chinos ,Redacción EC,https://elcomercio.pe/politica/congreso/jose-jeri-en-comision-de-fiscalizacion-en-vivo-presidente-acude-al-congreso-para-explicar-reuniones-no-oficiales-con-empresario-chino-lbposting-noticia/,La mesa de trabajo convocó al jefe del Estado para este miércoles 21 de enero a las 2 p.m. El único punto en agenda será la presentación del presidente Jerí. ,"José Jerí, Congreso de la República, Comisión de Fiscalización"
El Comercio,2025-12-29T16:08:41.028Z,Carta de la candidata Fiorella Molinelli sobre informe de casos fiscales,Fiorella Cubas,https://elcomercio.pe/politica/fiorella-molinelli-procesos-fiscales-carta-al-diario-noticia/,Respondemos a carta dirigida por la candidata presidencial de Fuerza y Libertad después del informe de la Unidad de Investigación donde se explican los tres casos que afronta en Fiscalía.,"Fiorella Molinelli, carta notarial, procesos fiscales"
El Comercio,2025-12-03T21:17:15Z,Congreso inhabilita por 10 años a fiscal Delia Espinoza  ,Redacción EC,https://elcomercio.pe/politica/congreso/caso-delia-espinoza-pleno-del-congreso-debate-y-vota-informe-que-la-inhabilita-por-10-anos-ministerio-publico-lbposting-noticia/,Pleno del Legislativo aprobó la inhabilitación de la suspendida fiscal suprema tras reconsiderar la decisión que tomó en horas de la mañana,"Delia Espinoza, Congreso de la República, Ministerio Público"
El Comercio,2025-11-27T20:51:14.671Z,Pedro Castillo fue condenado a 11 años y 5 meses de cárcel por el golpe de Estado,Redacción EC,https://elcomercio.pe/politica/actualidad/pedro-castillo-en-vivo-corte-suprema-sentencia-poe-golpe-de-estado-audiencia-final-fiscalia-34-anos-de-carcel-noticia/,Corte Suprema concluye que Pedro Castillo y sus exministros son responsables del delito de conspiración para la rebelión. Betssy Chávez y Willy Huerta fueron condenados también a 11 años 5 meses de prisión.,"Pedro Castillo, golpe de Estado, Betssy Chávez, Poder Judicial, Aníbal Torres"
El Comercio,2025-11-27T18:53:27Z,PJ condena a Pedro Castillo a 11 años y cinco meses de prisión por golpe de Estado ,Redacción EC,https://elcomercio.pe/politica/justicia/pedro-castillo-en-vivo-poder-judicial-se-pronuncia-sobre-situacion-legal-del-expresidente-golpista-lbposting-noticia/,Los exministros Betssy Chávez y Willy Huerta también fueron condenados a 11 años y 5 meses al ser hallados responsables del delito de conspiración para la rebelión. Aníbal Torres fue condenado a 6 años y 8 meses. ,"Pedro Castillo, Poder Judicial, Ministerio Público"
El Comercio,2025-11-27T04:37:00Z,Martín Vizcarra fue condenado a 14 años de prisión por el delito de cohecho ,Redacción EC,https://elcomercio.pe/politica/justicia/martin-vizcarra-en-vivo-poder-judicial-dicta-sentencia-contra-expresidente-por-coimas-cuando-fue-gobernador-de-moquegua-lbposting-noticia/,El Poder Judicial también ordenó que la pena se ejecute de inmediato y dispuso también su inhabilitación por 9 años para ejercer cargos públicos por recibir S/ 2.3 millones de dos empresas constructoras cuando fue gobernador de Moquegua. ,"Poder Judicial, Fiscalía de la Nación, Ministerio Público, Martín Vizcarra"
El Comercio,2025-11-27T00:54:00Z,Martín Vizcarra fue condenado a 14 años de prisión por corrupción: Así fue la lectura de su sentencia,Víctor Reyes Parra,https://elcomercio.pe/politica/actualidad/martin-vizcarra-lectura-de-sentencia-hoy-en-vivo-poder-judicial-condena15-anos-por-coimas-a-expresidente-lomas-de-ilo-hospital-de-moquegua-penal-barbadillo-noticia/,La sentencia a Vizcarra también incluye nueve años de inhabilitación para ejercer cargos públicos. El tribunal determinó que “se ha logrado acreditar con grado de certeza” su responsabilidad penal en el delito de soborno.,"Martín Vizcarra, Poder Judicial, Fiscalía de la Nación"
El Comercio,2025-10-23T01:58:53Z,Congreso otorga voto de confianza al Gabinete Ministerial de Ernesto Álvarez ,Redacción EC,https://elcomercio.pe/politica/congreso/ernesto-alvarez-solicita-voto-de-confianza-ultimas-noticias-de-su-presentacion-ante-el-pleno-del-congreso-lbposting-noticia/,"Con 79 votos a favor, 15 en contra y cinco abstenciones. ","Congreso de la República, Voto de confianza, Ernesto Alvarez, José Jerí"
El Comercio,2025-10-16T20:38:13.155Z,Congreso rechaza otra vez censura contra Mesa Directiva de José Jerí y Fernando Rospigliosi,Redacción EC,https://elcomercio.pe/politica/congreso/congreso-rechaza-otra-vez-censura-contra-mesa-directiva-de-jose-jeri-y-fernando-rospigliosi-ultimas-noticia/,La moción había sido presentada por 20 legisladores que pidieron la salida de la mesa.,"José Jerí, Fernando Rospigliosi, Mesa Directiva, Congreso de la República"
El Comercio,2025-10-16T18:01:33Z,Presidente José Jerí: “Debemos buscar el diálogo para encontrar la unidad en nuestro país” ,Redacción EC,https://elcomercio.pe/politica/congreso/jose-jeri-en-vivo-presidente-acude-al-congreso-tras-muerte-de-manifestante-en-protestas-en-lima-lbposting-noticia/,"El jefe del Estado acudió este jueves al Parlamento, horas después de que se confirmara la muerte de un manifestante durante las protestas del 15 de octubre. ","José Jerí, Congreso de la República, Protestas en Lima, Marchas en Lima"
El Comercio,2025-10-15T15:32:05.116Z,José Jerí tomó juramento a su Gabinete Ministerial en Palacio de Gobierno,Redacción EC,https://elcomercio.pe/politica/gobierno/en-vivo-jose-jeri-tomara-juramento-a-su-gabinete-ministerial-en-palacio-de-gobierno-hoy-a-las-430-pm-ernesto-alvarez-ultimas-noticia/,"El equipo ministerial estará encabezado por Ernesto Álvarez, expresidente del Tribunal Constitucional (TC). Cuatro mujeres integran el nuevo Consejo de Ministros.","José Jerí, Gabinete Ministerial, Palacio de Gobierno, Dina Boluarte, Ernesto Álvarez"
El Comercio,2025-10-11T03:06:59.116Z,José Jerí: últimas noticias y actividades en su primer día como presidente de la república ,Redacción EC,https://elcomercio.pe/politica/gobierno/mensaje-dina-boluarte-en-vivo-presidenta-se-pronuncia-tras-admitirse-mociones-de-vacancia-en-su-contra-lbposting-noticia/,"José Jerí, de 38 años, asumió el cargo más importante del país tras la vacancia de Dina Boluarte. ","Dina Boluarte, Vacancia presidencial, Vacancia, Congreso de la República, presidente del Perú"
El Comercio,2025-10-10T19:57:20.894Z,Dina Boluarte: ¿Dónde está la vacada expresidenta de la República?,Redacción EC,https://elcomercio.pe/politica/actualidad/dina-boluarte-donde-esta-la-vacada-expresidenta-de-la-republica-jose-jeri-vacancia-presidencial-noticia/,"“Ni asilada, ni no habida. Ella está en su casa. Ese fue y será su paradero: su país”, escribió en sus redes su abogado, Juan Carlos Portugal. ","Dina Boluarte, José Jerí"
El Comercio,2025-10-10T13:30:13.469Z,José Jerí juró como presidente de la República tras vacancia de Dina Boluarte,Martín Calderón,https://elcomercio.pe/politica/actualidad/jose-jeri-asume-como-presidente-por-vacancia-de-dina-boluarte-noticia/,"Jerí se convierte en el tercer mandatario del actual quinquenio (2021-2026), tras Pedro Castillo y Dina Boluarte. Prometió luchar contra la inseguridad ciudadana.","José Jerí, Dina Boluarte, presidente del Perú, Congreso, moción de vacancia"
El Comercio,2025-10-10T06:04:26.005Z,Congreso declara la vacancia de Dina Boluarte: así fue la votación y el debate de las mociones,Redacción EC,https://elcomercio.pe/politica/dina-boluarte-en-vivo-vacancia-congreso-pleno-debate-aprobacion-mociones-para-destituir-a-la-presidenta-incapacidad-moral-multipartidaria-noticia/,"La defensa de Dina Boluarte anunció que no se presentaría ante el Congreso. “No lo convalidaremos, y por esa razón, no acudiremos al Parlamento”, adelantó Juan Carlos Portugal.","Dina Boluarte, Moción de vacancia, Congreso de la República"
El Comercio,2025-10-08T20:18:06.151Z,Phillip Butters: Precandidato presidencial fue agredido tras brindar entrevista en Puno,Redacción EC,https://elcomercio.pe/politica/actualidad/phillip-butters-precandidato-presidencial-fue-agredido-tras-brindar-entrevista-en-puno-ultimas-noticia/,El precandidato de Avanza País tuvo que ser protegido por decenas de policías en Juliaca.,"Phillip Butters, Avanza País, Puno, Juliaca"
El Comercio,2025-09-24T18:05:54.857Z,Susana Villarán: Así se desarrolló el segundo día del juicio oral con los alegatos de fiscalía y procuraduría,Víctor Reyes Parra,https://elcomercio.pe/politica/justicia/susana-villaran-en-vivo-poder-judicial-inicia-juicio-contra-exalcaldesa-de-lima-por-aportes-de-campanas-y-presuntos-actos-de-corrupcion-odebrecht-oas-lavado-delitos-video-noticia/,"Fiscalía ratifica pedido de 29 años de prisión y remarca que Susana Villarán pactó con Odebrecht para entregarle los peajes en el proyecto Rutas de Lima, en vías que ya estaban construidas y en operación.","Susana Villarán, Poder Judicial, Alcaldía de Lima"
El Comercio,2025-09-24T18:05:41Z,Fiscal José Domingo Pérez ratifica pedido de 29 años de cárcel para Susana Villarán ,Redacción EC,https://elcomercio.pe/politica/justicia/juicio-susana-villaran-hoy-en-vivo-poder-judicial-inicia-enjuiciamiento-a-exalcaldesa-de-lima-por-presuntos-delitos-de-corrupcion-lbposting-noticia/,Próxima audiencia será el lunes 6 de octubre. ,"Susana Villarán, Poder Judicial, Ministerio Público"
El Comercio,2025-09-22T20:03:56.006Z,Tomás Gálvez: ¿quién es el nuevo fiscal de la Nación interino?,Redacción EC,https://elcomercio.pe/politica/actualidad/junta-de-fiscales-supremos-nuevo-fiscal-de-la-nacion-interino-zoraida-avalos-tomas-aladino-galvez-pablo-sanchez-juan-carlos-villena-patricia-benavides-delia-espinoza-jnj-noticia/,Junta de Fiscales Supremos tomó esa decisión. Esto luego que Pablo Sánchez decidió limitar su interinato a un breve período de transición.,"Ministerio Público, Fiscalía de la Nación, Delia Espinoza, Zoraida Ávalos, Patricia Benavides, Tomas Gálvez, Juan Calor Villena"
El Comercio,2025-09-05T23:48:21.345Z,"Betssy Chávez: En audiencia, fiscalía desiste de pedido de prisión preventiva por caso golpe de Estado",Redacción EC,https://elcomercio.pe/politica/betssy-chavez-poder-judicial-realizara-este-viernes-audiencia-de-prolongacion-de-prision-preventiva-ultimas-noticia/,"El fiscal supremo Edward Casaverde sostiene que existe caducidad en el plazo para pedir la “prolongación” de la prisión preventiva y sobre todo, contra una persona que ya goza de libertad.","Betssy Chávez, Poder Judicial, prisión preventiva"
El Comercio,2025-09-03T22:33:48Z,Expresidente Alejandro Toledo fue condenado a 13 años y cuatro meses de prisión por el Caso Ecoteva ,Redacción EC,https://elcomercio.pe/politica/justicia/alejandro-toledo-hoy-pj-dicta-sentencia-contra-expresidente-peruano-por-caso-ecoteva-eliane-karp-lbposting-noticia/,Por el delito de lavado de activos agravado. Esta es la segunda condena que recibe el exmandatario. La primera fue a 20 años y seis meses de cárcel por el caso Odebrecht. ,"Ecoteva, Caso Ecoteva, Alejandro Toledo, Eliane Karp, Poder Judicial"
El Comercio,2025-09-03T22:25:07.665Z,Alejandro Toledo suma su segunda condena: PJ lo sentencia a 13 años y 4 meses de cárcel por Caso Ecoteva ,Karem Barboza Quiroz,https://elcomercio.pe/politica/justicia/alejandro-toledo-en-vivo-poder-judicial-condena-caso-ecoteva-eliane-karp-fiscalia-segunda-sentencia-minuto-a-minuto-noticia/,Fiscalía había pedido 16 años y 8 meses de cárcel por lavado de activos. Años de prisión por Caso Ecoteva no se acumulan a los 20 años que ya purga por sobornos de Odebrecht.,"Alejandro Toledo, Caso Ecoteva, Eliane Karp"
El Comercio,2025-09-03T17:11:54.376Z,Betssy Chávez: TC ordena su liberación tras declarar fundado recurso contra la prolongación de su prisión preventiva,Redacción EC,https://elcomercio.pe/politica/actualidad/betssy-chavez-tc-ordena-su-liberacion-tras-declarar-fundado-recurso-contra-la-prolongacion-de-su-prision-preventiva-ultimas-noticia/,El tribunal consideró que la prolongación se emitió fuera del plazo de ley en diciembre del 2024.,"Betssy Chávez, INPE, Poder Judicial, TC, Tribunal Constitucional"
El Comercio,2025-08-15T18:45:46Z,Dina Boluarte en Santa Rosa de Loreto: “Nuestra soberanía no está en discusión” ,Redacción EC,https://elcomercio.pe/peru/loreto/dina-boluarte-visita-santa-rosa-en-vivo-presidenta-llega-a-distrito-de-loreto-en-medio-del-impasse-diplomatico-con-colombia-gustavo-petro-lbposting-noticia/,"La jefa del Estado visitó el distrito de Santa Rosa de Loreto, en la isla Chinería, para liderar una acción multisectorial del Gobierno, en medio del impasse diplomático con Colombia, iniciado por el presidente de ese país, Gustavo Petro. ","Dina Boluarte, Santa Rosa, Isla Chinería, Loreto, Gustavo Petro, Colombia, Perú"
El Comercio,2025-08-14T01:05:04.282Z,PJ dicta cinco meses de prisión preventiva contra Martín Vizcarra: expresidente pasa a custodia del INPE,Víctor Reyes Parra,https://elcomercio.pe/politica/justicia/martin-vizcarra-en-vivo-poder-judicial-prision-preventiva-expresidente-por-caso-de-presuntas-coimas-lomas-de-ilo-hospital-de-moquegua-obrainsa-iccgsa-lava-jato-noticia/,"Al dar lectura a su fallo, el magistrado advierte que existe peligro procesal y de fuga, así como un comportamiento cuestionable de Vizcarra. Además, enfatiza que no tiene arraigo laboral, ni familiar.","Martín Vizcarra, Lomas de Ilo, Hospital de Moquegua, Equipo especial Lava Jato, Corte Superior Nacional, Obrainsa, ICCGSA, Lava Jato"
El Comercio,2025-08-13T21:55:27Z,Poder Judicial dicta cinco meses de prisión preventiva contra expresidente Martín Vizcarra ,Redacción EC,https://elcomercio.pe/politica/justicia/martin-vizcarra-hoy-en-vivo-poder-judicial-evalua-pedido-de-prision-preventiva-contra-expresidente-por-presuntas-coimas-obrainsa-hospital-de-moquegua-ilo-lbposting-noticia/,"El juez Jorge Chávez Tamariz, de la Corte Superior Nacional, declaró fundada la petición de prisión preventiva de la fiscalía contra el exmandatario por el presunto delito de cohecho pasivo propio. ","Martín Vizcarra, Germán Juárez, Jorge Chávez Tamariz, Poder Judicial, Obrainsa, Ministerio Público"
El Comercio,2025-08-11T14:52:30.982Z,Colocan bandera de Colombia en el distrito de Santa Rosa en medio del impasse iniciado por Gustavo Petro ,Redacción EC,https://elcomercio.pe/politica/actualidad/gustavo-petro-colocan-bandera-de-colombia-en-el-distrito-de-santa-rosa-en-medio-del-impasse-por-soberania-de-isla-santa-rosa-loreto-isla-santa-rosa-ultimas-noticia/,El exalcalde de Santa Rosa Iván Yovera informó que la bandera habría sido colocada por tres ciudadanos colombianos que llegaron a la zona a bordo de un deslizador.,"Gustavo Petro, Colombia, Santa Rosa, Loreto, Isla Santa Rosa"
El Comercio,2025-08-10T12:00:00Z,Gustavo Petro: aeronave colombiana sobrevoló espacio aéreo peruano en la isla Santa Rosa ,Redacción EC,https://elcomercio.pe/politica/actualidad/gustavo-petro-en-vivo-colombia-acusa-a-peru-de-ocupar-territorio-de-la-isla-santa-rosa-en-la-frontera-de-leticia-ultimas-noticias-rio-amazonas-dina-boluarte-cancilleria-conflicto-lbposting-noticia/,"En los últimos días, el mandatario colombiano Gustavo Petro señaló que el Gobierno peruano “ha copado un territorio que es de Colombia” violando el Protocolo de Rio de Janeiro.",
El Comercio,2025-08-08T17:20:28Z,Martín Vizcarra: audiencia de prisión preventiva suspendida hasta miércoles 13 de agosto,Redacción EC,https://elcomercio.pe/politica/justicia/audiencia-martin-vizcarra-hoy-en-vivo-poder-judicial-pide-6-meses-de-prision-preventiva-septimo-juzgado-de-investigacion-preparatoria-nacional-ministerio-publico-lbposting-noticia/,"El juez suspende la audiencia de requerimiento de prisión preventiva contra Vizcarra, a fin de que las partes revisen sendos elementos de convicción presentados. La audiencia continuará el 13 de agosto ","Martín Vizcarra, Poder Judicial, Ministerio Público, prisión preventiva"
El Comercio,2025-08-08T02:14:21.724Z,Gustavo Petro: “Colombia no reconoce la soberanía de Perú en la isla Santa Rosa”,Redacción EC,https://elcomercio.pe/politica/actualidad/gustavo-petro-acusa-a-peru-de-copar-territorio-de-colombia-en-vivo-ultimas-noticias-del-conflicto-diplomatico-rio-amazonas-dina-boluarte-lbposting-noticia/,"Según el mandatario colombiano, el Gobierno peruano “ha copado un territorio que es de Colombia” violando el Protocolo de Rio de Janeiro.",
El Comercio,2025-08-07T19:45:58.841Z,Gustavo Petro dice que Colombia “no reconoce la soberanía del Perú” en isla Santa Rosa y que tiene “autoridades de facto”,Redacción EC,https://elcomercio.pe/politica/actualidad/gustavo-petro-dice-que-colombia-no-reconoce-la-soberania-del-peru-en-isla-santa-rosa-y-que-tiene-autoridades-de-facto-ultimas-noticia/,El presidente de Colombia acusó al Perú de violar el Protocolo de Río de Janeiro pero aceptó participar en la comisión mixta limítrofe de setiembre.,"Gustavo Petro, Loreto, Isla Santa Rosa, Colombia"
El Comercio,2025-07-29T03:51:03.793Z,Dina Boluarte dio mensaje a la Nación: el análisis y todo lo que dejó el discurso por Fiestas Patrias,Redacción EC,https://elcomercio.pe/politica/gobierno/dina-boluarte-en-vivo-mensaje-a-la-nacion-hoy-online-en-directo-por-28-de-julio-desde-el-congreso-analisis-del-ultimo-discurso-de-la-presidenta-elecciones-2026-aumento-de-sueldo-fiestas-patrias-2025-lbposting-noticia/,"La presidenta brindó su mensaje a la Nación por 28 de julio desde el Congreso. Repasa en esta nota los detalles del discurso, analizado por especialistas de este Diario.","Dina Boluarte, Mensaje a la Nación, 28 de julio, Fiestas Patrias, Congreso"
El Comercio,2025-07-29T02:41:29Z,Mensaje a la Nación de Dina Boluarte: repasa lo que dejó el discurso por 28 de julio en el Congreso,Víctor Reyes Parra,https://elcomercio.pe/politica/gobierno/mensaje-a-la-nacion-en-vivo-hoy-dina-boluarte-en-directo-ver-online-ultimo-discurso-por-28-de-julio-en-el-congreso-de-la-presidenta-aumento-de-sueldo-principales-anuncios-resumen-misa-y-te-deum-lbposting-noticia/,"La mandataria dio su mensaje a la Nación, último de su gestión presidencial, al que tituló “Estabilidad, progreso y futuro para el Perú”. El discurso se extendió por más de 4 horas.","Dina Boluarte, Mensaje a la Nación, 28 de julio, Fiestas Patrias, Congreso, Misa Te Deum"
El Comercio,2025-07-28T21:03:20.686Z,"Dina Boluarte: minuto a minuto, así fue su último mensaje a la Nación ante el Congreso",Víctor Reyes Parra,https://elcomercio.pe/politica/gobierno/dina-boluarte-vivo-mensaje-a-la-nacion-discurso-ante-el-congreso-28-de-julio-presidenta-de-la-republica-fiestas-patrias-anuncios-compromisos-incidentes-noticia/,"
“He sido blanco constante de cuestionamientos, críticas, amenazas de vacancia motivadas no necesariamente por hechos objetivos, sino por otro tipo de intereses”, afirma.  “Mi gobierno no tuvo paz, ni tregua. Desde un inicio enfrentamos una ofensiva violenta”, agrega durante su discurso, marcado por incidentes.","Dina Boluarte, Mensaje a la Nación, Fiestas Patrias, Congreso de la República"
El Comercio,2025-07-28T17:53:29.091Z,Incidentes marcan inicio del mensaje a la Nación de Dina Boluarte en el Congreso,Redacción EC,https://elcomercio.pe/politica/fiestas-patrias-2025-incidentes-marcan-inicio-del-mensaje-a-la-nacion-de-la-presidenta-dina-boluarte-en-el-congreso-noticia/,Boluarte criticó la narrativa que victimiza a golpistas y señaló ataques a la imagen del país.,"Fiestas Patrias 2025, Dina Boluarte, Congreso de la República, Fiestas Patrias del Perú"
El Comercio,2025-07-26T18:16:03.197Z,José Jerí es elegido nuevo presidente del Congreso 2025-2026,Thalía Cadenas,https://elcomercio.pe/politica/nuevo-presidente-del-congreso-en-vivo-jose-jeri-votacion-sesion-detalles-fernando-rospigliosi-waldemar-cerron-ilich-lopez-jose-cueto-noticia/,"Con 79 votos, se impuso a la lista de José Cueto. Acompañan a Jerí, Fernando Rospigliosi (Fuerza Popular), Waldemar Cerrón (Perú Libre) e Ilich López (Acción Popular). ",Congreso
El Comercio,2025-07-24T19:33:14.211Z,"Metro de Lima: PJ condena a 21 años y 8 meses de prisión a ex viceministro Jorge Cuba, quien fugó del país antes de la lectura de sentencia",Víctor Reyes Parra,https://elcomercio.pe/politica/justicia/odebrecht-en-vivo-poder-judicial-dicta-sentencia-por-el-caso-metro-de-lima-jorge-cuba-35-anos-lava-jato-noticia/,Fiscalía había pedido 35 años de prisión para ex viceministro de Comunicaciones del segundo gobierno aprista. Se trata de uno de los principales acusados de esta trama de corrupción del caso Odebrecht.,"Lava Jato, Odebrecht, Equipo especial Lava Jato, Caso Metro de Lima, Metro de Lima, Ecoteva, Caso Ecoteva, Alejandro Toledo, Eliane Karp"
El Comercio,2025-07-04T12:41:51.387Z,"José Antonio García Belaunde, excanciller peruano, falleció a los 77 años",Redacción EC,https://elcomercio.pe/politica/actualidad/jose-antonio-garcia-belaunde-excanciller-fallecio-a-los-77-anos-ultimas-noticia/,Fue ministro de Relaciones Exteriores durante el segundo gobierno de Alan García.,"José Antonio García Belaunde, Cancillería"
El Comercio,2025-06-28T07:32:41.916Z,PJ rechaza pedido fiscal de prisión preventiva contra Martín Vizcarra ,Redacción EC,https://elcomercio.pe/politica/justicia/martin-vizcarra-en-vivo-sigue-la-audiencia-del-poder-judicial-sobre-pedido-de-prision-preventiva-contra-expresidente-lbposting-noticia/,"El juez Víctor Alcócer, del Quinto Juzgado de Investigación Preparatoria de la 𝗖𝗼𝗿𝘁𝗲 𝗦𝘂𝗽𝗲𝗿𝗶𝗼𝗿 𝗡𝗮𝗰𝗶𝗼𝗻𝗮𝗹, impuso impedimento de salida por seis meses y comparecencia con restricciones. ","Martín Vizcarra, Poder Judicial, Ministerio Público"
El Comercio,2025-06-28T04:12:16.559Z,Martín Vizcarra: Juez rechaza pedido fiscal de prisión preventiva ,Víctor Reyes Parra,https://elcomercio.pe/politica/justicia/martin-vizcarra-en-vivo-poder-judicial-prision-preventiva-expresidente-fiscal-german-juarez-juicio-oral-presuntas-coimas-lomas-de-ilo-hospital-de-moquegua-noticia/,"En su lugar, dicta impedimento de salida por seis meses, comparecencia con restricciones y reglas de conducta, que incluye no acudir a embajadas, control biométrico mensual y justificación de actividades cada 30 días.","Martín Vizcarra, Poder Judicial"
El Comercio,2025-06-12T22:30:51.691Z,Congreso otorga el voto de confianza al Gabinete Ministerial de Eduardo Arana ,Víctor Reyes Parra,https://elcomercio.pe/politica/actualidad/voto-de-confianza-del-congreso-en-vivo-gabinete-ministerial-del-primer-ministro-eduardo-arana-dina-boluarte-debate-votacion-detalles-video-en-directo-minuto-a-minuto-noticia/,"Arana anunció que se creará una comisión integrada por el Ejecutivo, Congreso, sociedad civil y “organismos competentes” para evaluar y proponer una decisión sobre la permanencia del Perú en el Sistema Interamericano de DDHH.","Eduardo Arana, Voto de confianza, Dina Boluarte, Congreso, Gabinete Ministerial"
El Comercio,2025-06-12T22:17:51Z,Pleno del Congreso le otorga el voto de confianza al Gabinete Ministerial que preside Eduardo Arana ,Ernesto Cegarra,https://elcomercio.pe/politica/actualidad/congreso-en-vivo-voto-de-confianza-al-gabinete-de-eduardo-arana-dina-boluarte-ministros-debate-votacion-video-minuto-a-minuto-lbposting-noticia/,"Con 62 votos a favor, 30 en contra y 10 abstenciones. ","Eduardo Arana, Voto de confianza, Congreso de la República, Debate en el Congreso, Gabinete de Eduardo Arana"
El Comercio,2025-05-14T19:06:43.61Z,Eduardo Arana es el nuevo presidente del Consejo de Ministros: ¿quiénes más integran el Gabinete?,Sebastian Ortiz Martínez,https://elcomercio.pe/politica/congreso/dina-boluarte-en-vivo-juramentacion-nuevo-presidente-del-consejo-de-ministros-gabinete-ministerial-quienes-son-gustavo-adrianzen-eduardo-arana-morgan-quero-noticia/,"Eduardo Arana, exministro de Justicia y Derechos Humanos y muy cercano a la mandataria, sucede en el cargo a Gustavo Adrianzén. ","Dina Boluarte, Gustavo Adrianzén, Censura"
El Comercio,2025-05-14T01:21:20.248Z,Gustavo Adrianzén renuncia a la PCM cuando aumentaban las voces en el Congreso para censurarlo,Redacción EC,https://elcomercio.pe/politica/congreso/gustavo-adrianzen-renuncia-a-la-pcm-un-dia-antes-de-que-congreso-vote-su-censura-juramentacion-nuevo-gabinete-dina-boluarte-noticia/,"“Durante el tiempo que ejercí el cargo lo hice con gran sentido de responsabilidad y de compromiso (...) sin cometer actos de corrupción”, expresó en un pronunciamiento en Palacio de Gobierno.","Dina Boluarte, Gustavo Adrianzén, Censura"
El Comercio,2025-05-13T21:56:52.221Z,"Dina Boluarte cambia a sus ministros de Economía, Interior y Transportes, un día antes del voto de la censura a Gustavo Adrianzén",Sebastian Ortiz Martínez,https://elcomercio.pe/politica/congreso/dina-boluarte-en-vivo-toma-juramento-a-nuevos-ministros-un-dia-antes-del-voto-de-la-censura-a-gustavo-adrianzen-morgan-quero-eduardo-arana-pcm-nuevo-primer-ministro-noticia/,"Juraron Raúl Pérez Reyes Espejo (Economía y Finanzas), Carlos Alberto Malaver (Interior) y César Sandoval Pozo (Transportes y Comunicaciones).","Dina Boluarte, Gustavo Adrianzén, Censura"
El Comercio,2025-05-13T18:52:30.193Z,Papa León XIV: Dina Boluarte pide al Congreso permiso para viajar a misa solemne en el Vaticano del 16 al 19 de mayo,Redacción EC,https://elcomercio.pe/politica/actualidad/papa-leon-xiv-dina-boluarte-pide-al-congreso-permiso-para-viajar-a-misa-solemne-en-el-vaticano-del-16-al-19-de-mayo-ultimas-noticia/,"También pide al presidente del Congreso, Eduardo Salhuana, que participe en la delegación con la titular del Poder Judicial.","Dina Boluarte, Congreso de la República, Papa León XIV, Vaticano"
El Comercio,2025-05-06T20:33:42.18Z,Qali Warma: Congreso interpeló a la ministra Leslie Urteaga por intoxicación de escolares,Redacción EC,https://elcomercio.pe/politica/congreso/qali-warma-en-vivo-congreso-interpela-este-martes-a-ministra-del-midis-leslie-urteaga-por-intoxicaciones-de-escolares-wasi-mikuna-noticia/,"El debate se prolongó por más de dos horas. Tras las respuestas de la ministra, los congresistas pueden presentar una moción de censura.","Morgan Quero, Leslie Urteaga, Congreso de la República, César Vásquez, Gustavo Adrianzén"
El Comercio,2025-04-29T20:10:12.695Z,Ollanta Humala y Nadine Heredia: PJ realiza lectura del íntegro de la sentencia a 15 años de prisión,Redacción EC,https://elcomercio.pe/politica/justicia/ollanta-humala-y-nadine-heredia-en-vivo-poder-judicial-realiza-este-martes-29-la-lectura-completa-de-la-condena-a-15-anos-de-prision-asilo-brasilpor-lavado-de-activos-noticia/,"El 15 de abril, en el adelanto del fallo, Juzgado sentenció a expresidente y ex primera dama por el delito de lavado de activos. ","Ollanta Humala, Nadine Heredia, Partido Nacionalista, Lava Jato, Equipo Especial Lava Jato, Odebrecht, Poder Judicial"
El Comercio,2025-04-28T23:07:13.555Z,Caso Odebrecht: PJ condena a 35 años de prisión a empresario Rómulo Jorge Peñaranda por lavado de activos,Víctor Reyes Parra,https://elcomercio.pe/politica/justicia/caso-odebrecht-en-vivo-poder-judicial-nueva-sentencia-ahora-contra-empresario-romulo-jorge-penaranda-castaneda-fiscalia-noticia/,"Fiscalía acusó al empresario de lavado de activos por recibir –entre el 2010 y 2013– más de US$2,6 millones de origen ilícito de Odebrecht en una cuenta en Andorra.","Caso Odebrecht, Poder Judicial, Jorge Peñaranda"
El Comercio,2025-04-23T23:18:50.339Z,Congreso niega permiso a Dina Boluarte  para viajar al Vaticano y asistir a funeral del papa Francisco,Martín Calderón,https://elcomercio.pe/politica/actualidad/dina-boluarte-en-vivo-permiso-para-asistir-a-funerales-del-papa-francisco-viaje-a-ciudad-del-vaticano-congreso-noticia/,"La mandataria pedía salir del país del 24 al 28 de abril. No obstante, su solicitud fue rechazada con 45 votos en contra, 40 a favor y una abstención.","Dina Boluarte, Papa Francisco, Congreso"
El Comercio,2025-04-16T18:04:30.186Z,BARBADILLO,,https://elcomercio.pe/politica/barbadillo-la-carcel-de-los-expresidentes-del-peru-el-comercio-peru-noticia/,,Barbadillo
El Comercio,2025-04-16T02:14:04.708Z,Nadine Heredia: Brasil aprueba asilo político para exprimera dama pese a condena de 15 años de prisión,Redacción EC,https://elcomercio.pe/politica/gobierno/nadine-heredia-brasil-aprueba-asilo-politico-para-exprimera-dama-pese-a-condena-de-15-anos-de-prision-ollanta-humala-dina-boluarte-cancilleria-peruana-ultimas-noticia/,"La Cancillería informó que el Gobierno peruano ha otorgado los salvoconductos para la exprimera dama y su hijo de 15 años, a fin de que puedan salir del país.","Nadine Heredia, Brasil, Ollanta Humala, Poder Judicial, Lula da Silva"
El Comercio,2025-04-15T19:47:16.195Z,Ollanta Humala y Nadine Heredia son condenados a 15 años de cárcel por lavado de activos,Víctor Reyes Parra,https://elcomercio.pe/politica/justicia/en-vivo-ollanta-humala-y-nadine-heredia-poder-judicial-sentencia-este-martes-por-lavado-de-activos-en-caso-de-aportes-al-partido-nacionalista-expresidente-del-peru-noticia/,"Ollanta Humala sería trasladado en las próximas horas al penal de Barbadillo, donde también purga su condena el expresidente Alejandro Toledo; y prisión preventiva el ex mandatario Pedro Castillo.","Ollanta Humala, Nadine Heredia, Partido Nacionalista, Lava Jato, Equipo Especial Lava Jato, Odebrecht"
El Comercio,2025-04-15T16:59:48.737Z,Dictan 15 años de prisión efectiva a Ollanta Humala y Nadine Heredia por el delito de lavado de activos,Redacción EC,https://elcomercio.pe/politica/justicia/sentencia-ollanta-humala-y-nadine-heredia-en-vivo-poder-judicial-resuelve-por-caso-de-aportes-al-partido-nacionalista-lbposting-noticia/,El Poder Judicial dictó condenas al expresidente Ollanta Humala y a su esposa Nadine Heredia a 15 años de prisión por lavado de activos y ordena sus internamiento en penales hasta el 28 de julio del 2039.,"Ollanta Humala, Nadine Heredia, Poder Judicial, Caso Lava Jato"
El Comercio,2025-04-11T15:22:08.742Z,Dina Boluarte: Mario Cabani se presentó ante la Comisión de Fiscalización por cirugía a mandataria,Redacción EC,https://elcomercio.pe/politica/comision-de-fiscalizacion-cita-a-mario-cabani-este-viernes-por-cirugia-a-dina-boluarte-ultimas-noticia/,Cabani señala que está a la espera de la decisión del Poder Judicial sobre el pedido fiscal de levantamiento del secreto médico relacionado con la paciente Boluarte Zegarra. Añade que se allanaron a la solicitud.,"Congreso de la República, Dina Boluarte, Mario Cabani"
El Comercio,2025-04-10T03:46:06.454Z,Congreso interpeló al primer ministro Gustavo Adrianzén,Martín Calderón,https://elcomercio.pe/politica/actualidad/interpelacion-en-vivo-gustavo-adrianzen-responde-este-miercoles-ante-el-congreso-pliego-de-43-preguntas-sobre-ola-de-criminalidad-crisis-economica-gabinete-dina-boluarte-noticia/,"El jefe del Gabinete respondió un pliego de 43 preguntas sobre la ola de criminalidad en el país, entre otros temas.","Gustavo Adrianzén, Dina Boluarte, Congreso"
El Comercio,2025-04-10T01:41:53Z,Gustavo Adrianzén fue interpelado por el Congreso: parlamentarios debaten tras presentación del primer ministro  ,Redacción EC,https://elcomercio.pe/politica/gobierno/gustavo-adrianzen-en-vivo-primer-ministro-es-interpelado-en-congreso-de-la-republica-por-ola-de-criminalidad-y-otros-temas-coyunturales-dina-boluarte-lbposting-noticia/,"El presidente del Consejo de Ministros contestó un pliego de 43 preguntas sobre diferentes temas coyunturales, entre ellos, la ola de criminalidad en el país. ","Gustavo Adrianzén, Congreso de la República, Dina Boluarte"
El Comercio,2025-04-08T18:57:15.404Z,Pedro Castillo: PJ realizó la décimo quinta audiencia del juicio oral por el golpe de Estado ,Víctor Reyes Parra,https://elcomercio.pe/politica/justicia/pedro-castillo-en-vivo-rtes-8-de-abril-se-realiza-la-decimo-quinta-audiencia-del-juicio-oral-por-el-golpe-de-estado-testimonios-citados-noticia/,"La sesión se desarrolló en la sala de audiencias de la Corte Suprema en el complejo policial Dinoes, contigua al penal de Barbadillo, donde el expresidente cumple prisión preventiva.","Pedro Castillo, Golpe de estado, Betssy Chávez, Aníbal Torres, Willy Huerta"
El Comercio,2025-04-04T19:23:24.333Z,Pedro Castillo: Así se desarrolló la décimo cuarta audiencia del juicio oral por el golpe de Estado,Víctor Reyes Parra,https://elcomercio.pe/politica/justicia/pedro-castillo-en-vivo-este-viernes-4-de-abril-continua-juicio-oral-por-golpe-de-estado-con-declaracion-de-mas-testigos-noticia/,"Uno de los testigos que declararon fue la congresista Heidy Juárez (Podemos Perú, ex APP), ministra de la Mujer y Poblaciones Vulnerables al momento del golpe de Estado.","Pedro Castillo, Golpe de estado, Betssy Chávez, Aníbal Torres, Willy Huerta"
El Comercio,2025-04-03T18:14:44.196Z,Pedro Castillo: Así se desarrolló la décimo tercera audiencia del juicio oral por golpe de Estado,Víctor Reyes Parra,https://elcomercio.pe/politica/justicia/pedro-castillo-en-vivo-cuatro-nuevos-testigos-de-la-fiscalia-citados-este-jueves-a-juicio-oral-por-golpe-de-estado-noticia/,Fueron citados cuatro testigos de la fiscalía. vinculados al papel de la acusada ex primera ministra Betssy Chávez.,"Pedro Castillo, Golpe de estado, Betssy Chávez, Aníbal Torres, Willy Huerta"
El Comercio,2025-04-02T22:37:55.995Z,"Gobierno suspende propuesta de franja informativa, anuncia ministro Eduardo Arana",Redacción EC,https://elcomercio.pe/politica/gobierno/franja-informativa-gobierno-suspende-polemica-propuesta-anuncia-ministro-de-justicia-eduardo-arana-ultimas-noticia/,"En conferencia de prensa tras la sesión del Consejo de Ministros, recordó que ya existe una norma vigente al respecto y negó que la iniciativa sea “inconstitucional o ilegal”.","Poder Ejecutivo, Minjusdh, Eduardo Arana, Libertad de prensa, Libertad de expresión, Estado de emergencia, Seguridad ciudadana"
El Comercio,2025-04-01T17:27:01.299Z,Pedro Castillo: Tres nuevos testigos declararon este martes en juicio a Pedro Castillo por golpe de Estado,Víctor Reyes Parra,https://elcomercio.pe/politica/justicia/pedro-castillo-en-vivo-congresistas-y-nuevos-testigos-de-la-fiscalia-citados-para-este-martes-en-juicio-por-golpe-de-estado-video-decimo-segunda-audiencia-noticia/,Se trata de décimo segunda sesión de este proceso que se desarrolla en la sala de audiencias de la Corte Suprema en el complejo policial Dinoes.,"Pedro Castillo, Golpe de estado, Betssy Chávez, Aníbal Torres, Willy Huerta"
El Comercio,2025-03-28T17:33:14.838Z,Pedro Castillo: Congresistas Bazán y Tudela declararon como testigos en juicio por golpe de Estado,Víctor Reyes Parra,https://elcomercio.pe/politica/justicia/pedro-castillo-en-vivo-congresistas-citados-a-declarar-en-juicio-por-golpe-de-estado-video-noticia/,Se trata de décimo primera sesión de este proceso que se desarrolla en la sala de audiencias de la Corte Suprema en el complejo policial Dinoes.,"Pedro Castillo, Golpe de estado, Betssy Chávez, Aníbal Torres, Willy Huerta"
El Comercio,2025-03-27T19:19:47.356Z,Pedro Castillo: Así se desarrolló la décima audiencia del juicio oral por golpe de Estado | VIDEO,Víctor Reyes Parra,https://elcomercio.pe/politica/justicia/pedro-castillo-en-vivo-decima-audiencia-del-juicio-oral-por-el-golpe-de-estado-se-realiza-este-jueves-27-de-marzo-testimonios-noticia/,La sesión se prolongó por más de cinco horas. Declararon tres testigos de la fiscalía.,"Pedro Castillo, Golpe de estado, Betssy Chávez, Aníbal Torres, Willy Huerta"
El Comercio,2025-03-25T18:14:56.792Z,Dina Boluarte convoca a elecciones generales para 12 de abril del 2026 ,Redacción EC,https://elcomercio.pe/politica/actualidad/en-vivo-dina-boluarte-brinda-mensaje-a-la-nacion-desde-palacio-de-gobierno-ministro-del-interior-elecciones-video-noticia/,"Presidenta emite mensaje a la Nación desde Palacio de Gobierno, acompañada de los titulares del sistema electoral.",
El Comercio,2025-03-25T17:25:35.804Z,Pedro Castillo: Juicio oral por el golpe de Estado continuó este martes y se reanuda el jueves 27,Víctor Reyes Parra,https://elcomercio.pe/politica/justicia/pedro-castillo-en-vivo-pj-reanuda-este-martes-juicio-oral-por-el-golpe-de-estado-anibal-torres-betssy-chavez-video-noticia/,"Fiscalía pide una condena de 34 años de prisión por los delitos de rebelión, abuso de autoridad y grave perturbación a la tranquilidad pública. ","Pedro Castillo, Golpe de estado, Betssy Chávez, Aníbal Torres, Willy Huerta"
El Comercio,2025-03-22T03:14:17.881Z,Congreso censura al ministro Juan José Santiváñez: así votaron las bancadas,Thalía Cadenas,https://elcomercio.pe/politica/congreso/censura-en-vivo-juan-jose-santivanez-pleno-del-congreso-ministro-del-interior-mociones-para-retirarlo-del-cargo-votacion-debate-mininter-noticia/,"Ahora, el ministro debe presentar su renuncia ante la presidenta de la República. Más de 30 legisladores pretendieron salvar al titular del Interior (11 votaron en contra y 18 en abstención) Congreso censura a ministro.","Juan José Santiváñez, Mininter, Dina Boluarte, Congreso"
El Comercio,2025-03-21T18:20:15Z,"Pleno del Congreso aprobó la censura contra el ministro del Interior, Juan José Santiváñez ",Redacción EC,https://elcomercio.pe/politica/congreso/censura-juan-jose-santivanez-en-vivo-pleno-del-congreso-debate-mociones-para-retirar-a-ministro-del-interior-del-cargo-dina-boluarte-lbposting-noticia/,"Con 78 votos a favor, 11 en contra y 20 abstenciones. Santiváñez deberá presentar la renuncia a su cargo en las siguientes horas. ","Juan José Santiváñez, Ministerio del Interior, Censura, Dina Boluarte"
El Comercio,2025-03-21T15:06:50.533Z,Pedro Castillo: PJ continuó este viernes juicio oral por el golpe de Estado,Redacción EC,https://elcomercio.pe/politica/justicia/pedro-castillo-en-vivo-juicio-oral-por-el-golpe-de-estado-se-reanuda-este-viernes-21-de-marzo-betssy-chavez-anibal-torres-video-testimonios-noticia/,"Fiscalía pide una condena de 34 años de prisión por los delitos de rebelión, abuso de autoridad y grave perturbación a la tranquilidad pública. ","Pedro Castillo, Golpe de estado, Betssy Chávez, Aníbal Torres, Willy Huerta"
El Comercio,2025-03-21T03:25:57.649Z,Juan José Santiváñez: así fue su presentación ante el Congreso un día antes del debate de su censura,Sebastian Ortiz Martínez,https://elcomercio.pe/politica/actualidad/juan-jose-santivanez-en-vivo-se-presenta-ante-el-congreso-un-dia-antes-del-debate-de-las-mociones-de-censura-ministro-del-interior-inseguridad-votos-noticia/,"“Nos están saboteando”, exclama el ministro del Interior. Si bien dice que “no podemos estar enfrentados, ni divididos”, afirma que existe una “campaña de desprestigio con la narrativa de inseguridad extrema a través de ataques constantes con datos falsos”.","Juan José Santiváñez, Dina Boluarte, Congreso"
El Comercio,2025-03-20T18:27:02.054Z,Pedro Castillo: Juicio oral por el golpe de Estado se reanuda este viernes,Víctor Reyes Parra,https://elcomercio.pe/politica/justicia/pedro-castillo-en-vivo-juicio-por-el-golpe-de-estado-continua-este-jueves-20-de-marzo-testimonios-betssy-chavez-anibal-torres-willy-huerta-noticia/,El juzgamiento al expresidente y tres exministros continuó este jueves con la declaración de nuevos testigos de la fiscalía. ,"Pedro Castillo, Golpe de estado, Betssy Chávez, Aníbal Torres, Willy Huerta"
El Comercio,2025-03-20T16:19:27.106Z,Ministro del Interior informó ante el Congreso los planes de su sector para enfrentar a la criminalidad ,Redacción EC,https://elcomercio.pe/politica/congreso/juan-jose-santivanez-se-presenta-ante-el-congreso-para-informar-planes-de-su-sector-frente-a-inseguridad-lbposting-noticia/,La sesión en el pleno del Parlamento comenzó a las 10 am.  Presentación del funcionario se dio un día antes de que se debata la censura en su contra. ,"Juan José Santiváñez, Criminalidad, Ministerio del Interior, Congreso de la República"
El Comercio,2025-03-20T15:19:59.949Z,Martín Vizcarra: Acusación por Caso Vacunagate queda en suspenso en el pleno del Congreso,Alexander Villarroel Zurita,https://elcomercio.pe/politica/congreso/caso-vacunagate-y-martin-vizcarra-congreso-nueva-acusacion-constitucional-por-organizacion-criminal-y-otros-seis-delitos-noticia/,"Se sustentó el informe que recomienda acusar al exjefe del Estado por presunta organización criminal y otros delitos. Sin embargo, se pidió un cuarto intermedio.","Vacunagate, Martín Vizcarra, Congreso, pleno"
El Comercio,2025-03-20T02:26:57.042Z,Martín Vizcarra: Debate de nueva acusación esta vez por siete delitos pasa a cuarto intermedio en el pleno del Congreso,Redacción EC,https://elcomercio.pe/politica/congreso/martin-vizcarra-en-vivo-pleno-del-congreso-acusacion-constitucional-contra-expresidente-por-siete-delitos-caso-vacunagate-organizacion-criminal-concusion-cohecho-1-noticia/,"Informe final de la Subcomisión de Acusaciones Constitucionales responsabiliza a exmandatario por los presuntos delitos de organización criminal, concusión, colusión agravada, cohecho pasivo propio, negociación incompatible o aprovechamiento indebido del cargo, tráfico de influencias y falsificación de documentos.","Martín Vizcarra, Congreso"
El Comercio,2025-03-18T18:30:08.261Z,Pedro Castillo: PJ reanudará este jueves juicio por golpe de Estado,Víctor Reyes Parra,https://elcomercio.pe/politica/justicia/pedro-castillo-en-vivo-juicio-por-el-golpe-de-estado-continua-este-martes-18-de-marzo-fiscalia-golpe-de-estado-anibal-torres-betssy-chavez-noticia/,"Durante la audiencia declararon cuatro testigos, entre ellos Manuel Gómez de la Torre, exjefe del Comando Conjunto de las Fuerzas Armadas; y Walter Córdova, excomandante general del Ejército.","Pedro Castillo, golpe de Estado, Aníbal Torres, Betssy Chávez, Willy Huerta"
El Comercio,2025-03-14T18:30:30.752Z,Pedro Castillo: Juicio oral contra el expresidente por el golpe de Estado continúa el martes 18,Víctor Reyes Parra,https://elcomercio.pe/politica/justicia/en-vivo-pedro-castillo-continua-juicio-oral-contra-el-expresidente-por-el-golpe-de-estado-ministerio-publico-anibal-torres-betssy-chavez-willy-huerta-noticia/,"El expresidente abandonó su huelga de hambre, informó el médico que lo evaluó en el penal. La sesión se llevó a cabo sin su presencia debido a la descompensación que sufrió el jueves. ","Pedro Castillo, Ministerio Público, Betssy Chávez, Aníbal Torres, PCM, Willy Huerta, golpe de Estado"
El Comercio,2025-03-12T16:46:48.724Z,"Delegación de la SIP se reúne con autoridades, pero Dina Boluarte sigue sin confirmar encuentro",Alexander Villarroel Zurita,https://elcomercio.pe/politica/actualidad/delegacion-de-la-sip-sociedad-interamericana-de-pnresa-que-visita-el-peru-se-reune-con-autoridades-presidenta-del-poder-judicial-janet-tello-pero-dina-boluarte-sigue-sin-confirmar-encuentro-noticia/,"Misión de la Sociedad Interamericana de Prensa (SIP) tuvo un encuentro con la presidenta del Poder Judicial, Janet Tello; mientras que este miércoles se prevé otro encuentro con el presidente del Congreso y la fiscal de la Nación. De parte del Ejecutivo, serán atendidos por el jefe del Gabinete.","SIP, Sociedad Interamericana de Prensa, libertad de expresión, libertad de prensa"
El Comercio,2025-03-11T18:12:39.422Z,Pedro Castillo: culmina tercera audiencia del juicio oral contra expresidentes y otros por golpe de Estado ,Redacción EC,https://elcomercio.pe/politica/justicia/pedro-castillo-en-vivo-este-martes-continua-juicio-oral-contra-expresidente-por-golpe-de-estado-betssy-chavez-anibal-torres-willy-huerta-lbposting-noticia/,Expresidente reiteró este martes que no desea seguir participando en este proceso. Siguiente audiencia se realizará el jueves 13. ,"Pedro Castillo, Juicio a Pedro Castillo, Poder Judicial, Ministerio Público"
El Comercio,2025-03-06T18:53:23.975Z,Congreso aprobó restituir la firma de Alberto Fujimori en la Constitución Política de 1993,Redacción EC,https://elcomercio.pe/politica/congreso/congreso-aprobo-restituir-la-firma-de-alberto-fujimori-en-la-constitucion-politica-de-1993-ultimas-noticia/,La iniciativa fue aprobada en segunda votación para derogar la norma del 2001.,"Alberto Fujimori, Congreso de la República, Constitución, Constitución Política del Perú"
El Comercio,2025-03-06T17:55:28Z,Juicio a Pedro Castillo: culmina segunda audiencia del proceso contra exmandatario y exministros por golpe de Estado,Redacción EC,https://elcomercio.pe/politica/justicia/juicio-a-pedro-castillo-en-vivo-sigue-la-segunda-audiencia-del-proceso-contra-expresidente-y-sus-exministros-por-golpe-de-estado-betssy-chavez-anibal-torres-lbposting-noticia/,En la audiencia de este jueves se escucharon los alegatos de las defensas del expresidente y de los exministros Betssy Chávez y Willy Huerta. ,"Pedro Castillo, Betssy Chávez, Willy Huerta, Aníbal Torres, Poder Judicial"
El Comercio,2025-03-04T17:58:52.931Z,Poder Judicial instaló el juicio contra Pedro Castillo y sus exministros por el golpe de estado,Víctor Reyes Parra,https://elcomercio.pe/politica/justicia/pedro-castillo-en-vivo-poder-judicial-inicia-el-juicio-contra-el-expresidente-y-sus-exministros-por-el-golpe-de-estado-anibal-torres-betssy-chavez-noticia/,"La fiscalía señaló que este juicio no tiene precedentes en nuestra historia. Indicó que Pedro Castillo quebrantó el orden democrático y constitucional, pese a haber sido elegido presidente.","Pedro Castillo, Aníbal Torres, Betssy Chávez, golpe de Estado, Poder Judicial"
El Comercio,2025-03-04T17:55:30.314Z,PJ inició juicio oral contra Pedro Castillo y sus exministros por golpe de Estado de diciembre 2022 ,Víctor Reyes Parra,https://elcomercio.pe/politica/justicia/pedro-castillo-en-vivo-inicia-juicio-oral-contra-expresidente-por-fallido-golpe-de-estado-y-rebelion-sala-penal-especial-betssy-chavez-anibal-torres-lbposting-noticia/,"Este martes se instaló el juicio oral contra el expresidente, sus exministros y tres policías por los presuntos delitos de rebelión, abuso de autoridad y grave afectación a la tranquilidad pública. ","Pedro Castillo, Juicio a Pedro Castillo, Corte Suprema, Sala Penal Especial, Golpe de Estado, Poder Judicial, Aníbal Torres, Betssy Chávez, Willy Huerta"
El Comercio,2025-02-19T18:04:25.354Z,Francisco Sagasti: Comisión Permanente del Congreso aprueba informe que inhabilita por diez años a expresidente,Redacción EC,https://elcomercio.pe/politica/congreso/francisco-sagasti-en-vivo-comision-permanente-del-congreso-informe-que-acusa-e-inhabilita-por-diez-anos-a-expresidente-jose-elice-ruben-vargas-pnp-noticia/,"Decisión final la tendrá el pleno del Congreso. La misma sanción fue aprobada contra el exministro del Interior, José Elice.","Francisco Sagasti, Congreso, Comisión Permanente"
El Comercio,2025-02-17T19:43:52.664Z,Adrianzén y Quero no acuden a citación del Congreso para explicar cierre de Legado: se presenta jefe del IPD,Redacción EC,https://elcomercio.pe/politica/actualidad/legado-en-vivo-congreso-cita-gustavo-adrianzen-morgan-quero-y-jefe-del-ips-para-que-respondan-por-cierre-de-proyecto-especial-noticia/,"También fue invitado el ex director ejecutivo de los Juegos Panamericanos Lima 2019, Carlos Neuhaus Rizo-Patrón.","Legado, Morgan Quero, Gustavo Adrianzén, IPD"
El Comercio,2025-02-06T17:45:38.098Z,José Jerí: Comisión de Ética no investigará a legislador denunciado por violación,Redacción EC,https://elcomercio.pe/politica/congreso/jose-jeri-en-vivo-comision-de-etica-investigacion-congresista-acusado-de-violacion-somos-peru-votacion-noticia/,"Al inicio de la sesión, el presidente de este grupo de trabajo, Alex Paredes, anunció que no presentarán denuncia de oficio, argumentando que el caso ya se encuentra en la fiscalía.","Comisión de Ética, Congreso de la República, José Jerí"
El Comercio,2025-02-05T15:54:44.516Z,Comisión de Justicia aprobó dictamen de insistencia para restituir la detención preliminar  ,Sebastian Ortiz Martínez,https://elcomercio.pe/politica/congreso/en-vivo-congreso-detencion-preliminar-comision-de-justicia-dictamen-sobre-detencion-preliminar-tras-observaciones-de-gobierno-de-dina-boluarte-noticia/,El predictamen del Parlamento establece que la detención preliminar solo sea para un número limitado de delitos. ,"Comisión de Justicia del Congreso, Congreso de la República, Isaac Mita, Perú Libre, Dina Boluarte, Detención preliminar"
El Comercio,2025-02-01T15:58:00Z,"Dina Boluarte nombra a nuevos ministros de Economía, Desarrollo e Inclusión Social, y Mujer",Víctor Reyes Parra,https://elcomercio.pe/politica/gobierno/dina-boluarte-toma-juramento-a-ministros-de-estado-este-viernes-en-palacio-de-gobierno-ultimas-noticia/,"Se trata de José Antonio Salardi (MEF); Leslie Urteaga (Midis) y Fanny Montellanos (Mujer).  “Me retiro con la frente en alto, con la convicción de haber trabajado por los más vulnerables y combatiendo con determinación la corrupción”, escribió minutos antes de la ceremonia Julio Demartini.","Dina Boluarte, Palacio de Gobierno"
El Comercio,2025-01-30T12:00:00Z,Edmundo González en Perú: presidente electo de Venezuela fue condecorado en el Congreso ,Redacción EC,https://elcomercio.pe/politica/actualidad/edmundo-gonzalez-en-vivo-presidente-electo-de-venezuela-llega-al-peru-para-reunirse-con-dina-boluarte-y-encontrarse-con-sus-compatriotas-nicolas-maduro-maria-corina-machado-lbposting-noticia/,El presidente electo de Venezuela realizará este miércoles actividades en Lima como parte de su gira por la región. Sigue aquí las incidencias en El Comercio.  ,"Venezuela, Edmundo González Urrutia, Dina Boluarte, Lima"
El Comercio,2025-01-29T23:15:14.848Z,Presidente electo de Venezuela es condecorado en el Congreso,Redacción EC,https://elcomercio.pe/politica/actualidad/venezuela-edmundo-gonzalez-urrutia-llega-este-miercoles-a-lima-y-se-reune-con-dina-boluarte-actividades-reuniones-detalles-nicolas-maduro-noticia/,Edmundo González Urrutia recibió un reconocimiento en el Parlamento. Se ha convocado a una concentración en la Plaza San Martín.,"Edmundo González Urrutia, Dina Boluarte, Venezuela, Nicolás Maduro, Perú"
El Comercio,2025-01-29T01:22:22.767Z,Antauro Humala: Corte Suprema confirma ilegalidad de su partido en segunda y definitiva instancia,Alexander Villarroel Zurita,https://elcomercio.pe/politica/justicia/antauro-humala-corte-suprema-apelacion-contra-declaratoria-de-ilegalidad-de-su-partido-y-cierre-de-sus-locales-noticia/,"En octubre, la Sala de Derecho Constitucional y Social Permanente declaró ilegal el partido A.N.T.A.U.R.O.. La decisión ha quedado firme, por lo que se cerrarán todos sus locales. ","Antauro Humala, Andahuaylazo, Corte Suprema, Elecciones"
El Comercio,2025-01-27T19:04:27.395Z,Martín Vizcarra: PJ continúa este lunes 3 de febrero juicio oral por presuntas coimas en dos proyectos,Redacción EC,https://elcomercio.pe/politica/justicia/martin-vizcarra-en-vivo-juicio-oral-por-presuntas-coimas-contra-expresidente-continua-este-lunes-27-de-enero-iccgsa-obrainsa-moquegua-video-noticia/,"Cuarto Juzgado Colegiado de la Corte Superior Nacional tiene a su cargo el juicio oral contra Vizcarra por presuntamente haber recibido S/ 2,3 millones en sobornos para los proyectos Lomas de Ilo y Hospital de Moquegua.","Martín Vizcarra, ICCGSA, Hospital de Moquegua, Poder Judicial"
El Comercio,2025-01-23T03:08:07.84Z,"Daniel Abugattás, expresidente del Congreso, falleció a los 69 años de edad",Redacción EC,https://elcomercio.pe/politica/daniel-abugattas-majluf-expresidente-del-congreso-fallece-a-los-69-anos-esta-tarde-miercoles-22-de-enero-ultimas-noticia/,El deceso del excongresista fue confirmado a través de un comunicado por sus familiares. Se informó que las exequias se realizarán en privado.,"Daniel Abugattás, Político"
El Comercio,2025-01-20T19:07:42.82Z,Martín Vizcarra: PJ reanuda el lunes 27 de enero juicio oral por presuntas coimas,Redacción EC,https://elcomercio.pe/politica/justicia/martin-vizcarra-en-vivo-coimas-testimonios-poder-judicial-lunes-20-juicio-oral-por-presuntas-coimas-con-testigos-tecnicos-y-peritos-video-noticia/,"Cuarto Juzgado Colegiado de la Corte Superior Nacional tiene a su cargo el juicio oral contra Vizcarra por presuntamente haber recibido S/ 2,3 millones en coimas para los proyectos Lomas de Ilo y Hospital de Moquegua.","Martín Vizcarra, ICCGSA, Hospital de Moquegua, Poder Judicial"
El Comercio,2025-01-17T17:36:29.161Z,"Nicanor Boluarte: PJ realiza hoy audiencia, la primera tras revocar prisión preventiva",Redacción EC,https://elcomercio.pe/politica/nicanor-boluarte-pj-audiencia-la-primera-tras-revocar-prision-preventiva-clandestinidad-caso-waykis-en-la-sombra-revoca-prision-preventiva-noticia/,"PJ evaluará pedido de declinatoria de competencia en proceso por organización criminal. El miércoles 15, Quinta Sala Penal de Apelaciones revocó la orden de 36 meses de prisión preventiva contra el hermano de la presidenta. ","Nicanor Boluarte, Waykis en la sombra"
El Comercio,2025-01-14T17:39:50.676Z,Ollanta Humala y Nadine Heredia: Fiscal presenta sus alegatos finales en juicio por lavado de activos,Víctor Reyes Parra,https://elcomercio.pe/politica/justicia/en-vivo-ollanta-humala-y-nadine-heredia-inician-alegatos-finales-el-juicio-por-aportes-a-campana-nacionalista-del-2011-y-2016-delito-de-lavado-de-activos-fiscalia-noticia/,Fiscal Germán Juárez solicitó 26 años y 6 meses de cárcel para Nadine Heredia y 20 años de prisión para Ollanta Humala. ,"Ollanta Humala, Nadine Heredia, Partido Nacionalista"
El Comercio,2025-01-13T19:47:33.662Z,Keiko Fujimori: PJ anula juicio oral contra lideresa de Fuerza Popular y otros acusados por “Caso Cócteles”,Víctor Reyes Parra,https://elcomercio.pe/politica/actualidad/keiko-fujimori-en-vivo-poder-judicial-anular-juicio-oral-por-caso-cocteles-tras-fallo-del-tc-en-caso-jose-chlimper-lideresa-de-fuerza-popular-y-otros-acusados-jose-domingo-perez-noticia/,"La decisión del juzgado alcanza a la excandidata presidencial y a los acusados que pidieron que se les aplique el fallo del TC a favor de José Chlimper, pero también a los que no lo hicieron. El caso vuelve a etapa intermedia (control de acusación) para los más de 30 procesados.","Keiko Fujimori, Caso Cocteles, Fuerza Popular, Fuerza  Popular"
El Comercio,2025-01-13T19:20:24.31Z,Dina Boluarte acudió a citación de fiscalía por investigación en su contra por presunta omisión de funciones ,Redacción EC,https://elcomercio.pe/politica/actualidad/dina-boluarte-en-vivo-presidenta-citada-por-fiscalia-de-la-nacion-este-lunes-13-por-omision-de-funciones-tras-cirugia-delia-espinoza-noticia/,"Declaración indagatoria de Boluarte había sido prevista inicialmente para el 2 de enero, pero a pedido de la propia investigada, el Ministerio Público la reprogramó para este lunes.","Dina Boluarte, Fiscalía de la Nación"
El Comercio,2025-01-13T17:24:13.417Z,Martín Vizcarra: PJ reanuda el lunes 20 juicio oral contra expresidente por presuntas coimas ,Redacción EC,https://elcomercio.pe/politica/justicia/en-vivo-martin-vizcarra-poder-judicial-reanuda-este-lunes-juicio-oral-por-presuntas-coimas-con-testigos-tecnicos-y-peritos-video-noticia/,"Cuarto Juzgado Colegiado de la Corte Superior Nacional tiene a su cargo el juicio oral contra Vizcarra por presuntamente haber recibido S/ 2,3 millones en coimas para los proyectos Lomas de Ilo y Hospital de Moquegua.","Martín Vizcarra, ICCGSA, Hospital de Moquegua"
El Comercio,2025-01-09T16:53:31.496Z,Martín Vizcarra: Cuatro testigos declararon en juicio por presuntas coimas,Víctor Reyes Parra,https://elcomercio.pe/politica/justicia/martin-vizcarra-en-vivo-juicio-oral-testimonios-de-exsecretaria-karem-roca-gerenta-de-iccgsa-testigos-coimas-hospital-de-moquegua-lomas-de-ilo-video-noticia/,"Fiscalía pide 15 años de prisión contra el exmandatario, por el presunto delito de cohecho. Se le acusa de haber recibido coimas por S/ 2,3 millones por dos obras cuando se desempeñó como gobernador regional de Moquegua.",Martín Vizcarra
El Comercio,2025-01-07T21:08:04.177Z,Martín Vizcarra opta por guardar silencio durante audiencia en el Congreso por denuncia de fiscalía,Redacción EC,https://elcomercio.pe/politica/congreso/martin-vizcarra-en-vivo-congreso-evalua-denuncia-constitucional-de-la-fiscalia-de-la-nacion-por-negociacion-incompatible-subcomision-de-acusaciones-constitucionales-noticia/,"Además, la Subcomisión de Acusaciones Constitucionales rechazó cuestión previa para que se acepte la decisión de Vizcarra de renunciar a su derecho al antejuicio político. Denuncia es por los presuntos delitos de negociación incompatible o aprovechamiento indebido del cargo, y nombramiento ilegal en agravio del Estado. ","Martín Vizcarra, Congreso"
El Comercio,2025-01-06T14:30:45.898Z,Nicanor Boluarte: Poder Judicial evalúa este lunes apelación contra orden de prisión preventiva,Redacción EC,https://elcomercio.pe/politica/actualidad/nicanor-boluarte-poder-judicial-apelacion-del-profugo-contra-orden-de-prision-preventiva-noticia/,"Nicanor Boluarte es investigado como parte el caso Los Waykis en la Sombra por los presuntos delitos de organización criminal, tráfico de influencias y cohecho activo genérico.","Dina Boluarte, Nicanor Boluarte, Waykis en la sombra"
El Comercio,2025-01-02T18:21:38.062Z,Janet Tello asume como nueva presidenta del Poder Judicial 2025-2026,Redacción EC,https://elcomercio.pe/politica/justicia/janet-tello-este-jueves-2-de-enero-asume-la-nueva-presidenta-del-poder-judicial-javier-arevalo-vela-ultimas-noticia/,"“Por una justicia íntegra, igualitaria, moderna y confiable”, exclamó Tello al jurar al cargo. La presidenta Dina Boluarte participa en la ceremonia.","Janet Tello, Poder Judicial, Javier Arévalo, Palacio de Justicia"
El Comercio,2024-12-27T02:37:26.669Z,Betssy Chávez: PJ evaluó pedido fiscal para ampliar 18 meses prisión preventiva por golpe de Estado,Karem Barboza Quiroz,https://elcomercio.pe/politica/actualidad/betssy-chavez-en-vivo-poder-judicial-pedido-fiscal-para-ampliar-18-meses-prision-preventiva-por-golpe-de-estado-pedro-castillo-anibal-torres-video-noticia/,"La solicitud fue presentada por la Segunda Fiscalía Suprema Transitoria Especializada en Delitos cometidos por Funcionarios Públicos, a cargo del fiscal supremo provisional transitorio Alcides Chinchay.","Betssy Chávez, Pedro Castillo, Golpe de Estado"
El Comercio,2024-12-26T20:46:31.565Z,Martín Vizcarra: Tres nuevos testigos declararon en juicio por caso Hospital de Moquegua,Redacción EC,https://elcomercio.pe/politica/justicia/martin-vizcarr-en-vivo-testigos-contra-expresidente-declaran-juicio-se-reanuda-este-jueves-con-el-testimonio-de-gerente-de-incot-y-chofer-de-exministro-noticia/,"En la audiencia, el tribunal escuchó el testimonio clave del exdirectivo de la empresa INCOT, que ganó junto a ICCGSA la adjudicación del proyecto hospitalario y por el cual se habría pagado S/1,3 millones al exmandatario.",Martín Vizcarra
El Comercio,2024-12-26T20:25:42.324Z,Comisión Permanente del Congreso tiene en agenda dictamen que restituye financiamiento de empresas a partidos,Redacción EC,https://elcomercio.pe/politica/congreso/en-vivo-financiamiento-a-partidos-comision-permanente-del-congreso-dictamen-que-restituye-el-financiamiento-de-empresas-a-partidos-politicos-noticia/,"Durante el receso parlamentario, la Comisión Permanente es la máxima instancia del Parlamento, en lugar del pleno.","partidos políticos, financiamiento, ONPE, Fernando Rospigliosi, Congreso, Comisión de Constitución, Elecciones, Elecciones 2026, financiamiento público directo, Ley de Organizaciones Políticas"
El Comercio,2024-12-18T17:45:54.113Z,Ollanta Humala y Nadine Heredia: juicio por lavado de activos se reanuda el 26 de diciembre,Redacción EC,https://elcomercio.pe/politica/justicia/ollanta-humala-y-nadine-heredia-continua-juicio-por-lavado-de-activos-noticia/,"Fiscal Germán Juárez pide una condena de 20 años de prisión para Ollanta Humala y 26 años y seis meses para Nadine Heredia. Además, se requiere la disolución del Partido Nacionalista.","Martín Belaunde Lossio, Ollanta Humala, Nadine Heredia, Odebrecht, Venezuela"
El Comercio,2024-12-16T19:41:52.847Z,"Martín Vizcarra: En juicio oral, directivos de ICCGSA confiesan pago de coimas por S/ 1.3 millón en caso Hospital de Moquegua",Víctor Reyes Parra,https://elcomercio.pe/politica/justicia/martin-vizcarra-en-vivo-juicio-oral-continua-este-lunes-con-testimonios-de-directivos-de-constructora-iccgsa-presuntas-coimas-fiscalia-pide-15-anos-de-prision-noticia/,"Rafael Granados, gerente comercial de la constructora ICCGSA, coincide en la versión de José Manuel Hernández sobre pedido de coimas hecho por Martín Vizcarra. “Pretendía S/ 1.3 millón para dar sus aprobación a la buena pro (del Hospital de Moquegua”, afirma en el juicio.",Martín Vizcarra
El Comercio,2024-12-16T18:17:50.155Z,Ollanta Humala y Nadine Heredia: Belaunde Lossio declaró en juicio por lavado de activos,Sebastian Ortiz Martínez,https://elcomercio.pe/politica/justicia/en-vivo-ollanta-humala-y-nadine-heredia-martin-belaunde-lossio-vuelve-a-declarar-este-lunes-en-juicio-por-lavado-de-activos-aportes-de-campana-noticia/,"Fiscal Germán Juárez pide una condena de 20 años de prisión para Ollanta Humala y 26 años y seis meses para Nadine Heredia. Además, se requiere la disolución del Partido Nacionalista.","Martín Belaunde Lossio, Ollanta Humala, Nadine Heredia, Odebrecht, Venezuela"
El Comercio,2024-12-14T16:37:00Z,Congreso salva de la censura al ministro Julio Demartini por caso Qali Warma,Víctor Reyes Parra,https://elcomercio.pe/politica/congreso/congreso-en-vivo-julio-demartini-pleno-decide-censura-o-no-a-ministro-de-inclusion-y-desarrollo-social-por-caso-qali-warma-dina-boluarte-votos-noticia/,Los votos de Fuerza Popular y APP impidieron que se apruebe la destitución del titular del Ministerio de Desarrollo e Inclusión Social.,"Congreso, Qali Warma, Julio Demartini, Dina Boluarte"
El Comercio,2024-12-13T02:54:52.02Z,Dina Boluarte pide en mensaje a la Nación ser convocada a declarar por la fiscal de la Nación,Redacción EC,https://elcomercio.pe/politica/dina-boluarte-en-vivo-presidenta-mensaje-a-la-nacion-conferencia-de-prensa-pena-de-muerte-mikonos-caso-cofre-morgan-quero-palacio-de-gobierno-video-ultimas-noticia/,"La mandataria invocó a la fiscal Delia Espinoza para que la cite a declarar en el contexto de la investigación por presunto abandono del cargo y omisión de funciones, debido a la intervención quirúrgica que se sometió. Además de los cuestionamientos relacionados con el ‘Caso Cofre’.","Dina Boluarte, PCM, Mensaje a la Nación, Gustavo Adrianzén, pena de muerte, Caso Cofre"
El Comercio,2024-12-10T18:20:34.704Z,Exministro Hernández confiesa que fue intermediario de pacto de ICCGSA y Martín Vizcarra para coima de S/ 1.3 millón,Víctor Reyes Parra,https://elcomercio.pe/politica/justicia/martin-vizcarra-en-vivo-juicio-oral-continua-este-martes-con-los-testimonios-claves-de-exministro-jose-manuel-hernandez-y-exconserje-de-obrainsa-noticia/,"Previamente, declaró el exconserje de Obrainsa, Tobías Puerta. La fiscalía pide 15 años de prisión para el acusado por presuntos sobornos cuando fue gobernador de Moquegua.","Martín Vizcara, Obrainsa, Poder Judicial."
El Comercio,2024-12-05T18:01:04.144Z,Jueza suprema Janet Tello fue elegida nueva presidenta del Poder Judicial,Redacción EC,https://elcomercio.pe/politica/justicia/poder-judicial-en-vivo-nuevo-presidente-del-pj-2025-2026-magistrados-supremos-eligen-a-titular-carlos-arias-lazarte-manuel-lujan-tupez-janet-tello-gilardi-noticia/,Nueva titular de la Corte Suprema asume en enero del 2025. Sucede en el cargo a Javier Arévalo.,"Poder Judicial, Corte Suprema, Janet Tello, Carlos Arias Lazarte, Manuel Luján Tupez"
El Comercio,2024-12-02T17:56:19.998Z,Martín Vizcarra: Juicio oral se reanuda el martes 10 de diciembre,Víctor Reyes Parra,https://elcomercio.pe/politica/justicia/martin-vizcarra-en-vivo-poder-judicial-continua-juicio-oral-con-declaracion-de-otros-cinco-testigos-obrainsa-fiscalia-pide-15-anos-de-prision-para-expresidente-video-noticia/,"Durante la audiencia del 25 de noviembre, dos testigos afirmaron ante los magistrados que la última palabra para la licitación del proyecto Lomas de Ilo, por el que se le acusa a Martín Vizcarra de haber recibido un soborno, la tenía el gobierno regional de Moquegua, donde el ahora exmandatario era la máxima autoridad.","Martín Vizcara, Obrainsa, Poder Judicial."
El Comercio,2024-12-02T04:12:00Z,Cuestionan decisión de prolongar la vigencia del Reinfo,Alexander Villarroel Zurita,https://elcomercio.pe/politica/actualidad/cuestionan-decision-de-prolongar-la-vigencia-del-reinfo-snmpe-comexperu-mineria-informal-mineria-ilegal-noticia/,"Representantes de la SNMPE y ComexPerú incidieron en que el Congreso se debió abocar a debatir el problema de fondo, en lugar de aplazarlo. El Parlamento aprobó prórroga hasta junio del 2025, con posibilidad una ampliación de otros seis meses.","Reinfo, minería ilegal, minería informal, ComexPerú, SNMPE"
El Comercio,2024-11-30T02:09:24.754Z,Pleno del Congreso aprueba ampliar el plazo del Reinfo,Redacción EC,https://elcomercio.pe/politica/congreso/reinfo-en-vivo-comision-de-energia-y-minas-del-congreso-insiste-ampliacion-de-registro-que-facilita-la-mineria-ilegal-confemin-noticia/,"Previamente, la Comisión de Energía y Minas dio luz verde a la fórmula para extender el plazo hasta el 30 de junio del 2025, dejando la posibilidad de prórroga adicional por otros seis meses por parte del Ejecutivo. ","Reinfo, Ministerio de Energía y Minas, Congreso, Paul Gutiérrez"
El Comercio,2024-11-26T22:19:31.213Z,"Congreso censura al ministro Rómulo Mucho, de Energía y Minas",Martín Calderón,https://elcomercio.pe/politica/actualidad/congreso-en-vivo-pleno-censura-contra-ministros-de-energia-y-minas-romulo-mucho-mamani-por-el-caso-petro-peru-y-de-desarrollo-e-inclusion-social-julio-demartini-por-el-escandalo-del-programa-qali-warma-noticia/,"Diversas bancadas también pedían la salida del titular de Desarrollo e Inclusión Social por el escándalo del programa Qali Warma, pero no alcanzaron mayoría. ","Rómulo Mucho Mamani, Julio Demartini, Congreso"
El Comercio,2024-11-25T18:06:14.758Z,Martín Vizcarra: juicio oral contra expresidente se reanudará el lunes 2 de diciembre,Víctor Reyes Parra,https://elcomercio.pe/politica/justicia/martin-vizcarra-en-vivo-continua-juicio-oral-por-cohecho-con-declaracion-de-testigo-exministro-edmer-trujillo-lomas-de-ilo-coimas-fiscalia-moquegua-video-noticia/,"Durante la sesión declaró el exministro Edmer Trujillo. El lunes 18 de noviembre, el empresario Manuel Tejeda Moscoso, hermano de Elard Tejeda y también directivo de la constructora Obrainsa, corroboró que su empresa accedió al pedido del expresidente para que le paguen “el 2% del costo directo de la obra” Lomas de Ilo.","Martín Vizcarra, Obrainsa, Elard Paul Tejeda, Lomas de Ilo"
El Comercio,2024-11-22T22:48:39.486Z,Unión civil: ¿En qué países existe esta figura o el matrimonio igualitario? | INFORME ECDATA,Ariana Lira Delcore,https://elcomercio.pe/ecdata/en-que-paises-existe-union-civil-o-matrimonio-igualitario-informe-ecdata-lgbt-union-civil-union-civil-peru-matrimonio-igualitario-ecdata-noticia/,Cerca de 40 naciones permiten que las personas del mismo sexo contraigan matrimonio y en 12 se admiten uniones civiles no matrimoniales. En 83 países estas parejas no tienen ningún tipo de reconocimiento legal. Perú es uno de ellos. Mira aquí un mapa interactivo.,"ecdata genero, LGBTIQ, matrimonio igualitario, Marcha del Orgullo"
El Comercio,2024-11-20T23:51:21.602Z,Congreso rechaza la reelección de gobernadores y alcaldes en segunda y definitiva votación,Redacción EC,https://elcomercio.pe/politica/congreso/congreso-en-vivo-pleno-dictamen-para-la-reeleccion-de-gobernadores-y-alcaldes-y-que-elimina-movimientos-regionales-comision-de-constitucion-video-noticia/,"A fines de mayo, el dictamen fue aprobado en primera votación. Por tratarse de una reforma constitucional, la segunda votación requería de por lo menos 87 votos.","Congreso, Comisión de Constitución, Martha Moyano, Fuerza Popular, alcaldes, Gobernadores, reelección"
El Comercio,2024-11-19T22:33:09.182Z,"Juez dicta 36 meses de prisión preventiva contra Nicanor Boluarte, cuyo paradero es desconocido",Karem Barboza Quiroz,https://elcomercio.pe/politica/justicia/nicanor-boluarte-en-vivo-poder-judicial-36-meses-de-prision-preventiva-por-caso-los-waykis-en-la-sombra-dina-boluarte-juez-richard-concepcion-carhuancho-noticia/,"El magistrado Richard Concepción Carhuancho aseguró que la medida es idónea para evitar que fugue u obstruya el proceso en su contra. Por ahora, el hermano de la presidenta está no habido.","Nicanor Boluarte, Dina Boluarte, Waykis en la sombra"
El Comercio,2024-11-18T16:11:17.963Z,Martín Vizcarra: Juicio oral contra expresidente se suspendió hasta próximo lunes ,Víctor Reyes Parra,https://elcomercio.pe/politica/justicia/martin-vizcarra-en-vivo-poder-judicial-reanuda-juicio-oral-con-testigo-clave-de-las-coimas-manuel-tejeda-obrainsa-lomas-de-ilo-elard-paul-tejeda-video-noticia/,"El lunes 11 de noviembre, Elard Paul Tejeda, exdirectivo de la constructora Obrainsa, confesó ante el Poder Judicial que pactó con  Vizcarra el “pago indebido del 2%” por la obra de Lomas de Ilo, equivalente a S/1 millón. ","Martín Vizcarra, Obrainsa, Elard Paul Tejeda, Lomas de Ilo"
El Comercio,2024-11-13T14:31:41.747Z,Juicio a Ollanta Humala y Nadine Heredia: audiencia se reanuda el martes 19,Víctor Reyes Parra,https://elcomercio.pe/politica/justicia/ollanta-humala-en-vivo-nadine-heredia-continua-juicio-e-interrogatorio-martin-belaunde-lossio-fiscal-german-juarez-juicio-recta-final-video-noticia/,"Durante la audiencia del martes, exasesor confesó que recibió dinero de Barata y de exfuncionaria chavista y que se lo entregó a ex primera dama, Nadine Heredia.","Ollanta Humala, Nadine Heredia, Odebrecht"
El Comercio,2024-11-12T21:32:22.34Z,Martín Belaunde Lossio afirma que entregó US$ 400 mil de Jorge Barata a Nadine Heredia | VIDEO,Redacción EC,https://elcomercio.pe/politica/justicia/ollanta-humala-se-reanuda-interrogatorios-en-juicio-a-expresidente-por-aportes-a-la-campana-de-odebrecht-y-venezuela-martin-belaunde-lossio-nadine-heredia-juicio-recta-final-video-noticia/,Exasesor de Ollanta Humala declaró durante juicio oral contra expresidente y ex primera dama por lavado de activos.,"Ollanta Humala, Nadine Heredia, Odebrecht"
El Comercio,2024-11-11T16:26:00.243Z,"Martín Vizcarra: Durante juicio, empresario confiesa pago de S/ 1 millón en coimas a expresidente",Víctor Reyes Parra,https://elcomercio.pe/politica/justicia/martin-vizcarra-juicio-se-reanuda-con-interrogatorio-a-testigo-clave-sobre-presuntas-coimas-obrainsa-lomas-de-ilo-elard-paul-tejeda-noticia/,"Elard Paul Tejeda, exdirectivo de la constructora Obrainsa, confiesa ante el Poder Judicial que pactó con  Vizcarra el “pago indebido del 2%” por la obra de Lomas de Ilo, equivalente a S/ 1 millón. ","Martín Vizcarra, Obrainsa, Elard Paul Tejeda, Lomas de Ilo"
El Comercio,2024-11-08T16:20:25.191Z,Delia Espinoza jura como nueva fiscal de la Nación y anuncia ejes de su gestión,Karem Barboza Quiroz,https://elcomercio.pe/politica/actualidad/delia-espinoza-en-vivo-fiscal-suprema-jura-como-nueva-fiscal-de-la-nacion-hasta-el-2027-video-ministerio-publico-noticia/,"A la ceremonia de juramentación, indican desde la Fiscalía, no se invitó ni a la presidenta Dina Boluarte, a ningún ministro o congresista.  Esto, señalan, como muestra de independencia frente a investigaciones que afrontan altos funcionarios.","Delia Espinoza, Fiscal  de la Nación, Ministerio Público, Juan Carlos Villena Campaña"
El Comercio,2024-11-06T20:19:00Z,Ollanta Humala fue interrogado como acusado en juicio en su contra por aportes a la campaña | VIDEO,Víctor Reyes Parra,https://elcomercio.pe/politica/justicia/ollanta-humala-en-vivo-expresidente-declara-interrogado-preguntas-en-juicio-en-su-contra-por-presuntos-aportes-de-odebrecht-nadine-heredia-juicio-recta-final-video-noticia/,"La fiscalía solicita 20 años de cárcel contra el exgobernante y otrora líder del Partido Nacionalista y 26 años y 6 meses de prisión contra la ex primera dama, Nadine Heredia.","Ollanta Humala, Nadine Heredia, Odebrecht"
El Comercio,2024-11-05T03:12:00Z,Martín Vizcarra: Así se desarrolló el segundo día del juicio oral contra expresidente | VIDEO,Víctor Reyes Parra,https://elcomercio.pe/politica/justicia/martin-vizcarra-vivo-juicio-lomas-de-ilo-hospital-de-moquegua-presunta-corrupcion-coimas-fiscalia-poder-judicial-fiscal-german-juarez-procuraduria-ad-hoc-video-noticia/,El exmandatario es procesado por el presunto delito de cohecho (soborno). El caso está a cargo del Cuarto Juzgado Colegiado de la Corte Superior Nacional.,"Martín Vizcarra, Poder Judicial, Ministerio Público"
El Comercio,2024-10-31T17:50:01.868Z,Alejandro Toledo: PJ brinda detalles de la condena a 20 años y 6 meses de cárcel | VIDEO,Redacción EC,https://elcomercio.pe/politica/justicia/alejandro-toledo-en-vivo-poder-judicial-lectura-completa-de-la-condena-a-20-anos-y-6-meses-de-carcel-expresidente-interoceanica-sur-odebrecht-barbadillo-detalles-testimonios-argumentos-video-noticia/,"El lunes 21 de octubre, el Segundo Juzgado Penal Colegiado de la Corte Superior Nacional anunció su decisión, en lo que se conoce como “adelanto” de sentencia y en audiencia pública lee hoy todo el expediente. ","Alejandro Toledo, Odebrecht"
El Comercio,2024-10-31T01:39:58.63Z,Pleno del Congreso interpeló al ministro de Defensa por compra de aviones de guerra,Redacción EC,https://elcomercio.pe/politica/congreso/walter-astudillo-ministro-de-defensa-interpelacion-pleno-del-congreso-compra-de-aviones-de-combate-avion-presidencial-ultimas-noticia/,"La sesión pasó a reservada por una hora, a solicitud de Walter Astudillo, quien argumentó que varias de las preguntas están referidas a asuntos de seguridad nacional.","Congreso de la República, Walter Astudillo, Ministerio de Defensa"
El Comercio,2024-10-29T02:25:00Z,Martín Vizcarra: así se desarrolló la primera audiencia del juicio oral que se le sigue por corrupción ,Sebastian Ortiz Martínez,https://elcomercio.pe/politica/justicia/martin-vizcarra-en-vivo-online-expresidente-afronta-juicio-oral-por-presunta-corrupcion-durante-su-periodo-como-gobernador-de-moquegua-lbposting-noticia/,"El fiscal Germán Juárez solicita 15 años de prisión efectiva para el expresidente peruano, por presuntamente haber recibido sobornos por más de S/2 millones cuando era gobernador regional de Moquegua, entre 2011 y 2014. Segunda audiencia será el 4 de noviembre. ","Poder Judicial, Martín Vizcarra, Juicio a Martín Vizcarra"
El Comercio,2024-10-28T18:00:06.127Z,Martín Vizcarra: fiscal Germán Juárez sustenta acusación tras inicio de juicio oral por corrupción | VIDEO,Sebastian Ortiz Martínez,https://elcomercio.pe/politica/justicia/martin-vizcarra-vivo-juicio-lomas-de-ilo-hospital-de-moquegua-presunta-corrupcion-coimas-fiscalia-poder-judicial-fiscal-german-juarez-video-noticia/,Segunda audiencia será el 4 de noviembre a las 9 de la mañana. Vizcarra se sienta en el banquillo de los acusados por supuestamente recibir sobornos de S/ 2.3 millones. La fiscalía pide 15 años contra el exmandatario por caso Lomas de Ilo y Hospital de Moquegua.,"Martín Vizcarra, Ministerio Público, Poder Judicial"
El Comercio,2024-10-22T19:20:48.331Z,Dina Boluarte: así se desarrolló la conferencia de prensa en Palacio de Gobierno | VIDEO,Redacción EC,https://elcomercio.pe/politica/actualidad/dina-boluarte-rompe-su-silencio-ministros-del-gabinete-de-gustavo-adrianzen-conferencia-de-prensa-presentan-balance-de-gestion-palacio-de-gobierno-ultimas-noticia/,"Respondiendo a la prensa, en momentos con ironía, Dina Boluarte respaldó a su ministro del Interior, Juan José Santiváñez, pese al desborde de la violencia, las extorsiones y el sicariato y además minimizó su alta desaprobación que supera el 90%.","Dina Boluarte, Gustavo Adrianzén"
El Comercio,2024-10-22T18:25:00Z,Alejandro Toledo es condenado a más de 20 años de prisión: fechas claves del Caso Interoceánica ,Thalía Cadenas,https://elcomercio.pe/politica/alejandro-toledo-es-condenado-a-mas-de-20-anos-de-prision-fechas-claves-del-caso-interoceanica-odebrecht-lava-jato-alejandro-toledo-hoy-noticia/,El Poder Judicial lo halló responsable de recibir una coima de más de US$ 30 millones por parte de la empresa Odebrecht a cambio de las licitaciones para los tramos 2 y 3 de la carretera Interoceánica. ,"Alejandro Toledo, Odebrecht, extradición"
El Comercio,2024-10-22T13:12:25.116Z,Alejandro Toledo: expresidente fue sentenciado a 20 años de cárcel por corrupción en el marco del Caso Odebrecht  ,Karem Barboza Quiroz,https://elcomercio.pe/politica/justicia/en-vivo-alejandro-toledo-poder-judicial-dicta-este-lunes-sentencia-por-caso-interoceanica-sur-odebrecht-jorge-barata-eliane-karp-noticia/,"En primera instancia, se le impuso nueve años de cárcel por colusión y 11 años y seis meses por lavado de activos.","Alejandro Toledo, Odebrecht, Caso Interoceánica Sur, Jorge Barata, Eliane Karp, Poder Judicial"
El Comercio,2024-10-22T11:59:39.594Z,Poder Judicial dictó 20 años y seis meses de prisión contra Alejandro Toledo por caso Interoceánica Sur ,Karem Barboza Quiroz,https://elcomercio.pe/politica/justicia/alejandro-toledo-en-vivo-hoy-expresidente-conoce-sentencia-este-21-de-octubre-por-caso-interoceanica-sur-odebrecht-lbposting-noticia/,El expresidente fue hallado responsable de los delitos de colusión agravada y lavado de activos. Tribunal asumió el pedido fiscal de dicha pena para el exgobernante de 78 años. ,"Alejandro Toledo, Caso Interoceánica Sur, Poder Judicial, Ministerio Público, Odebrecht"
El Comercio,2024-10-15T23:06:29.872Z,Alejandro Toledo: Juicio por caso Interoceánica seguirá este miércoles 16 con alegatos finales,Redacción EC,https://elcomercio.pe/politica/justicia/alejandro-toledo-juicio-por-caso-interoceanica-sur-odebrecht-jose-domingo-perez-josef-maiman-poder-judicial-ultimas-noticia/,El fiscal José Domingo Pérez reiteró su pedido de 20 años de prisión contra el expresidente por el cobro de coimas a Odebrecht.,"Alejandro Toledo, Caso Interoceánica, Caso Interoceánica Sur, Poder Judicial, Odebrecht"
El Comercio,2024-09-19T02:20:17.698Z,Congreso salva de máxima sanción a Juan Carlos Lizarzaburu y Flores Ancachi y solo los suspende por 30 días,Martín Calderón,https://elcomercio.pe/politica/congreso/mochasueldos-congreso-etica-vivo-pleno-informe-suspende-dias-juan-carlos-lizarzaburu-jorge-flores-ancachi-y-katy-ugarte-frases-misoginas-video-noticia/,"También suspende por solo 30 días a la congresista Katy Ugarte, acusada de recortar el sueldo a sus trabajadores.","Congreso, Juan Carlos Lizarzaburu, Patricia Juárez, Jorge Flores Ancachi, Mochasueldos, Comisión de Ética"
El Comercio,2024-09-14T21:16:05.946Z,Alberto Fujimori: los detalles del homenaje póstumo y del sepelio en Huachipa,Thalía Cadenas,https://elcomercio.pe/politica/actualidad/entierro-de-alberto-fujimori-en-vivo-ultima-hora-de-funerales-del-expresidente-del-peru-que-murio-a-los-86-anos-en-directo-keiko-fujimori-kenyi-hijos-fuerza-popular-noticia/,En Palacio de Gobierno se rindieron honores póstumos de exmandatario en una ceremonia encabezada por la presidenta Dina Boluarte. Participaron también sus ministros. Previamente se realizó una misa en San Borja.,"Alberto Fujimori, Fuerza Popular, Expresidente de Perú, Keiko Fujimori, Kenji Fujimori, Alberto Fujimori murió"
El Comercio,2024-09-14T21:05:04.073Z,Funeral de Alberto Fujimori: restos del expresidente fueron sepultados en Campo Fe de Huachipa,Redacción EC,https://elcomercio.pe/politica/actualidad/alberto-fujimori-entierro-en-vivo-hoy-ultima-noticias-de-los-funerales-del-expresidente-del-peru-en-directo-keiko-fujimori-kenyi-fujimori-fuerza-popular-lbposting-noticia/,"Los restos de Alberto Fujimori fueron enterrados en el cementerio Campo Fe de Huachipa con la presencia de  sus hijos Keiko, Sanchi y Kenji Fujimori, con la compañía de congresistas de Fuerza Popular.","Alberto Fujimori, Murió Alberto Fujimori, Expresidente del Perú, Keiko Fujimori, Fuerza Popular, Kenyi Fujimori"
El Comercio,2024-09-14T02:41:40.013Z,Alberto Fujimori: restos del expresidente son velados en el Ministerio de Cultura ,Redacción EC,https://elcomercio.pe/politica/actualidad/ultimo-minuto-sobre-alberto-fujimori-expresidente-murio-a-los-86-anos-noticias-reacciones-y-mas-informacion-en-vivo-lbposting-noticia/,"Expresidente del Perú (1990-2000) falleció tras sufrir diversas complicaciones en su estado de salud, así lo confirmó su hija Keiko. Tenía 86 años.  Conoce todas las reacciones y las últimas noticias en esta nota de El Comercio. ","Alberto Fujimori, Keiko Fujimori, Fuerza Popular, Murió Alberto Fujimori"
El Comercio,2024-09-12T13:42:49.806Z,Alberto Fujimori murió a los 86 años: ¿por qué se resquebrajó su salud?  ,Sebastian Ortiz Martínez,https://elcomercio.pe/politica/actualidad/alberto-fujimori-murio-expresidente-del-peru-fallecio-a-los-86-anos-de-edad-fuerza-popular-keiko-kenyi-barrios-altos-cantuta-vladimiro-montesinos-noticia/,"El exmandatario gobernó el país entre 1990 y 2000. Fue condenado a prisión por las matanzas de Barrios Altos y La Cantuta. Fuentes cercanas a Palacio de Gobierno indicaron que “seguirán estrictamente los protocolos fijados por la cancillería”. Es decir, le rendirán honores de Estado a Fujimori.  ","Alberto Fujimori, Keiko Fujimori, Fuerza Popular, Congreso de la República, Kenji Fujimori"
El Comercio,2024-09-12T13:34:02.809Z,Falleció Alberto Fujimori: las últimas horas del ex presidente,Sebastian Ortiz Martínez,https://elcomercio.pe/politica/actualidad/alberto-fujimori-grave-todo-lo-que-se-sabe-sobre-el-estado-de-salud-de-expresidente-del-peru-es-critico-a-sus-86-anos-de-edad-fuerza-popular-keiko-kenyi-barrios-altos-cantuta-noticia/,Fuentes de El Comercio indicaron que desde hace una semana el exmandatario se encontraba delicado de salud. ,"Alberto Fujimori, Keiko Fujimori, Fuerza Popular, Congreso de la República, Kenji Fujimori"
El Comercio,2024-09-11T20:09:26.868Z,"Miguel Torres sobre Alberto Fujimori: “Está delicado, está pasando por un momento difícil”",Redacción EC,https://elcomercio.pe/politica/actualidad/alberto-fujimori-miguel-torres-esta-delicado-esta-pasando-por-un-momento-dificil-fuerza-popular-keiko-fujimori-ultimas-noticia/,El vocero de Fuerza Popular comentó sobre el estado de salud del expresidente desde las afueras de la casa donde permanece en San Borja.,"Alberto Fujimori, Miguel Torres"
El Comercio,2024-09-09T19:24:17.575Z,Canciller Elmer Schialer: así fue la presentación del ministro ante la Comisión de Relaciones Exteriores del Congreso ,Thalía Cadenas,https://elcomercio.pe/politica/venezuela-en-vivo-canciller-elmer-schialer-se-presenta-ante-comision-de-relaciones-exteriores-del-congreso-noticia/,"“Jamás estaremos de lado de dictadores ni de gobiernos dictatoriales”, exclama el ministro de Relaciones Exteriores quien fue citado por el Congreso en medio de los cuestionamientos que despertaron sus declaraciones iniciales sobre Venezuela.","Elmer Schialer, Cancillería, Congreso, Comisión de Relaciones Exteriores"
El Comercio,2024-09-06T21:04:42.911Z,Ministro Juan José Santiváñez y capitán Junior Izquierdo se presentaron ante el Congreso por supuestos audios,Redacción EC,https://elcomercio.pe/politica/congreso/juan-jose-santivanez-comision-de-fiscalizacion-capitan-pnp-junior-izquierdo-audios-vladimir-cerron-ministerio-del-interior-congreso-de-la-republica-ultimas-noticia/,"“No tengo rabo de paja (...) a diferencia de la persona que pretende cuestionar mi integridad (...) Es falso, ese audio no contiene mi voz, no soy yo”. En tanto, capitán PNP Junior Izquierdo señaló que audios con Juan José Santiváñez “son originales”. ",Comisión de Fiscalización
El Comercio,2024-09-04T21:49:56.125Z,Congreso reprograma debate de informe para suspender por 120 días a Juan Carlos Lizarzaburu,Redacción EC,https://elcomercio.pe/politica/congreso/juan-carlos-lizarzaburu-congreso-informe-suspender-120-dias-a-legislador-por-frases-misoginas-contra-patricia-juarez-app-fuerza-popular-noticia/,El informe de la Comisión de Ética por las frases misóginas contra Patricia Juárez está pendiente de debatirse en el pleno desde enero. El 18 de setiembre es la nueva fecha anunciada.,"Juan Carlos Lizarzaburu, Congreso de la República, Comisión de Ética"
El Comercio,2024-08-30T16:17:32.63Z,Dina Boluarte: Análisis del mensaje a la Nación por Fiestas Patrias 2024,,https://elcomercio.pe/politica/dina-boluarte-segundo-discurso-como-presidenta-de-peru-28-de-julio-2024-especdis-noticia/,"Descubre la duración, palabras más empleadas y ejes temáticos. Un análisis detallado en este especial multimedia de El Comercio. ","Dina Boluarte, Perú, mensaje a la Nación, Fiestas Patrias, 28 de julio, Congreso de la República, mensaje a la nación 2024, discurso presidencial"
El Comercio,2024-08-29T21:31:33.628Z,"Más allá de las cifras: Comparamos los discursos de Boluarte, Castillo, Vizcarra, Kuczynski  y Humala",,https://elcomercio.pe/politica/discursos-presidenciales-dina-boluarte-pedro-castillo-martin-vizcarra-pedro-pablo-kuczynski-ollanta-humala-peru-28-de-julio-especdis-noticia/,"Comparamos la duración,  palabras más repetidas, ejes temáticos, propuestas de inversión y  proyectos de ley más relevantes.","Dina Boluarte, Pedro Pablo Kuczynski, Martín Vizcarra, Pedro Castillo, Perú, mensaje a la Nación, Fiestas Patrias, 28 de julio, Congreso de la República"
El Comercio,2024-08-29T17:44:04.587Z,José Luna Gálvez: PJ posterga hasta el 23 de setiembre audiencia sobre pedido para archivar delito de crimen organizado,Redacción EC,https://elcomercio.pe/politica/justicia/jose-luna-galvez-poder-judicial-archivo-o-no-delito-de-organizacion-criminal-podemos-peru-waldemar-cerron-vladimir-cerron-poder-judicial-noticia/,Legislador de Podemos busca ampararse en la ley sobre crimen organizado que promulgó el propio Congreso.,"José Luna Gálvez, Podemos Perú"
